Name,Path,Folder,Extension,Page Count,Page Count Source,Size (KB),Created,Modified,File ID,Duplicate
2024-03-26 Plf's Answers to LOC's 1st RFA's.pdf,Doe et al. v. Liberty Healthcare et al/01_Cody Richardson (JD1)/_PLEADINGS/2024-03-26 Plf's Answers to LOC's 1st RFA's.pdf,Doe et al. v. Liberty Healthcare et al/01_Cody Richardson (JD1)/_PLEADINGS,.pdf,8,pdf_parsed,135.3,3/18/26,3/18/26,2.16912E+12,No
2024-03-26 Plf's Answers to LOC's 1st Roggs.pdf,Doe et al. v. Liberty Healthcare et al/01_Cody Richardson (JD1)/_PLEADINGS/2024-03-26 Plf's Answers to LOC's 1st Roggs.pdf,Doe et al. v. Liberty Healthcare et al/01_Cody Richardson (JD1)/_PLEADINGS,.pdf,26,pdf_parsed,252.5,3/18/26,3/18/26,2.1691E+12,No
2024-03-26 Plf's Responses to LOCs 1st RFPs.pdf,Doe et al. v. Liberty Healthcare et al/00_All Cases/LIBERTY - Disc Resps/2024-03-26 Plf's Responses to LOCs 1st RFPs.pdf,Doe et al. v. Liberty Healthcare et al/00_All Cases/LIBERTY - Disc Resps,.pdf,21,pdf_parsed,186.1,3/18/26,3/18/26,2.16906E+12,Yes
2024-03-26 Plf's Responses to LOCs 1st RFPs.pdf,Doe et al. v. Liberty Healthcare et al/01_Cody Richardson (JD1)/_PLEADINGS/2024-03-26 Plf's Responses to LOCs 1st RFPs.pdf,Doe et al. v. Liberty Healthcare et al/01_Cody Richardson (JD1)/_PLEADINGS,.pdf,21,pdf_parsed,186.1,3/18/26,3/18/26,2.16911E+12,Yes
2024-04-12 LOC's Responses to Plaintiff's First Discovery Requests [CJ-23-6934].pdf,Doe et al. v. Liberty Healthcare et al/00_All Cases/LIBERTY - Disc Resps/2024-04-12 LOC's Responses to Plaintiff's First Discovery Requests [CJ-23-6934].pdf,Doe et al. v. Liberty Healthcare et al/00_All Cases/LIBERTY - Disc Resps,.pdf,28,pdf_parsed,362.2,3/18/26,3/18/26,2.16907E+12,Yes
2024-04-12 LOC's Responses to Plaintiff's First Discovery Requests [CJ-23-6934].pdf,Doe et al. v. Liberty Healthcare et al/00_All Cases/_PLEADINGS/2024-04-12 LOC's Responses to Plaintiff's First Discovery Requests [CJ-23-6934].pdf,Doe et al. v. Liberty Healthcare et al/00_All Cases/_PLEADINGS,.pdf,28,pdf_parsed,362.2,3/18/26,3/18/26,2.16906E+12,Yes
2024-04-12 LOC's Responses to Plaintiff's First Discovery Requests.PDF,Doe et al. v. Liberty Healthcare et al/00_All Cases/LIBERTY - Disc Resps/2024-04-12 LOC's Responses to Plaintiff's First Discovery Requests.PDF,Doe et al. v. Liberty Healthcare et al/00_All Cases/LIBERTY - Disc Resps,.pdf,28,pdf_parsed,367.6,3/18/26,3/18/26,2.16907E+12,No
2024-10-24 Liberty Responses to Plaintiff's Amended Third Discovery Requests.pdf,Doe et al. v. Liberty Healthcare et al/00_All Cases/LIBERTY - Disc Resps/2024-10-24 Liberty Responses to Plaintiff's Amended Third Discovery Requests.pdf,Doe et al. v. Liberty Healthcare et al/00_All Cases/LIBERTY - Disc Resps,.pdf,7,pdf_parsed,221,3/18/26,3/18/26,2.16907E+12,Yes
2024-10-24 Liberty Responses to Plaintiff's Amended Third Discovery Requests.pdf,Doe et al. v. Liberty Healthcare et al/00_All Cases/_PLEADINGS/2024-10-24 Liberty Responses to Plaintiff's Amended Third Discovery Requests.pdf,Doe et al. v. Liberty Healthcare et al/00_All Cases/_PLEADINGS,.pdf,7,pdf_parsed,221,3/18/26,3/18/26,2.16907E+12,Yes
2024-10-30 Liberty Responses to Plaintiff's Amended Fourth Discovery Requets.pdf,Doe et al. v. Liberty Healthcare et al/00_All Cases/LIBERTY - Disc Resps/2024-10-30 Liberty Responses to Plaintiff's Amended Fourth Discovery Requets.pdf,Doe et al. v. Liberty Healthcare et al/00_All Cases/LIBERTY - Disc Resps,.pdf,11,pdf_parsed,226.3,3/18/26,3/18/26,2.16906E+12,Yes
2024-10-30 Liberty Responses to Plaintiff's Amended Fourth Discovery Requets.pdf,Doe et al. v. Liberty Healthcare et al/00_All Cases/_PLEADINGS/2024-10-30 Liberty Responses to Plaintiff's Amended Fourth Discovery Requets.pdf,Doe et al. v. Liberty Healthcare et al/00_All Cases/_PLEADINGS,.pdf,11,pdf_parsed,226.3,3/18/26,3/18/26,2.16907E+12,Yes
2024-11-01 Tatro's Responses to Pl's First Discovery.pdf,Doe et al. v. Liberty Healthcare et al/00_All Cases/LIBERTY - Disc Resps/2024-11-01 Tatro's Responses to Pl's First Discovery.pdf,Doe et al. v. Liberty Healthcare et al/00_All Cases/LIBERTY - Disc Resps,.pdf,16,pdf_parsed,280.8,3/18/26,3/18/26,2.16907E+12,No
2024-11-04 Huhman's Responses to Pl's First Discovery.pdf,Doe et al. v. Liberty Healthcare et al/00_All Cases/LIBERTY - Disc Resps/2024-11-04 Huhman's Responses to Pl's First Discovery.pdf,Doe et al. v. Liberty Healthcare et al/00_All Cases/LIBERTY - Disc Resps,.pdf,16,pdf_parsed,233.7,3/18/26,3/18/26,2.16907E+12,No
2024-11-07 Sage's Responses to Pl's First Discovery.pdf,Doe et al. v. Liberty Healthcare et al/00_All Cases/LIBERTY - Disc Resps/2024-11-07 Sage's Responses to Pl's First Discovery.pdf,Doe et al. v. Liberty Healthcare et al/00_All Cases/LIBERTY - Disc Resps,.pdf,15,pdf_parsed,279.2,3/18/26,3/18/26,2.16906E+12,No
2024-11-20 Liberty Defendants Amended Written Responses to Plaintiffs Amended Fourth Set of Discovery Requests.pdf,Doe et al. v. Liberty Healthcare et al/00_All Cases/LIBERTY - Disc Resps/2024-11-20 Liberty Defendants Amended Written Responses to Plaintiffs Amended Fourth Set of Discovery Requests.pdf,Doe et al. v. Liberty Healthcare et al/00_All Cases/LIBERTY - Disc Resps,.pdf,12,pdf_parsed,230.7,3/18/26,3/18/26,2.16906E+12,Yes
2024-11-20 Liberty Defendants Amended Written Responses to Plaintiffs Amended Fourth Set of Discovery Requests.pdf,Doe et al. v. Liberty Healthcare et al/00_All Cases/_PLEADINGS/2024-11-20 Liberty Defendants Amended Written Responses to Plaintiffs Amended Fourth Set of Discovery Requests.pdf,Doe et al. v. Liberty Healthcare et al/00_All Cases/_PLEADINGS,.pdf,12,pdf_parsed,230.7,3/18/26,3/18/26,2.16906E+12,Yes
2024-11-20 Tatro's 1st RFP to Pl John Doe 2B MacArthur Finley.pdf,Doe et al. v. Liberty Healthcare et al/02b_MacArthur Finley (JD2B)/_PLEADINGS/2024-11-20 Tatro's 1st RFP to Pl John Doe 2B MacArthur Finley.pdf,Doe et al. v. Liberty Healthcare et al/02b_MacArthur Finley (JD2B)/_PLEADINGS,.pdf,4,pdf_parsed,124,3/18/26,3/18/26,2.1691E+12,No
2024-11-20 Tatro's 1st Roggs to Pl John Doe 2B MacArthur Finley.pdf,Doe et al. v. Liberty Healthcare et al/02b_MacArthur Finley (JD2B)/_PLEADINGS/2024-11-20 Tatro's 1st Roggs to Pl John Doe 2B MacArthur Finley.pdf,Doe et al. v. Liberty Healthcare et al/02b_MacArthur Finley (JD2B)/_PLEADINGS,.pdf,6,pdf_parsed,142.5,3/18/26,3/18/26,2.1691E+12,No
2024-12-09 Plaintiff's Answers to LOC's 1st Roggs (Theodore Clark).pdf,Doe et al. v. Liberty Healthcare et al/03b_Theodore Clark (JD3B)/_PLEADINGS/2024-12-09 Plaintiff's Answers to LOC's 1st Roggs (Theodore Clark).pdf,Doe et al. v. Liberty Healthcare et al/03b_Theodore Clark (JD3B)/_PLEADINGS,.pdf,34,pdf_parsed,359.4,3/18/26,3/18/26,2.16906E+12,No
2024-12-09 Plaintiff's Responses to LOCs 1st RFPs (Theodore Clark).pdf,Doe et al. v. Liberty Healthcare et al/00_All Cases/LIBERTY - Disc Resps/2024-12-09 Plaintiff's Responses to LOCs 1st RFPs (Theodore Clark).pdf,Doe et al. v. Liberty Healthcare et al/00_All Cases/LIBERTY - Disc Resps,.pdf,17,pdf_parsed,175.4,3/18/26,3/18/26,2.16907E+12,Yes
2024-12-09 Plaintiff's Responses to LOCs 1st RFPs (Theodore Clark).pdf,Doe et al. v. Liberty Healthcare et al/03b_Theodore Clark (JD3B)/_PLEADINGS/2024-12-09 Plaintiff's Responses to LOCs 1st RFPs (Theodore Clark).pdf,Doe et al. v. Liberty Healthcare et al/03b_Theodore Clark (JD3B)/_PLEADINGS,.pdf,17,pdf_parsed,175.4,3/18/26,3/18/26,2.16906E+12,Yes
2024-12-13 Plf's Answers to LOC'S 1st RFAs (Mac Arthur Finley).pdf,Doe et al. v. Liberty Healthcare et al/02b_MacArthur Finley (JD2B)/_PLEADINGS/2024-12-13 Plf's Answers to LOC'S 1st RFAs (Mac Arthur Finley).pdf,Doe et al. v. Liberty Healthcare et al/02b_MacArthur Finley (JD2B)/_PLEADINGS,.pdf,8,pdf_parsed,137.6,3/18/26,3/18/26,2.1691E+12,No
2024-12-13 Plf's Answers to LOC's 1st ROGs (Mac Arthur Finley).pdf,Doe et al. v. Liberty Healthcare et al/02b_MacArthur Finley (JD2B)/_PLEADINGS/2024-12-13 Plf's Answers to LOC's 1st ROGs (Mac Arthur Finley).pdf,Doe et al. v. Liberty Healthcare et al/02b_MacArthur Finley (JD2B)/_PLEADINGS,.pdf,29,pdf_parsed,289.5,3/18/26,3/18/26,2.1691E+12,No
2024-12-13 Plf's Responses to LOCs 1st RFPs (Mac Arthur Finley).pdf,Doe et al. v. Liberty Healthcare et al/00_All Cases/LIBERTY - Disc Resps/2024-12-13 Plf's Responses to LOCs 1st RFPs (Mac Arthur Finley).pdf,Doe et al. v. Liberty Healthcare et al/00_All Cases/LIBERTY - Disc Resps,.pdf,20,pdf_parsed,184.8,3/18/26,3/18/26,2.16907E+12,Yes
2024-12-13 Plf's Responses to LOCs 1st RFPs (Mac Arthur Finley).pdf,Doe et al. v. Liberty Healthcare et al/02b_MacArthur Finley (JD2B)/_PLEADINGS/2024-12-13 Plf's Responses to LOCs 1st RFPs (Mac Arthur Finley).pdf,Doe et al. v. Liberty Healthcare et al/02b_MacArthur Finley (JD2B)/_PLEADINGS,.pdf,20,pdf_parsed,184.8,3/18/26,3/18/26,2.1691E+12,Yes
2024-12-23 Answers of Jane Doe 4b (Caitlin Spradling) to Def. Tatro's 1st Roggs.pdf,Doe et al. v. Liberty Healthcare et al/04b_Caitlin Spradling (Jane Doe 4B)/_PLEADINGS/2024-12-23 Answers of Jane Doe 4b (Caitlin Spradling) to Def. Tatro's 1st Roggs.pdf,Doe et al. v. Liberty Healthcare et al/04b_Caitlin Spradling (Jane Doe 4B)/_PLEADINGS,.pdf,18,pdf_parsed,715.1,3/18/26,3/18/26,2.16909E+12,No
2024-12-23 Answers of Jane Doe 5b (Mickey McDade) to Def. Tatro's 1st Roggs.pdf,Doe et al. v. Liberty Healthcare et al/05_Mickey McDade (Jane Doe 5)/_PLEADINGS/2024-12-23 Answers of Jane Doe 5b (Mickey McDade) to Def. Tatro's 1st Roggs.pdf,Doe et al. v. Liberty Healthcare et al/05_Mickey McDade (Jane Doe 5)/_PLEADINGS,.pdf,18,pdf_parsed,739,3/18/26,3/18/26,2.16905E+12,No
2024-12-23 Answers of Jane Doe 7b (Launa Richardson) to Def. Tatro's 1st Roggs.pdf,Doe et al. v. Liberty Healthcare et al/07b_Launa Richardson (Jane Doe 7B)/_PLEADINGS/2024-12-23 Answers of Jane Doe 7b (Launa Richardson) to Def. Tatro's 1st Roggs.pdf,Doe et al. v. Liberty Healthcare et al/07b_Launa Richardson (Jane Doe 7B)/_PLEADINGS,.pdf,18,pdf_parsed,738.9,3/18/26,3/18/26,2.16905E+12,No
2024-12-23 Answers of John Doe 1 (Cody Richardson) to Def. Tatro's 1st Roggs.pdf,Doe et al. v. Liberty Healthcare et al/01_Cody Richardson (JD1)/_PLEADINGS/2024-12-23 Answers of John Doe 1 (Cody Richardson) to Def. Tatro's 1st Roggs.pdf,Doe et al. v. Liberty Healthcare et al/01_Cody Richardson (JD1)/_PLEADINGS,.pdf,21,pdf_parsed,737.8,3/18/26,3/18/26,2.16909E+12,No
2024-12-23 Answers of John Doe 3B (Theodore Clark) to Def. Tatro's 1st Roggs.pdf,Doe et al. v. Liberty Healthcare et al/03b_Theodore Clark (JD3B)/_PLEADINGS/2024-12-23 Answers of John Doe 3B (Theodore Clark) to Def. Tatro's 1st Roggs.pdf,Doe et al. v. Liberty Healthcare et al/03b_Theodore Clark (JD3B)/_PLEADINGS,.pdf,21,pdf_parsed,737.4,3/18/26,3/18/26,2.16906E+12,No
2024-12-23 Answers of John Doe 4 (Dakota Norman) to Def. Tatro's 1st Roggs.pdf,Doe et al. v. Liberty Healthcare et al/04_Dakota Norman (John Doe 4)/_PLEADINGS/2024-12-23 Answers of John Doe 4 (Dakota Norman) to Def. Tatro's 1st Roggs.pdf,Doe et al. v. Liberty Healthcare et al/04_Dakota Norman (John Doe 4)/_PLEADINGS,.pdf,17,pdf_parsed,712.5,3/18/26,3/18/26,2.16907E+12,No
2024-12-23 Answers of John Doe 5B (Noah Zoellner) to Def. Tatro's 1st Roggs.pdf,Doe et al. v. Liberty Healthcare et al/05b_Noah Zoellner (JD5B)/_PLEADINGS/2024-12-23 Answers of John Doe 5B (Noah Zoellner) to Def. Tatro's 1st Roggs.pdf,Doe et al. v. Liberty Healthcare et al/05b_Noah Zoellner (JD5B)/_PLEADINGS,.pdf,18,pdf_parsed,715.7,3/18/26,3/18/26,2.16908E+12,No
2024-12-23 Answers of John Doe 6b (Nathan S..) to Def. Tatro's 1st Roggs.pdf,Doe et al. v. Liberty Healthcare et al/06b_Nathan Stinnett (John Doe 6B)/_PLEADINGS/2024-12-23 Answers of John Doe 6b (Nathan S..) to Def. Tatro's 1st Roggs.pdf,Doe et al. v. Liberty Healthcare et al/06b_Nathan Stinnett (John Doe 6B)/_PLEADINGS,.pdf,18,pdf_parsed,739.1,3/18/26,3/18/26,2.1691E+12,No
2024-12-23 Answers of John Doe 7b (Richard Peters) to Def. Tatro's 1st Roggs.pdf,Doe et al. v. Liberty Healthcare et al/07b_Richard Peters (John Doe 7B)/_PLEADINGS/2024-12-23 Answers of John Doe 7b (Richard Peters) to Def. Tatro's 1st Roggs.pdf,Doe et al. v. Liberty Healthcare et al/07b_Richard Peters (John Doe 7B)/_PLEADINGS,.pdf,22,pdf_parsed,731.2,3/18/26,3/18/26,2.16907E+12,No
2024-12-23 Answers of John Doe 8B (Gage Luke) to Def. Tatro's 1st Roggs.pdf,Doe et al. v. Liberty Healthcare et al/08b_Gage Luke (John Doe 8B)/_PLEADINGS/2024-12-23 Answers of John Doe 8B (Gage Luke) to Def. Tatro's 1st Roggs.pdf,Doe et al. v. Liberty Healthcare et al/08b_Gage Luke (John Doe 8B)/_PLEADINGS,.pdf,18,pdf_parsed,715,3/18/26,3/18/26,2.16906E+12,No
2024-12-23 Answers of John Doe 9b (Robert Alba) to Def. Tatro's 1st Roggs.pdf,Doe et al. v. Liberty Healthcare et al/09b_Robert Alba (John Doe 9B)/_PLEADINGS/2024-12-23 Answers of John Doe 9b (Robert Alba) to Def. Tatro's 1st Roggs.pdf,Doe et al. v. Liberty Healthcare et al/09b_Robert Alba (John Doe 9B)/_PLEADINGS,.pdf,18,pdf_parsed,715.2,3/18/26,3/18/26,2.16907E+12,No
2024-12-23 Responses of Jane Doe 4b (Caitlin Spradling) to Def. Tatro's 1st RFPs.pdf,Doe et al. v. Liberty Healthcare et al/00_All Cases/LIBERTY - Disc Resps/2024-12-23 Responses of Jane Doe 4b (Caitlin Spradling) to Def. Tatro's 1st RFPs.pdf,Doe et al. v. Liberty Healthcare et al/00_All Cases/LIBERTY - Disc Resps,.pdf,6,pdf_parsed,648.3,3/18/26,3/18/26,2.16907E+12,Yes
2024-12-23 Responses of Jane Doe 4b (Caitlin Spradling) to Def. Tatro's 1st RFPs.pdf,Doe et al. v. Liberty Healthcare et al/04b_Caitlin Spradling (Jane Doe 4B)/_PLEADINGS/2024-12-23 Responses of Jane Doe 4b (Caitlin Spradling) to Def. Tatro's 1st RFPs.pdf,Doe et al. v. Liberty Healthcare et al/04b_Caitlin Spradling (Jane Doe 4B)/_PLEADINGS,.pdf,6,pdf_parsed,648.3,3/18/26,3/18/26,2.1691E+12,Yes
2024-12-23 Responses of Jane Doe 5b (Mickey McDade) to Def. Tatro's 1st RFPs.pdf,Doe et al. v. Liberty Healthcare et al/00_All Cases/LIBERTY - Disc Resps/2024-12-23 Responses of Jane Doe 5b (Mickey McDade) to Def. Tatro's 1st RFPs.pdf,Doe et al. v. Liberty Healthcare et al/00_All Cases/LIBERTY - Disc Resps,.pdf,6,pdf_parsed,649,3/18/26,3/18/26,2.16906E+12,Yes
2024-12-23 Responses of Jane Doe 5b (Mickey McDade) to Def. Tatro's 1st RFPs.pdf,Doe et al. v. Liberty Healthcare et al/05_Mickey McDade (Jane Doe 5)/_PLEADINGS/2024-12-23 Responses of Jane Doe 5b (Mickey McDade) to Def. Tatro's 1st RFPs.pdf,Doe et al. v. Liberty Healthcare et al/05_Mickey McDade (Jane Doe 5)/_PLEADINGS,.pdf,6,pdf_parsed,649,3/18/26,3/18/26,2.16905E+12,Yes
2024-12-23 Responses of Jane Doe 7b (Launa Richardson) to Def. Tatro's 1st RFPs.pdf,Doe et al. v. Liberty Healthcare et al/00_All Cases/LIBERTY - Disc Resps/2024-12-23 Responses of Jane Doe 7b (Launa Richardson) to Def. Tatro's 1st RFPs.pdf,Doe et al. v. Liberty Healthcare et al/00_All Cases/LIBERTY - Disc Resps,.pdf,6,pdf_parsed,648.9,3/18/26,3/18/26,2.16907E+12,Yes
2024-12-23 Responses of Jane Doe 7b (Launa Richardson) to Def. Tatro's 1st RFPs.pdf,Doe et al. v. Liberty Healthcare et al/07b_Launa Richardson (Jane Doe 7B)/_PLEADINGS/2024-12-23 Responses of Jane Doe 7b (Launa Richardson) to Def. Tatro's 1st RFPs.pdf,Doe et al. v. Liberty Healthcare et al/07b_Launa Richardson (Jane Doe 7B)/_PLEADINGS,.pdf,6,pdf_parsed,648.9,3/18/26,3/18/26,2.16906E+12,Yes
2024-12-23 Responses of John Doe 1 (Cody Richardson) to Def. Tatro's 1st RFPs.pdf,Doe et al. v. Liberty Healthcare et al/00_All Cases/LIBERTY - Disc Resps/2024-12-23 Responses of John Doe 1 (Cody Richardson) to Def. Tatro's 1st RFPs.pdf,Doe et al. v. Liberty Healthcare et al/00_All Cases/LIBERTY - Disc Resps,.pdf,6,pdf_parsed,647.6,3/18/26,3/18/26,2.16906E+12,Yes
2024-12-23 Responses of John Doe 1 (Cody Richardson) to Def. Tatro's 1st RFPs.pdf,Doe et al. v. Liberty Healthcare et al/01_Cody Richardson (JD1)/_PLEADINGS/2024-12-23 Responses of John Doe 1 (Cody Richardson) to Def. Tatro's 1st RFPs.pdf,Doe et al. v. Liberty Healthcare et al/01_Cody Richardson (JD1)/_PLEADINGS,.pdf,6,pdf_parsed,647.6,3/18/26,3/18/26,2.1691E+12,Yes
2024-12-23 Responses of John Doe 2b (Mac Finley) to Def. Tatro's 1st RFPs.pdf,Doe et al. v. Liberty Healthcare et al/00_All Cases/LIBERTY - Disc Resps/2024-12-23 Responses of John Doe 2b (Mac Finley) to Def. Tatro's 1st RFPs.pdf,Doe et al. v. Liberty Healthcare et al/00_All Cases/LIBERTY - Disc Resps,.pdf,6,pdf_parsed,647.9,3/18/26,3/18/26,2.16907E+12,No
2024-12-23 Responses of John Doe 3B (Theo Clark) to Def. Tatro's 1st RFPs.pdf,Doe et al. v. Liberty Healthcare et al/00_All Cases/LIBERTY - Disc Resps/2024-12-23 Responses of John Doe 3B (Theo Clark) to Def. Tatro's 1st RFPs.pdf,Doe et al. v. Liberty Healthcare et al/00_All Cases/LIBERTY - Disc Resps,.pdf,6,pdf_parsed,648.8,3/18/26,3/18/26,2.16907E+12,No
2024-12-23 Responses of John Doe 3B (Theodore Clark) to Def. Tatro's 1st RFPs.pdf,Doe et al. v. Liberty Healthcare et al/03b_Theodore Clark (JD3B)/_PLEADINGS/2024-12-23 Responses of John Doe 3B (Theodore Clark) to Def. Tatro's 1st RFPs.pdf,Doe et al. v. Liberty Healthcare et al/03b_Theodore Clark (JD3B)/_PLEADINGS,.pdf,6,pdf_parsed,648.8,3/18/26,3/18/26,2.16906E+12,No
2024-12-23 Responses of John Doe 5B (Noah Zoellner) to Def. Tatro's 1st RFPs.pdf,Doe et al. v. Liberty Healthcare et al/00_All Cases/LIBERTY - Disc Resps/2024-12-23 Responses of John Doe 5B (Noah Zoellner) to Def. Tatro's 1st RFPs.pdf,Doe et al. v. Liberty Healthcare et al/00_All Cases/LIBERTY - Disc Resps,.pdf,6,pdf_parsed,648.9,3/18/26,3/18/26,2.16907E+12,Yes
2024-12-23 Responses of John Doe 5B (Noah Zoellner) to Def. Tatro's 1st RFPs.pdf,Doe et al. v. Liberty Healthcare et al/05b_Noah Zoellner (JD5B)/_PLEADINGS/2024-12-23 Responses of John Doe 5B (Noah Zoellner) to Def. Tatro's 1st RFPs.pdf,Doe et al. v. Liberty Healthcare et al/05b_Noah Zoellner (JD5B)/_PLEADINGS,.pdf,6,pdf_parsed,648.9,3/18/26,3/18/26,2.16907E+12,Yes
2024-12-23 Responses of John Doe 6b (Nathan Stinnett) to Def. Tatro's 1st RFPs.pdf,Doe et al. v. Liberty Healthcare et al/00_All Cases/LIBERTY - Disc Resps/2024-12-23 Responses of John Doe 6b (Nathan Stinnett) to Def. Tatro's 1st RFPs.pdf,Doe et al. v. Liberty Healthcare et al/00_All Cases/LIBERTY - Disc Resps,.pdf,6,pdf_parsed,648.8,3/18/26,3/18/26,2.16906E+12,Yes
2024-12-23 Responses of John Doe 6b (Nathan Stinnett) to Def. Tatro's 1st RFPs.pdf,Doe et al. v. Liberty Healthcare et al/06b_Nathan Stinnett (John Doe 6B)/_PLEADINGS/2024-12-23 Responses of John Doe 6b (Nathan Stinnett) to Def. Tatro's 1st RFPs.pdf,Doe et al. v. Liberty Healthcare et al/06b_Nathan Stinnett (John Doe 6B)/_PLEADINGS,.pdf,6,pdf_parsed,648.8,3/18/26,3/18/26,2.1691E+12,Yes
2024-12-23 Responses of John Doe 7b (Richard Peters) to Def. Tatro's 1st RFPs.pdf,Doe et al. v. Liberty Healthcare et al/00_All Cases/LIBERTY - Disc Resps/2024-12-23 Responses of John Doe 7b (Richard Peters) to Def. Tatro's 1st RFPs.pdf,Doe et al. v. Liberty Healthcare et al/00_All Cases/LIBERTY - Disc Resps,.pdf,6,pdf_parsed,648.7,3/18/26,3/18/26,2.16907E+12,Yes
2024-12-23 Responses of John Doe 7b (Richard Peters) to Def. Tatro's 1st RFPs.pdf,Doe et al. v. Liberty Healthcare et al/07b_Richard Peters (John Doe 7B)/_PLEADINGS/2024-12-23 Responses of John Doe 7b (Richard Peters) to Def. Tatro's 1st RFPs.pdf,Doe et al. v. Liberty Healthcare et al/07b_Richard Peters (John Doe 7B)/_PLEADINGS,.pdf,6,pdf_parsed,648.7,3/18/26,3/18/26,2.16908E+12,Yes
2024-12-23 Responses of John Doe 8B (Gage Luke) to Def. Tatro's 1st RFPs.pdf,Doe et al. v. Liberty Healthcare et al/00_All Cases/LIBERTY - Disc Resps/2024-12-23 Responses of John Doe 8B (Gage Luke) to Def. Tatro's 1st RFPs.pdf,Doe et al. v. Liberty Healthcare et al/00_All Cases/LIBERTY - Disc Resps,.pdf,6,pdf_parsed,648.4,3/18/26,3/18/26,2.16906E+12,Yes
2024-12-23 Responses of John Doe 8B (Gage Luke) to Def. Tatro's 1st RFPs.pdf,Doe et al. v. Liberty Healthcare et al/08b_Gage Luke (John Doe 8B)/_PLEADINGS/2024-12-23 Responses of John Doe 8B (Gage Luke) to Def. Tatro's 1st RFPs.pdf,Doe et al. v. Liberty Healthcare et al/08b_Gage Luke (John Doe 8B)/_PLEADINGS,.pdf,6,pdf_parsed,648.4,3/18/26,3/18/26,2.16907E+12,Yes
2024-12-23 Responses of John Doe 9b (Robert Alba) to Def. Tatro's 1st RFPs.pdf,Doe et al. v. Liberty Healthcare et al/00_All Cases/LIBERTY - Disc Resps/2024-12-23 Responses of John Doe 9b (Robert Alba) to Def. Tatro's 1st RFPs.pdf,Doe et al. v. Liberty Healthcare et al/00_All Cases/LIBERTY - Disc Resps,.pdf,6,pdf_parsed,648.3,3/18/26,3/18/26,2.16907E+12,Yes
2024-12-23 Responses of John Doe 9b (Robert Alba) to Def. Tatro's 1st RFPs.pdf,Doe et al. v. Liberty Healthcare et al/09b_Robert Alba (John Doe 9B)/_PLEADINGS/2024-12-23 Responses of John Doe 9b (Robert Alba) to Def. Tatro's 1st RFPs.pdf,Doe et al. v. Liberty Healthcare et al/09b_Robert Alba (John Doe 9B)/_PLEADINGS,.pdf,6,pdf_parsed,648.3,3/18/26,3/18/26,2.16907E+12,Yes
2025-01-06 Plf's Answers to LOC's 1st Roggs (Richard Peters).pdf,Doe et al. v. Liberty Healthcare et al/07b_Richard Peters (John Doe 7B)/_PLEADINGS/2025-01-06 Plf's Answers to LOC's 1st Roggs (Richard Peters).pdf,Doe et al. v. Liberty Healthcare et al/07b_Richard Peters (John Doe 7B)/_PLEADINGS,.pdf,34,pdf_parsed,2641.7,3/18/26,3/18/26,2.16908E+12,No
2025-01-06 Plf's Responses to LOCs First RFPs (Richard Peters).pdf,Doe et al. v. Liberty Healthcare et al/00_All Cases/LIBERTY - Disc Resps/2025-01-06 Plf's Responses to LOCs First RFPs (Richard Peters).pdf,Doe et al. v. Liberty Healthcare et al/00_All Cases/LIBERTY - Disc Resps,.pdf,18,pdf_parsed,178.3,3/18/26,3/18/26,2.16906E+12,Yes
2025-01-06 Plf's Responses to LOCs First RFPs (Richard Peters).pdf,Doe et al. v. Liberty Healthcare et al/07b_Richard Peters (John Doe 7B)/_PLEADINGS/2025-01-06 Plf's Responses to LOCs First RFPs (Richard Peters).pdf,Doe et al. v. Liberty Healthcare et al/07b_Richard Peters (John Doe 7B)/_PLEADINGS,.pdf,18,pdf_parsed,178.3,3/18/26,3/18/26,2.16908E+12,Yes
2025-01-13 SUPP Plf's Answers to LOC's 1st Roggs (Theodore Clark).pdf,Doe et al. v. Liberty Healthcare et al/03b_Theodore Clark (JD3B)/_PLEADINGS/2025-01-13 SUPP Plf's Answers to LOC's 1st Roggs (Theodore Clark).pdf,Doe et al. v. Liberty Healthcare et al/03b_Theodore Clark (JD3B)/_PLEADINGS,.pdf,39,pdf_parsed,372.8,3/18/26,3/18/26,2.16906E+12,No
2025-01-13 SUPP Plf's Responses to LOCs 1st RFPs (Theodore Clark).pdf,Doe et al. v. Liberty Healthcare et al/00_All Cases/LIBERTY - Disc Resps/2025-01-13 SUPP Plf's Responses to LOCs 1st RFPs (Theodore Clark).pdf,Doe et al. v. Liberty Healthcare et al/00_All Cases/LIBERTY - Disc Resps,.pdf,19,pdf_parsed,210.8,3/18/26,3/18/26,2.16907E+12,Yes
2025-01-13 SUPP Plf's Responses to LOCs 1st RFPs (Theodore Clark).pdf,Doe et al. v. Liberty Healthcare et al/03b_Theodore Clark (JD3B)/_PLEADINGS/2025-01-13 SUPP Plf's Responses to LOCs 1st RFPs (Theodore Clark).pdf,Doe et al. v. Liberty Healthcare et al/03b_Theodore Clark (JD3B)/_PLEADINGS,.pdf,19,pdf_parsed,210.8,3/18/26,3/18/26,2.16907E+12,Yes
2025-02-03 Plaintiffs' Responses to Liberty Defendants' Interrogatories Related to Common Allegations.pdf,Doe et al. v. Liberty Healthcare et al/00_All Cases/LIBERTY - Disc Resps/2025-02-03 Plaintiffs' Responses to Liberty Defendants' Interrogatories Related to Common Allegations.pdf,Doe et al. v. Liberty Healthcare et al/00_All Cases/LIBERTY - Disc Resps,.pdf,101,pdf_parsed,2842.6,3/18/26,3/18/26,2.16906E+12,Yes
2025-02-03 Plaintiffs' Responses to Liberty Defendants' Interrogatories Related to Common Allegations.pdf,Doe et al. v. Liberty Healthcare et al/00_All Cases/_PLEADINGS/2025-02-03 Plaintiffs' Responses to Liberty Defendants' Interrogatories Related to Common Allegations.pdf,Doe et al. v. Liberty Healthcare et al/00_All Cases/_PLEADINGS,.pdf,101,pdf_parsed,2842.6,3/18/26,3/18/26,2.16906E+12,Yes
2025-02-12 LOC and LHC Responses to Plaintiff's Second Discovery Requests.pdf,Doe et al. v. Liberty Healthcare et al/00_All Cases/LIBERTY - Disc Resps/2025-02-12 LOC and LHC Responses to Plaintiff's Second Discovery Requests.pdf,Doe et al. v. Liberty Healthcare et al/00_All Cases/LIBERTY - Disc Resps,.pdf,10,pdf_parsed,241.7,3/18/26,3/18/26,2.16906E+12,No
2025-03-04 LHC Discovery Responses (CJ-23-6934) (John Does 10b and 11).pdf,Doe et al. v. Liberty Healthcare et al/00_All Cases/LIBERTY - Disc Resps/2025-03-04 LHC Discovery Responses (CJ-23-6934) (John Does 10b and 11).pdf,Doe et al. v. Liberty Healthcare et al/00_All Cases/LIBERTY - Disc Resps,.pdf,8,pdf_parsed,169.9,3/18/26,3/18/26,2.16906E+12,Yes
2025-03-04 LHC Discovery Responses (CJ-23-6934) (John Does 10b and 11).pdf,Doe et al. v. Liberty Healthcare et al/00_All Cases/_PLEADINGS/2025-03-04 LHC Discovery Responses (CJ-23-6934) (John Does 10b and 11).pdf,Doe et al. v. Liberty Healthcare et al/00_All Cases/_PLEADINGS,.pdf,8,pdf_parsed,169.9,3/18/26,3/18/26,2.16906E+12,Yes
2025-03-04 LOC Discovery Responses (CJ-23-6934) (John Does 10b and 11) (Final).pdf,Doe et al. v. Liberty Healthcare et al/00_All Cases/LIBERTY - Disc Resps/2025-03-04 LOC Discovery Responses (CJ-23-6934) (John Does 10b and 11) (Final).pdf,Doe et al. v. Liberty Healthcare et al/00_All Cases/LIBERTY - Disc Resps,.pdf,8,pdf_parsed,231.1,3/18/26,3/18/26,2.16907E+12,Yes
2025-03-04 LOC Discovery Responses (CJ-23-6934) (John Does 10b and 11) (Final).pdf,Doe et al. v. Liberty Healthcare et al/00_All Cases/_PLEADINGS/2025-03-04 LOC Discovery Responses (CJ-23-6934) (John Does 10b and 11) (Final).pdf,Doe et al. v. Liberty Healthcare et al/00_All Cases/_PLEADINGS,.pdf,8,pdf_parsed,231.1,3/18/26,3/18/26,2.16907E+12,Yes
2025-07-16 John Doe 1's Responses to Liberty Healthcare Corporation's First RFPs.pdf,Doe et al. v. Liberty Healthcare et al/00_All Cases/LIBERTY - Disc Resps/2025-07-16 John Doe 1's Responses to Liberty Healthcare Corporation's First RFPs.pdf,Doe et al. v. Liberty Healthcare et al/00_All Cases/LIBERTY - Disc Resps,.pdf,6,pdf_parsed,206.4,3/18/26,3/18/26,2.16906E+12,Yes
2025-07-16 John Doe 1's Responses to Liberty Healthcare Corporation's First RFPs.pdf,Doe et al. v. Liberty Healthcare et al/01_Cody Richardson (JD1)/_PLEADINGS/2025-07-16 John Doe 1's Responses to Liberty Healthcare Corporation's First RFPs.pdf,Doe et al. v. Liberty Healthcare et al/01_Cody Richardson (JD1)/_PLEADINGS,.pdf,6,pdf_parsed,206.4,3/18/26,3/18/26,2.1691E+12,Yes
2025-07-21 Defendants LHC & LOC's Responses to Plaintiff's Fifth Set of Discovery Requests.docx,Doe et al. v. Liberty Healthcare et al/00_All Cases/LIBERTY - Disc Resps/2025-07-21 Defendants LHC & LOC's Responses to Plaintiff's Fifth Set of Discovery Requests.docx,Doe et al. v. Liberty Healthcare et al/00_All Cases/LIBERTY - Disc Resps,.docx,N/A,N/A,52.8,3/18/26,3/18/26,2.16906E+12,No
2025-07-21 Defendants LHC & LOC's Responses to Plaintiff's Fifth Set of Discovery Requests.pdf,Doe et al. v. Liberty Healthcare et al/00_All Cases/LIBERTY - Disc Resps/2025-07-21 Defendants LHC & LOC's Responses to Plaintiff's Fifth Set of Discovery Requests.pdf,Doe et al. v. Liberty Healthcare et al/00_All Cases/LIBERTY - Disc Resps,.pdf,14,pdf_parsed,294.9,3/18/26,3/18/26,2.16907E+12,Yes
2025-07-21 Defendants LHC & LOC's Responses to Plaintiff's Fifth Set of Discovery Requests.pdf,Doe et al. v. Liberty Healthcare et al/00_All Cases/_PLEADINGS/2025-07-21 Defendants LHC & LOC's Responses to Plaintiff's Fifth Set of Discovery Requests.pdf,Doe et al. v. Liberty Healthcare et al/00_All Cases/_PLEADINGS,.pdf,14,pdf_parsed,294.9,3/18/26,3/18/26,2.16906E+12,Yes
2025-07-22 Defendants LHC and LOC's Supplemental Responses to Plaintiff's Fifth Set of Discovery.pdf,Doe et al. v. Liberty Healthcare et al/00_All Cases/LIBERTY - Disc Resps/2025-07-22 Defendants LHC and LOC's Supplemental Responses to Plaintiff's Fifth Set of Discovery.pdf,Doe et al. v. Liberty Healthcare et al/00_All Cases/LIBERTY - Disc Resps,.pdf,14,pdf_parsed,1073.3,3/18/26,3/18/26,2.16906E+12,Yes
2025-07-22 Defendants LHC and LOC's Supplemental Responses to Plaintiff's Fifth Set of Discovery.pdf,Doe et al. v. Liberty Healthcare et al/00_All Cases/_PLEADINGS/2025-07-22 Defendants LHC and LOC's Supplemental Responses to Plaintiff's Fifth Set of Discovery.pdf,Doe et al. v. Liberty Healthcare et al/00_All Cases/_PLEADINGS,.pdf,14,pdf_parsed,1073.3,3/18/26,3/18/26,2.16907E+12,Yes
2025-08-01 John Doe 11's Answers to Caywood's 1st Roggs (Richard Lott)(Final).pdf,Doe et al. v. Liberty Healthcare et al/11_Richard Lott (John Doe 11)/_PLEADINGS/2025-08-01 John Doe 11's Answers to Caywood's 1st Roggs (Richard Lott)(Final).pdf,Doe et al. v. Liberty Healthcare et al/11_Richard Lott (John Doe 11)/_PLEADINGS,.pdf,17,pdf_parsed,212.8,3/18/26,3/18/26,2.16907E+12,No
2025-08-01 John Doe 11's Answers to Gay's 1st Roggs (Richard Lott)(Final).pdf,Doe et al. v. Liberty Healthcare et al/11_Richard Lott (John Doe 11)/_PLEADINGS/2025-08-01 John Doe 11's Answers to Gay's 1st Roggs (Richard Lott)(Final).pdf,Doe et al. v. Liberty Healthcare et al/11_Richard Lott (John Doe 11)/_PLEADINGS,.pdf,17,pdf_parsed,212.1,3/18/26,3/18/26,2.16908E+12,No
2025-08-01 John Doe 11's Answers to Hemstreet's 1st Roggs (Richard Lott)(Final).pdf,Doe et al. v. Liberty Healthcare et al/11_Richard Lott (John Doe 11)/_PLEADINGS/2025-08-01 John Doe 11's Answers to Hemstreet's 1st Roggs (Richard Lott)(Final).pdf,Doe et al. v. Liberty Healthcare et al/11_Richard Lott (John Doe 11)/_PLEADINGS,.pdf,18,pdf_parsed,212.9,3/18/26,3/18/26,2.16908E+12,No
2025-08-01 John Doe 11's Answers to Huhman's 1st Roggs (Richard Lott)(Final).pdf,Doe et al. v. Liberty Healthcare et al/11_Richard Lott (John Doe 11)/_PLEADINGS/2025-08-01 John Doe 11's Answers to Huhman's 1st Roggs (Richard Lott)(Final).pdf,Doe et al. v. Liberty Healthcare et al/11_Richard Lott (John Doe 11)/_PLEADINGS,.pdf,37,pdf_parsed,304.8,3/18/26,3/18/26,2.16908E+12,No
2025-08-01 John Doe 11's Answers to Sage's 1st Roggs (Richard Lott)(Final).pdf,Doe et al. v. Liberty Healthcare et al/11_Richard Lott (John Doe 11)/_PLEADINGS/2025-08-01 John Doe 11's Answers to Sage's 1st Roggs (Richard Lott)(Final).pdf,Doe et al. v. Liberty Healthcare et al/11_Richard Lott (John Doe 11)/_PLEADINGS,.pdf,18,pdf_parsed,213.2,3/18/26,3/18/26,2.16908E+12,No
2025-08-01 John Doe 11's Answers to Tatro's 1st Roggs (Richard Lott)(Final).pdf,Doe et al. v. Liberty Healthcare et al/11_Richard Lott (John Doe 11)/_PLEADINGS/2025-08-01 John Doe 11's Answers to Tatro's 1st Roggs (Richard Lott)(Final).pdf,Doe et al. v. Liberty Healthcare et al/11_Richard Lott (John Doe 11)/_PLEADINGS,.pdf,21,pdf_parsed,239.4,3/18/26,3/18/26,2.16908E+12,No
2025-08-01 John Doe 11's Responses to Caywood's 1st RFPs (Richard Lott)(Final).pdf,Doe et al. v. Liberty Healthcare et al/00_All Cases/LIBERTY - Disc Resps/2025-08-01 John Doe 11's Responses to Caywood's 1st RFPs (Richard Lott)(Final).pdf,Doe et al. v. Liberty Healthcare et al/00_All Cases/LIBERTY - Disc Resps,.pdf,7,pdf_parsed,134.1,3/18/26,3/18/26,2.16907E+12,Yes
2025-08-01 John Doe 11's Responses to Caywood's 1st RFPs (Richard Lott)(Final).pdf,Doe et al. v. Liberty Healthcare et al/11_Richard Lott (John Doe 11)/_PLEADINGS/2025-08-01 John Doe 11's Responses to Caywood's 1st RFPs (Richard Lott)(Final).pdf,Doe et al. v. Liberty Healthcare et al/11_Richard Lott (John Doe 11)/_PLEADINGS,.pdf,7,pdf_parsed,134.1,3/18/26,3/18/26,2.16908E+12,Yes
2025-08-01 John Doe 11's Responses to Gay's 1st RFPs (Richard Lott)(Final).pdf,Doe et al. v. Liberty Healthcare et al/00_All Cases/LIBERTY - Disc Resps/2025-08-01 John Doe 11's Responses to Gay's 1st RFPs (Richard Lott)(Final).pdf,Doe et al. v. Liberty Healthcare et al/00_All Cases/LIBERTY - Disc Resps,.pdf,7,pdf_parsed,133.3,3/18/26,3/18/26,2.16907E+12,Yes
2025-08-01 John Doe 11's Responses to Gay's 1st RFPs (Richard Lott)(Final).pdf,Doe et al. v. Liberty Healthcare et al/11_Richard Lott (John Doe 11)/_PLEADINGS/2025-08-01 John Doe 11's Responses to Gay's 1st RFPs (Richard Lott)(Final).pdf,Doe et al. v. Liberty Healthcare et al/11_Richard Lott (John Doe 11)/_PLEADINGS,.pdf,7,pdf_parsed,133.3,3/18/26,3/18/26,2.16908E+12,Yes
2025-08-01 John Doe 11's Responses to Hemstreet's 1st RFPs (Richard Lott)(Final).pdf,Doe et al. v. Liberty Healthcare et al/00_All Cases/LIBERTY - Disc Resps/2025-08-01 John Doe 11's Responses to Hemstreet's 1st RFPs (Richard Lott)(Final).pdf,Doe et al. v. Liberty Healthcare et al/00_All Cases/LIBERTY - Disc Resps,.pdf,7,pdf_parsed,133.5,3/18/26,3/18/26,2.16906E+12,Yes
2025-08-01 John Doe 11's Responses to Hemstreet's 1st RFPs (Richard Lott)(Final).pdf,Doe et al. v. Liberty Healthcare et al/11_Richard Lott (John Doe 11)/_PLEADINGS/2025-08-01 John Doe 11's Responses to Hemstreet's 1st RFPs (Richard Lott)(Final).pdf,Doe et al. v. Liberty Healthcare et al/11_Richard Lott (John Doe 11)/_PLEADINGS,.pdf,7,pdf_parsed,133.5,3/18/26,3/18/26,2.16907E+12,Yes
2025-08-01 John Doe 11's Responses to Huhman's 1st RFPs & Amended RFP 12 (Richard Lott)(Final).pdf,Doe et al. v. Liberty Healthcare et al/00_All Cases/LIBERTY - Disc Resps/2025-08-01 John Doe 11's Responses to Huhman's 1st RFPs & Amended RFP 12 (Richard Lott)(Final).pdf,Doe et al. v. Liberty Healthcare et al/00_All Cases/LIBERTY - Disc Resps,.pdf,20,pdf_parsed,186.9,3/18/26,3/18/26,2.16907E+12,Yes
2025-08-01 John Doe 11's Responses to Huhman's 1st RFPs & Amended RFP 12 (Richard Lott)(Final).pdf,Doe et al. v. Liberty Healthcare et al/11_Richard Lott (John Doe 11)/_PLEADINGS/2025-08-01 John Doe 11's Responses to Huhman's 1st RFPs & Amended RFP 12 (Richard Lott)(Final).pdf,Doe et al. v. Liberty Healthcare et al/11_Richard Lott (John Doe 11)/_PLEADINGS,.pdf,20,pdf_parsed,186.9,3/18/26,3/18/26,2.16908E+12,Yes
2025-08-01 John Doe 11's Responses to Sage's 1st RFPs (Richard Lott)(Final).pdf,Doe et al. v. Liberty Healthcare et al/00_All Cases/LIBERTY - Disc Resps/2025-08-01 John Doe 11's Responses to Sage's 1st RFPs (Richard Lott)(Final).pdf,Doe et al. v. Liberty Healthcare et al/00_All Cases/LIBERTY - Disc Resps,.pdf,7,pdf_parsed,133.4,3/18/26,3/18/26,2.16907E+12,Yes
2025-08-01 John Doe 11's Responses to Sage's 1st RFPs (Richard Lott)(Final).pdf,Doe et al. v. Liberty Healthcare et al/11_Richard Lott (John Doe 11)/_PLEADINGS/2025-08-01 John Doe 11's Responses to Sage's 1st RFPs (Richard Lott)(Final).pdf,Doe et al. v. Liberty Healthcare et al/11_Richard Lott (John Doe 11)/_PLEADINGS,.pdf,7,pdf_parsed,133.4,3/18/26,3/18/26,2.16908E+12,Yes
2025-08-01 John Doe 11's Responses to Tatro's 1st RFPs (Richard Lott)(Final).pdf,Doe et al. v. Liberty Healthcare et al/00_All Cases/LIBERTY - Disc Resps/2025-08-01 John Doe 11's Responses to Tatro's 1st RFPs (Richard Lott)(Final).pdf,Doe et al. v. Liberty Healthcare et al/00_All Cases/LIBERTY - Disc Resps,.pdf,7,pdf_parsed,143.7,3/18/26,3/18/26,2.16907E+12,Yes
2025-08-01 John Doe 11's Responses to Tatro's 1st RFPs (Richard Lott)(Final).pdf,Doe et al. v. Liberty Healthcare et al/11_Richard Lott (John Doe 11)/_PLEADINGS/2025-08-01 John Doe 11's Responses to Tatro's 1st RFPs (Richard Lott)(Final).pdf,Doe et al. v. Liberty Healthcare et al/11_Richard Lott (John Doe 11)/_PLEADINGS,.pdf,7,pdf_parsed,143.7,3/18/26,3/18/26,2.16907E+12,Yes
2025-09-05 Plaintiff Jane Doe 10's (John Doe 10B - Bailey Call) Answers to  Gay's First Interrogatories.pdf,Doe et al. v. Liberty Healthcare et al/10b_Bailey Call (John Doe 10B)/_PLEADINGS/2025-09-05 Plaintiff Jane Doe 10's (John Doe 10B - Bailey Call) Answers to  Gay's First Interrogatories.pdf,Doe et al. v. Liberty Healthcare et al/10b_Bailey Call (John Doe 10B)/_PLEADINGS,.pdf,24,pdf_parsed,317.2,3/18/26,3/18/26,2.16907E+12,No
2025-09-05 Plaintiff Jane Doe 10's (John Doe 10B - Bailey Call) Answers to Hemstreet's First Interrogatories.pdf,Doe et al. v. Liberty Healthcare et al/10b_Bailey Call (John Doe 10B)/_PLEADINGS/2025-09-05 Plaintiff Jane Doe 10's (John Doe 10B - Bailey Call) Answers to Hemstreet's First Interrogatories.pdf,Doe et al. v. Liberty Healthcare et al/10b_Bailey Call (John Doe 10B)/_PLEADINGS,.pdf,24,pdf_parsed,317.2,3/18/26,3/18/26,2.16907E+12,No
2025-09-05 Plaintiff Jane Doe 10's (John Doe 10B - Bailey Call) Answers to Huhman's First Interrogatories.pdf,Doe et al. v. Liberty Healthcare et al/10b_Bailey Call (John Doe 10B)/_PLEADINGS/2025-09-05 Plaintiff Jane Doe 10's (John Doe 10B - Bailey Call) Answers to Huhman's First Interrogatories.pdf,Doe et al. v. Liberty Healthcare et al/10b_Bailey Call (John Doe 10B)/_PLEADINGS,.pdf,51,pdf_parsed,439.7,3/18/26,3/18/26,2.16908E+12,No
2025-09-05 Plaintiff Jane Doe 10's (John Doe 10B - Bailey Call) Answers to Huhman's First Requests for Production.pdf,Doe et al. v. Liberty Healthcare et al/10b_Bailey Call (John Doe 10B)/_PLEADINGS/2025-09-05 Plaintiff Jane Doe 10's (John Doe 10B - Bailey Call) Answers to Huhman's First Requests for Production.pdf,Doe et al. v. Liberty Healthcare et al/10b_Bailey Call (John Doe 10B)/_PLEADINGS,.pdf,23,pdf_parsed,271,3/18/26,3/18/26,2.16907E+12,No
2025-09-05 Plaintiff Jane Doe 10's (John Doe 10B - Bailey Call) Answers to Sage's First Requests for Production.pdf,Doe et al. v. Liberty Healthcare et al/10b_Bailey Call (John Doe 10B)/_PLEADINGS/2025-09-05 Plaintiff Jane Doe 10's (John Doe 10B - Bailey Call) Answers to Sage's First Requests for Production.pdf,Doe et al. v. Liberty Healthcare et al/10b_Bailey Call (John Doe 10B)/_PLEADINGS,.pdf,7,pdf_parsed,147.2,3/18/26,3/18/26,2.16907E+12,No
2025-09-05 Plaintiff Jane Doe 10's (John Doe 10B - Bailey Call) Answers to Tatro's First Interrogatories.pdf,Doe et al. v. Liberty Healthcare et al/10b_Bailey Call (John Doe 10B)/_PLEADINGS/2025-09-05 Plaintiff Jane Doe 10's (John Doe 10B - Bailey Call) Answers to Tatro's First Interrogatories.pdf,Doe et al. v. Liberty Healthcare et al/10b_Bailey Call (John Doe 10B)/_PLEADINGS,.pdf,31,pdf_parsed,412.7,3/18/26,3/18/26,2.16908E+12,No
2025-09-05 Plaintiff Jane Doe 10's (John Doe 10B - Bailey Call) Responses to Caywood's First Requests for Production.pdf,Doe et al. v. Liberty Healthcare et al/00_All Cases/LIBERTY - Disc Resps/2025-09-05 Plaintiff Jane Doe 10's (John Doe 10B - Bailey Call) Responses to Caywood's First Requests for Production.pdf,Doe et al. v. Liberty Healthcare et al/00_All Cases/LIBERTY - Disc Resps,.pdf,7,pdf_parsed,146.4,3/18/26,3/18/26,2.16907E+12,Yes
2025-09-05 Plaintiff Jane Doe 10's (John Doe 10B - Bailey Call) Responses to Caywood's First Requests for Production.pdf,Doe et al. v. Liberty Healthcare et al/10b_Bailey Call (John Doe 10B)/_PLEADINGS/2025-09-05 Plaintiff Jane Doe 10's (John Doe 10B - Bailey Call) Responses to Caywood's First Requests for Production.pdf,Doe et al. v. Liberty Healthcare et al/10b_Bailey Call (John Doe 10B)/_PLEADINGS,.pdf,7,pdf_parsed,146.4,3/18/26,3/18/26,2.16907E+12,Yes
2025-09-05 Plaintiff Jane Doe 10's (John Doe 10B - Bailey Call) Responses to Gay's First Requests for Production.pdf,Doe et al. v. Liberty Healthcare et al/00_All Cases/LIBERTY - Disc Resps/2025-09-05 Plaintiff Jane Doe 10's (John Doe 10B - Bailey Call) Responses to Gay's First Requests for Production.pdf,Doe et al. v. Liberty Healthcare et al/00_All Cases/LIBERTY - Disc Resps,.pdf,7,pdf_parsed,145.8,3/18/26,3/18/26,2.16907E+12,Yes
2025-09-05 Plaintiff Jane Doe 10's (John Doe 10B - Bailey Call) Responses to Gay's First Requests for Production.pdf,Doe et al. v. Liberty Healthcare et al/10b_Bailey Call (John Doe 10B)/_PLEADINGS/2025-09-05 Plaintiff Jane Doe 10's (John Doe 10B - Bailey Call) Responses to Gay's First Requests for Production.pdf,Doe et al. v. Liberty Healthcare et al/10b_Bailey Call (John Doe 10B)/_PLEADINGS,.pdf,7,pdf_parsed,145.8,3/18/26,3/18/26,2.16908E+12,Yes
2025-09-05 Plaintiff Jane Doe 10's (John Doe 10B - Bailey Call) Responses to Hemstreet's First Requests for Production.pdf,Doe et al. v. Liberty Healthcare et al/00_All Cases/LIBERTY - Disc Resps/2025-09-05 Plaintiff Jane Doe 10's (John Doe 10B - Bailey Call) Responses to Hemstreet's First Requests for Production.pdf,Doe et al. v. Liberty Healthcare et al/00_All Cases/LIBERTY - Disc Resps,.pdf,7,pdf_parsed,145.9,3/18/26,3/18/26,2.16906E+12,Yes
2025-09-05 Plaintiff Jane Doe 10's (John Doe 10B - Bailey Call) Responses to Hemstreet's First Requests for Production.pdf,Doe et al. v. Liberty Healthcare et al/10b_Bailey Call (John Doe 10B)/_PLEADINGS/2025-09-05 Plaintiff Jane Doe 10's (John Doe 10B - Bailey Call) Responses to Hemstreet's First Requests for Production.pdf,Doe et al. v. Liberty Healthcare et al/10b_Bailey Call (John Doe 10B)/_PLEADINGS,.pdf,7,pdf_parsed,145.9,3/18/26,3/18/26,2.16907E+12,Yes
2025-09-05 Plaintiff Jane Doe 10's (John Doe 10B - Bailey Call) Responses to Tatro's First Requests for Production.pdf,Doe et al. v. Liberty Healthcare et al/00_All Cases/LIBERTY - Disc Resps/2025-09-05 Plaintiff Jane Doe 10's (John Doe 10B - Bailey Call) Responses to Tatro's First Requests for Production.pdf,Doe et al. v. Liberty Healthcare et al/00_All Cases/LIBERTY - Disc Resps,.pdf,7,pdf_parsed,156.4,3/18/26,3/18/26,2.16907E+12,Yes
2025-09-05 Plaintiff Jane Doe 10's (John Doe 10B - Bailey Call) Responses to Tatro's First Requests for Production.pdf,Doe et al. v. Liberty Healthcare et al/10b_Bailey Call (John Doe 10B)/_PLEADINGS/2025-09-05 Plaintiff Jane Doe 10's (John Doe 10B - Bailey Call) Responses to Tatro's First Requests for Production.pdf,Doe et al. v. Liberty Healthcare et al/10b_Bailey Call (John Doe 10B)/_PLEADINGS,.pdf,7,pdf_parsed,156.4,3/18/26,3/18/26,2.16907E+12,Yes
2025-09-05 Plaintiff Jane Doe 10's (John Doe 10B - Bailey Call)Answers to  Caywood's First Interrogatories.pdf,Doe et al. v. Liberty Healthcare et al/10b_Bailey Call (John Doe 10B)/_PLEADINGS/2025-09-05 Plaintiff Jane Doe 10's (John Doe 10B - Bailey Call)Answers to  Caywood's First Interrogatories.pdf,Doe et al. v. Liberty Healthcare et al/10b_Bailey Call (John Doe 10B)/_PLEADINGS,.pdf,24,pdf_parsed,317.1,3/18/26,3/18/26,2.16908E+12,No
2025-09-05 Plaintiff Jane Doe 9's (John Doe 9B Robert Alba) Answers to Caywood's First Interrogatories.pdf,Doe et al. v. Liberty Healthcare et al/09b_Robert Alba (John Doe 9B)/_PLEADINGS/2025-09-05 Plaintiff Jane Doe 9's (John Doe 9B Robert Alba) Answers to Caywood's First Interrogatories.pdf,Doe et al. v. Liberty Healthcare et al/09b_Robert Alba (John Doe 9B)/_PLEADINGS,.pdf,18,pdf_parsed,220,3/18/26,3/18/26,2.16906E+12,No
2025-09-05 Plaintiff Jane Doe 9's (John Doe 9B Robert Alba) Answers to Gay's First Interrogatories.pdf,Doe et al. v. Liberty Healthcare et al/09b_Robert Alba (John Doe 9B)/_PLEADINGS/2025-09-05 Plaintiff Jane Doe 9's (John Doe 9B Robert Alba) Answers to Gay's First Interrogatories.pdf,Doe et al. v. Liberty Healthcare et al/09b_Robert Alba (John Doe 9B)/_PLEADINGS,.pdf,18,pdf_parsed,220.3,3/18/26,3/18/26,2.16907E+12,No
2025-09-05 Plaintiff Jane Doe 9's (John Doe 9B Robert Alba) Answers to Hemstreet's First Interrogatories.pdf,Doe et al. v. Liberty Healthcare et al/09b_Robert Alba (John Doe 9B)/_PLEADINGS/2025-09-05 Plaintiff Jane Doe 9's (John Doe 9B Robert Alba) Answers to Hemstreet's First Interrogatories.pdf,Doe et al. v. Liberty Healthcare et al/09b_Robert Alba (John Doe 9B)/_PLEADINGS,.pdf,18,pdf_parsed,220.4,3/18/26,3/18/26,2.16907E+12,No
2025-09-05 Plaintiff Jane Doe 9's (John Doe 9B Robert Alba) Answers to Huhman's First Interrogatories.pdf,Doe et al. v. Liberty Healthcare et al/09b_Robert Alba (John Doe 9B)/_PLEADINGS/2025-09-05 Plaintiff Jane Doe 9's (John Doe 9B Robert Alba) Answers to Huhman's First Interrogatories.pdf,Doe et al. v. Liberty Healthcare et al/09b_Robert Alba (John Doe 9B)/_PLEADINGS,.pdf,37,pdf_parsed,310,3/18/26,3/18/26,2.16906E+12,No
2025-09-05 Plaintiff Jane Doe 9's (John Doe 9B Robert Alba) Answers to Sage's First Interrogatories.pdf,Doe et al. v. Liberty Healthcare et al/09b_Robert Alba (John Doe 9B)/_PLEADINGS/2025-09-05 Plaintiff Jane Doe 9's (John Doe 9B Robert Alba) Answers to Sage's First Interrogatories.pdf,Doe et al. v. Liberty Healthcare et al/09b_Robert Alba (John Doe 9B)/_PLEADINGS,.pdf,18,pdf_parsed,220.4,3/18/26,3/18/26,2.16906E+12,No
2025-09-05 Plaintiff Jane Doe 9's (John Doe 9B Robert Alba) Answers to Tatro's First Interrogatories=.pdf,Doe et al. v. Liberty Healthcare et al/09b_Robert Alba (John Doe 9B)/_PLEADINGS/2025-09-05 Plaintiff Jane Doe 9's (John Doe 9B Robert Alba) Answers to Tatro's First Interrogatories=.pdf,Doe et al. v. Liberty Healthcare et al/09b_Robert Alba (John Doe 9B)/_PLEADINGS,.pdf,24,pdf_parsed,258.8,3/18/26,3/18/26,2.16906E+12,No
2025-09-05 Plaintiff Jane Doe 9's (John Doe 9B Robert Alba) Responses to Brett Hemstreet's First Requests for Production.pdf,Doe et al. v. Liberty Healthcare et al/00_All Cases/LIBERTY - Disc Resps/2025-09-05 Plaintiff Jane Doe 9's (John Doe 9B Robert Alba) Responses to Brett Hemstreet's First Requests for Production.pdf,Doe et al. v. Liberty Healthcare et al/00_All Cases/LIBERTY - Disc Resps,.pdf,7,pdf_parsed,138.9,3/18/26,3/18/26,2.16906E+12,Yes
2025-09-05 Plaintiff Jane Doe 9's (John Doe 9B Robert Alba) Responses to Brett Hemstreet's First Requests for Production.pdf,Doe et al. v. Liberty Healthcare et al/09b_Robert Alba (John Doe 9B)/_PLEADINGS/2025-09-05 Plaintiff Jane Doe 9's (John Doe 9B Robert Alba) Responses to Brett Hemstreet's First Requests for Production.pdf,Doe et al. v. Liberty Healthcare et al/09b_Robert Alba (John Doe 9B)/_PLEADINGS,.pdf,7,pdf_parsed,138.9,3/18/26,3/18/26,2.16906E+12,Yes
2025-09-05 Plaintiff Jane Doe 9's (John Doe 9B Robert Alba) Responses to Caywood's First Requests for Production.pdf,Doe et al. v. Liberty Healthcare et al/00_All Cases/LIBERTY - Disc Resps/2025-09-05 Plaintiff Jane Doe 9's (John Doe 9B Robert Alba) Responses to Caywood's First Requests for Production.pdf,Doe et al. v. Liberty Healthcare et al/00_All Cases/LIBERTY - Disc Resps,.pdf,7,pdf_parsed,139.7,3/18/26,3/18/26,2.16906E+12,Yes
2025-09-05 Plaintiff Jane Doe 9's (John Doe 9B Robert Alba) Responses to Caywood's First Requests for Production.pdf,Doe et al. v. Liberty Healthcare et al/09b_Robert Alba (John Doe 9B)/_PLEADINGS/2025-09-05 Plaintiff Jane Doe 9's (John Doe 9B Robert Alba) Responses to Caywood's First Requests for Production.pdf,Doe et al. v. Liberty Healthcare et al/09b_Robert Alba (John Doe 9B)/_PLEADINGS,.pdf,7,pdf_parsed,139.7,3/18/26,3/18/26,2.16907E+12,Yes
2025-09-05 Plaintiff Jane Doe 9's (John Doe 9B Robert Alba) Responses to Gay's First Requests for Production.pdf,Doe et al. v. Liberty Healthcare et al/00_All Cases/LIBERTY - Disc Resps/2025-09-05 Plaintiff Jane Doe 9's (John Doe 9B Robert Alba) Responses to Gay's First Requests for Production.pdf,Doe et al. v. Liberty Healthcare et al/00_All Cases/LIBERTY - Disc Resps,.pdf,7,pdf_parsed,138.8,3/18/26,3/18/26,2.16906E+12,Yes
2025-09-05 Plaintiff Jane Doe 9's (John Doe 9B Robert Alba) Responses to Gay's First Requests for Production.pdf,Doe et al. v. Liberty Healthcare et al/09b_Robert Alba (John Doe 9B)/_PLEADINGS/2025-09-05 Plaintiff Jane Doe 9's (John Doe 9B Robert Alba) Responses to Gay's First Requests for Production.pdf,Doe et al. v. Liberty Healthcare et al/09b_Robert Alba (John Doe 9B)/_PLEADINGS,.pdf,7,pdf_parsed,138.8,3/18/26,3/18/26,2.16907E+12,Yes
2025-09-05 Plaintiff Jane Doe 9's (John Doe 9B Robert Alba) Responses to Huhman's First Requests for Production.pdf,Doe et al. v. Liberty Healthcare et al/00_All Cases/LIBERTY - Disc Resps/2025-09-05 Plaintiff Jane Doe 9's (John Doe 9B Robert Alba) Responses to Huhman's First Requests for Production.pdf,Doe et al. v. Liberty Healthcare et al/00_All Cases/LIBERTY - Disc Resps,.pdf,25,pdf_parsed,205.2,3/18/26,3/18/26,2.16906E+12,Yes
2025-09-05 Plaintiff Jane Doe 9's (John Doe 9B Robert Alba) Responses to Huhman's First Requests for Production.pdf,Doe et al. v. Liberty Healthcare et al/09b_Robert Alba (John Doe 9B)/_PLEADINGS/2025-09-05 Plaintiff Jane Doe 9's (John Doe 9B Robert Alba) Responses to Huhman's First Requests for Production.pdf,Doe et al. v. Liberty Healthcare et al/09b_Robert Alba (John Doe 9B)/_PLEADINGS,.pdf,25,pdf_parsed,205.2,3/18/26,3/18/26,2.16906E+12,Yes
2025-09-05 Plaintiff Jane Doe 9's (John Doe 9B Robert Alba) Responses to Sage's First Requests for Production.pdf,Doe et al. v. Liberty Healthcare et al/00_All Cases/LIBERTY - Disc Resps/2025-09-05 Plaintiff Jane Doe 9's (John Doe 9B Robert Alba) Responses to Sage's First Requests for Production.pdf,Doe et al. v. Liberty Healthcare et al/00_All Cases/LIBERTY - Disc Resps,.pdf,7,pdf_parsed,138.7,3/18/26,3/18/26,2.16907E+12,Yes
2025-09-05 Plaintiff Jane Doe 9's (John Doe 9B Robert Alba) Responses to Sage's First Requests for Production.pdf,Doe et al. v. Liberty Healthcare et al/09b_Robert Alba (John Doe 9B)/_PLEADINGS/2025-09-05 Plaintiff Jane Doe 9's (John Doe 9B Robert Alba) Responses to Sage's First Requests for Production.pdf,Doe et al. v. Liberty Healthcare et al/09b_Robert Alba (John Doe 9B)/_PLEADINGS,.pdf,7,pdf_parsed,138.7,3/18/26,3/18/26,2.16906E+12,Yes
2025-09-05 Plaintiff Jane Doe 9's (John Doe 9B Robert Alba) Responses to Tatro's First Requests for Production.pdf,Doe et al. v. Liberty Healthcare et al/00_All Cases/LIBERTY - Disc Resps/2025-09-05 Plaintiff Jane Doe 9's (John Doe 9B Robert Alba) Responses to Tatro's First Requests for Production.pdf,Doe et al. v. Liberty Healthcare et al/00_All Cases/LIBERTY - Disc Resps,.pdf,7,pdf_parsed,149.5,3/18/26,3/18/26,2.16906E+12,Yes
2025-09-05 Plaintiff Jane Doe 9's (John Doe 9B Robert Alba) Responses to Tatro's First Requests for Production.pdf,Doe et al. v. Liberty Healthcare et al/09b_Robert Alba (John Doe 9B)/_PLEADINGS/2025-09-05 Plaintiff Jane Doe 9's (John Doe 9B Robert Alba) Responses to Tatro's First Requests for Production.pdf,Doe et al. v. Liberty Healthcare et al/09b_Robert Alba (John Doe 9B)/_PLEADINGS,.pdf,7,pdf_parsed,149.5,3/18/26,3/18/26,2.16906E+12,Yes
2025-09-05 Plaintiff Jane Doe's (John Doe 10B - Bailey Call) Answers to Sage's First Interrogatories.pdf,Doe et al. v. Liberty Healthcare et al/10b_Bailey Call (John Doe 10B)/_PLEADINGS/2025-09-05 Plaintiff Jane Doe's (John Doe 10B - Bailey Call) Answers to Sage's First Interrogatories.pdf,Doe et al. v. Liberty Healthcare et al/10b_Bailey Call (John Doe 10B)/_PLEADINGS,.pdf,24,pdf_parsed,320.5,3/18/26,3/18/26,2.16908E+12,No
2025-09-12 Plaintiffs' Third Amended Petition.pdf,Doe et al. v. Liberty Healthcare et al/00_All Cases/_PLEADINGS/2025-09-12 Plaintiffs' Third Amended Petition.pdf,Doe et al. v. Liberty Healthcare et al/00_All Cases/_PLEADINGS,.pdf,56,pdf_parsed,3101.4,3/18/26,3/18/26,2.16906E+12,No
2025-11-12 Plaintiffs' Objections and Responses to Liberty Healthcare Corporation's Requests for Production to All Plaintiffs.pdf,Doe et al. v. Liberty Healthcare et al/00_All Cases/LIBERTY - Disc Resps/2025-11-12 Plaintiffs' Objections and Responses to Liberty Healthcare Corporation's Requests for Production to All Plaintiffs.pdf,Doe et al. v. Liberty Healthcare et al/00_All Cases/LIBERTY - Disc Resps,.pdf,15,pdf_parsed,200.5,3/18/26,3/18/26,2.16907E+12,No
2025-11-17 John Doe 12B's Answers to Caywood's 1st Roggs (Waylon Cauthon).pdf,Doe et al. v. Liberty Healthcare et al/12b_Waylon Cauthon (John Doe 12B)/_PLEADINGS/2025-11-17 John Doe 12B's Answers to Caywood's 1st Roggs (Waylon Cauthon).pdf,Doe et al. v. Liberty Healthcare et al/12b_Waylon Cauthon (John Doe 12B)/_PLEADINGS,.pdf,19,pdf_parsed,232.1,3/18/26,3/18/26,2.1691E+12,No
2025-11-17 John Doe 12B's Answers to Gay's 1st Roggs (Waylon Cauthon).pdf,Doe et al. v. Liberty Healthcare et al/12b_Waylon Cauthon (John Doe 12B)/_PLEADINGS/2025-11-17 John Doe 12B's Answers to Gay's 1st Roggs (Waylon Cauthon).pdf,Doe et al. v. Liberty Healthcare et al/12b_Waylon Cauthon (John Doe 12B)/_PLEADINGS,.pdf,19,pdf_parsed,231.5,3/18/26,3/18/26,2.1691E+12,No
2025-11-17 John Doe 12B's Answers to Hemstreet's 1st Roggs (Waylon Cauthon).pdf,Doe et al. v. Liberty Healthcare et al/12b_Waylon Cauthon (John Doe 12B)/_PLEADINGS/2025-11-17 John Doe 12B's Answers to Hemstreet's 1st Roggs (Waylon Cauthon).pdf,Doe et al. v. Liberty Healthcare et al/12b_Waylon Cauthon (John Doe 12B)/_PLEADINGS,.pdf,19,pdf_parsed,233.8,3/18/26,3/18/26,2.1691E+12,No
2025-11-17 John Doe 12B's Answers to Sage's 1st Roggs (Waylon Cauthon).pdf,Doe et al. v. Liberty Healthcare et al/12b_Waylon Cauthon (John Doe 12B)/_PLEADINGS/2025-11-17 John Doe 12B's Answers to Sage's 1st Roggs (Waylon Cauthon).pdf,Doe et al. v. Liberty Healthcare et al/12b_Waylon Cauthon (John Doe 12B)/_PLEADINGS,.pdf,19,pdf_parsed,234.1,3/18/26,3/18/26,2.16911E+12,No
2025-11-17 John Doe 12B's Answers to Tatro's 1st Roggs (Waylon Cauthon).pdf,Doe et al. v. Liberty Healthcare et al/12b_Waylon Cauthon (John Doe 12B)/_PLEADINGS/2025-11-17 John Doe 12B's Answers to Tatro's 1st Roggs (Waylon Cauthon).pdf,Doe et al. v. Liberty Healthcare et al/12b_Waylon Cauthon (John Doe 12B)/_PLEADINGS,.pdf,25,pdf_parsed,330,3/18/26,3/18/26,2.16909E+12,No
2025-11-17 John Doe 12B's Responses to Caywood's 1st RFPs (Waylon Cauthon).pdf,Doe et al. v. Liberty Healthcare et al/00_All Cases/LIBERTY - Disc Resps/2025-11-17 John Doe 12B's Responses to Caywood's 1st RFPs (Waylon Cauthon).pdf,Doe et al. v. Liberty Healthcare et al/00_All Cases/LIBERTY - Disc Resps,.pdf,7,pdf_parsed,149.4,3/18/26,3/18/26,2.16907E+12,Yes
2025-11-17 John Doe 12B's Responses to Caywood's 1st RFPs (Waylon Cauthon).pdf,Doe et al. v. Liberty Healthcare et al/12b_Waylon Cauthon (John Doe 12B)/_PLEADINGS/2025-11-17 John Doe 12B's Responses to Caywood's 1st RFPs (Waylon Cauthon).pdf,Doe et al. v. Liberty Healthcare et al/12b_Waylon Cauthon (John Doe 12B)/_PLEADINGS,.pdf,7,pdf_parsed,149.4,3/18/26,3/18/26,2.1691E+12,Yes
2025-11-17 John Doe 12B's Responses to Gay's 1st RFPs (Waylon Cauthon).pdf,Doe et al. v. Liberty Healthcare et al/00_All Cases/LIBERTY - Disc Resps/2025-11-17 John Doe 12B's Responses to Gay's 1st RFPs (Waylon Cauthon).pdf,Doe et al. v. Liberty Healthcare et al/00_All Cases/LIBERTY - Disc Resps,.pdf,7,pdf_parsed,162.9,3/18/26,3/18/26,2.16907E+12,Yes
2025-11-17 John Doe 12B's Responses to Gay's 1st RFPs (Waylon Cauthon).pdf,Doe et al. v. Liberty Healthcare et al/12b_Waylon Cauthon (John Doe 12B)/_PLEADINGS/2025-11-17 John Doe 12B's Responses to Gay's 1st RFPs (Waylon Cauthon).pdf,Doe et al. v. Liberty Healthcare et al/12b_Waylon Cauthon (John Doe 12B)/_PLEADINGS,.pdf,7,pdf_parsed,162.9,3/18/26,3/18/26,2.1691E+12,Yes
2025-11-17 John Doe 12B's Responses to Hemstreet's 1st RFPs (Waylon Cauthon).pdf,Doe et al. v. Liberty Healthcare et al/00_All Cases/LIBERTY - Disc Resps/2025-11-17 John Doe 12B's Responses to Hemstreet's 1st RFPs (Waylon Cauthon).pdf,Doe et al. v. Liberty Healthcare et al/00_All Cases/LIBERTY - Disc Resps,.pdf,7,pdf_parsed,149.5,3/18/26,3/18/26,2.16906E+12,Yes
2025-11-17 John Doe 12B's Responses to Hemstreet's 1st RFPs (Waylon Cauthon).pdf,Doe et al. v. Liberty Healthcare et al/12b_Waylon Cauthon (John Doe 12B)/_PLEADINGS/2025-11-17 John Doe 12B's Responses to Hemstreet's 1st RFPs (Waylon Cauthon).pdf,Doe et al. v. Liberty Healthcare et al/12b_Waylon Cauthon (John Doe 12B)/_PLEADINGS,.pdf,7,pdf_parsed,149.5,3/18/26,3/18/26,2.16911E+12,Yes
2025-11-17 John Doe 12B's Responses to Sage's 1st RFPs (Waylon Cauthon).pdf,Doe et al. v. Liberty Healthcare et al/00_All Cases/LIBERTY - Disc Resps/2025-11-17 John Doe 12B's Responses to Sage's 1st RFPs (Waylon Cauthon).pdf,Doe et al. v. Liberty Healthcare et al/00_All Cases/LIBERTY - Disc Resps,.pdf,7,pdf_parsed,148.7,3/18/26,3/18/26,2.16906E+12,Yes
2025-11-17 John Doe 12B's Responses to Sage's 1st RFPs (Waylon Cauthon).pdf,Doe et al. v. Liberty Healthcare et al/12b_Waylon Cauthon (John Doe 12B)/_PLEADINGS/2025-11-17 John Doe 12B's Responses to Sage's 1st RFPs (Waylon Cauthon).pdf,Doe et al. v. Liberty Healthcare et al/12b_Waylon Cauthon (John Doe 12B)/_PLEADINGS,.pdf,7,pdf_parsed,148.7,3/18/26,3/18/26,2.1691E+12,Yes
2025-11-17 John Doe 12B's Responses to Tatro's 1st RFPs (Waylon Cauthon).pdf,Doe et al. v. Liberty Healthcare et al/00_All Cases/LIBERTY - Disc Resps/2025-11-17 John Doe 12B's Responses to Tatro's 1st RFPs (Waylon Cauthon).pdf,Doe et al. v. Liberty Healthcare et al/00_All Cases/LIBERTY - Disc Resps,.pdf,7,pdf_parsed,167.1,3/18/26,3/18/26,2.16907E+12,Yes
2025-11-17 John Doe 12B's Responses to Tatro's 1st RFPs (Waylon Cauthon).pdf,Doe et al. v. Liberty Healthcare et al/12b_Waylon Cauthon (John Doe 12B)/_PLEADINGS/2025-11-17 John Doe 12B's Responses to Tatro's 1st RFPs (Waylon Cauthon).pdf,Doe et al. v. Liberty Healthcare et al/12b_Waylon Cauthon (John Doe 12B)/_PLEADINGS,.pdf,7,pdf_parsed,167.1,3/18/26,3/18/26,2.16912E+12,Yes
2025-11-18 John Doe 12B's Answers to Huhman's 1st Roggs (Waylon Cauthon).pdf,Doe et al. v. Liberty Healthcare et al/12b_Waylon Cauthon (John Doe 12B)/_PLEADINGS/2025-11-18 John Doe 12B's Answers to Huhman's 1st Roggs (Waylon Cauthon).pdf,Doe et al. v. Liberty Healthcare et al/12b_Waylon Cauthon (John Doe 12B)/_PLEADINGS,.pdf,38,pdf_parsed,327.3,3/18/26,3/18/26,2.16909E+12,No
2025-11-18 John Doe 12B's Responses to Huhman's 1st RFPs (Waylon Cauthon).pdf,Doe et al. v. Liberty Healthcare et al/00_All Cases/LIBERTY - Disc Resps/2025-11-18 John Doe 12B's Responses to Huhman's 1st RFPs (Waylon Cauthon).pdf,Doe et al. v. Liberty Healthcare et al/00_All Cases/LIBERTY - Disc Resps,.pdf,24,pdf_parsed,248,3/18/26,3/18/26,2.16907E+12,Yes
2025-11-18 John Doe 12B's Responses to Huhman's 1st RFPs (Waylon Cauthon).pdf,Doe et al. v. Liberty Healthcare et al/12b_Waylon Cauthon (John Doe 12B)/_PLEADINGS/2025-11-18 John Doe 12B's Responses to Huhman's 1st RFPs (Waylon Cauthon).pdf,Doe et al. v. Liberty Healthcare et al/12b_Waylon Cauthon (John Doe 12B)/_PLEADINGS,.pdf,24,pdf_parsed,248,3/18/26,3/18/26,2.1691E+12,Yes
2025-11-20 Defendants' Motion to Compel Complete Discovery Responses from John Doe 11.pdf,Doe et al. v. Liberty Healthcare et al/00_All Cases/LIBERTY - Disc Resps/2025-11-20 Defendants' Motion to Compel Complete Discovery Responses from John Doe 11.pdf,Doe et al. v. Liberty Healthcare et al/00_All Cases/LIBERTY - Disc Resps,.pdf,223,pdf_parsed,10289.8,3/18/26,3/18/26,2.16907E+12,No
2025-11-24 Jane Doe 4B's Answers to Caywood's 1st Roggs (Caitlin Spradling)(Final).pdf,Doe et al. v. Liberty Healthcare et al/04b_Caitlin Spradling (Jane Doe 4B)/_PLEADINGS/2025-11-24 Jane Doe 4B's Answers to Caywood's 1st Roggs (Caitlin Spradling)(Final).pdf,Doe et al. v. Liberty Healthcare et al/04b_Caitlin Spradling (Jane Doe 4B)/_PLEADINGS,.pdf,19,pdf_parsed,232.5,3/18/26,3/18/26,2.1691E+12,No
2025-11-24 Jane Doe 4B's Answers to Gay's 1st Roggs (Caitlin Spradling)(Final).pdf,Doe et al. v. Liberty Healthcare et al/04b_Caitlin Spradling (Jane Doe 4B)/_PLEADINGS/2025-11-24 Jane Doe 4B's Answers to Gay's 1st Roggs (Caitlin Spradling)(Final).pdf,Doe et al. v. Liberty Healthcare et al/04b_Caitlin Spradling (Jane Doe 4B)/_PLEADINGS,.pdf,19,pdf_parsed,232.4,3/18/26,3/18/26,2.16909E+12,No
2025-11-24 Jane Doe 4B's Answers to Hemstreet's 1st Roggs (Caitlin Spradling)(Final).pdf,Doe et al. v. Liberty Healthcare et al/04b_Caitlin Spradling (Jane Doe 4B)/_PLEADINGS/2025-11-24 Jane Doe 4B's Answers to Hemstreet's 1st Roggs (Caitlin Spradling)(Final).pdf,Doe et al. v. Liberty Healthcare et al/04b_Caitlin Spradling (Jane Doe 4B)/_PLEADINGS,.pdf,19,pdf_parsed,232.4,3/18/26,3/18/26,2.16909E+12,No
2025-11-24 Jane Doe 4B's Answers to Huhman's 1st Roggs (Caitlin Spradling)(Final).pdf,Doe et al. v. Liberty Healthcare et al/04b_Caitlin Spradling (Jane Doe 4B)/_PLEADINGS/2025-11-24 Jane Doe 4B's Answers to Huhman's 1st Roggs (Caitlin Spradling)(Final).pdf,Doe et al. v. Liberty Healthcare et al/04b_Caitlin Spradling (Jane Doe 4B)/_PLEADINGS,.pdf,39,pdf_parsed,329.7,3/18/26,3/18/26,2.1691E+12,No
2025-11-24 Jane Doe 4B's Answers to Sage's 1st Roggs (Caitlin Spradling)(Final).pdf,Doe et al. v. Liberty Healthcare et al/04b_Caitlin Spradling (Jane Doe 4B)/_PLEADINGS/2025-11-24 Jane Doe 4B's Answers to Sage's 1st Roggs (Caitlin Spradling)(Final).pdf,Doe et al. v. Liberty Healthcare et al/04b_Caitlin Spradling (Jane Doe 4B)/_PLEADINGS,.pdf,19,pdf_parsed,233,3/18/26,3/18/26,2.1691E+12,No
2025-11-24 Jane Doe 4B's Answers to Tatro's 2nd Roggs (Caitlin Spradling)(Final).pdf,Doe et al. v. Liberty Healthcare et al/04b_Caitlin Spradling (Jane Doe 4B)/_PLEADINGS/2025-11-24 Jane Doe 4B's Answers to Tatro's 2nd Roggs (Caitlin Spradling)(Final).pdf,Doe et al. v. Liberty Healthcare et al/04b_Caitlin Spradling (Jane Doe 4B)/_PLEADINGS,.pdf,25,pdf_parsed,267.4,3/18/26,3/18/26,2.1691E+12,No
2025-11-24 Jane Doe 4B's Responses to Caywood's 1st RFPs (Caitlin Spradling)(Final).pdf,Doe et al. v. Liberty Healthcare et al/00_All Cases/LIBERTY - Disc Resps/2025-11-24 Jane Doe 4B's Responses to Caywood's 1st RFPs (Caitlin Spradling)(Final).pdf,Doe et al. v. Liberty Healthcare et al/00_All Cases/LIBERTY - Disc Resps,.pdf,7,pdf_parsed,148.3,3/18/26,3/18/26,2.16907E+12,Yes
2025-11-24 Jane Doe 4B's Responses to Caywood's 1st RFPs (Caitlin Spradling)(Final).pdf,Doe et al. v. Liberty Healthcare et al/04b_Caitlin Spradling (Jane Doe 4B)/_PLEADINGS/2025-11-24 Jane Doe 4B's Responses to Caywood's 1st RFPs (Caitlin Spradling)(Final).pdf,Doe et al. v. Liberty Healthcare et al/04b_Caitlin Spradling (Jane Doe 4B)/_PLEADINGS,.pdf,7,pdf_parsed,148.3,3/18/26,3/18/26,2.16909E+12,Yes
2025-11-24 Jane Doe 4B's Responses to Gay's 1st RFPs (Caitlin Spradling)(Final).pdf,Doe et al. v. Liberty Healthcare et al/00_All Cases/LIBERTY - Disc Resps/2025-11-24 Jane Doe 4B's Responses to Gay's 1st RFPs (Caitlin Spradling)(Final).pdf,Doe et al. v. Liberty Healthcare et al/00_All Cases/LIBERTY - Disc Resps,.pdf,7,pdf_parsed,147.5,3/18/26,3/18/26,2.16906E+12,Yes
2025-11-24 Jane Doe 4B's Responses to Gay's 1st RFPs (Caitlin Spradling)(Final).pdf,Doe et al. v. Liberty Healthcare et al/04b_Caitlin Spradling (Jane Doe 4B)/_PLEADINGS/2025-11-24 Jane Doe 4B's Responses to Gay's 1st RFPs (Caitlin Spradling)(Final).pdf,Doe et al. v. Liberty Healthcare et al/04b_Caitlin Spradling (Jane Doe 4B)/_PLEADINGS,.pdf,7,pdf_parsed,147.5,3/18/26,3/18/26,2.16912E+12,Yes
2025-11-24 Jane Doe 4B's Responses to Hemstreet's 1st RFPs (Caitlin Spradling)(Final).pdf,Doe et al. v. Liberty Healthcare et al/00_All Cases/LIBERTY - Disc Resps/2025-11-24 Jane Doe 4B's Responses to Hemstreet's 1st RFPs (Caitlin Spradling)(Final).pdf,Doe et al. v. Liberty Healthcare et al/00_All Cases/LIBERTY - Disc Resps,.pdf,7,pdf_parsed,147.7,3/18/26,3/18/26,2.16907E+12,Yes
2025-11-24 Jane Doe 4B's Responses to Hemstreet's 1st RFPs (Caitlin Spradling)(Final).pdf,Doe et al. v. Liberty Healthcare et al/04b_Caitlin Spradling (Jane Doe 4B)/_PLEADINGS/2025-11-24 Jane Doe 4B's Responses to Hemstreet's 1st RFPs (Caitlin Spradling)(Final).pdf,Doe et al. v. Liberty Healthcare et al/04b_Caitlin Spradling (Jane Doe 4B)/_PLEADINGS,.pdf,7,pdf_parsed,147.7,3/18/26,3/18/26,2.1691E+12,Yes
2025-11-24 Jane Doe 4B's Responses to Huhman's 1st RFPs (Caitlin Spradling)(Final).pdf,Doe et al. v. Liberty Healthcare et al/00_All Cases/LIBERTY - Disc Resps/2025-11-24 Jane Doe 4B's Responses to Huhman's 1st RFPs (Caitlin Spradling)(Final).pdf,Doe et al. v. Liberty Healthcare et al/00_All Cases/LIBERTY - Disc Resps,.pdf,25,pdf_parsed,218,3/18/26,3/18/26,2.16907E+12,Yes
2025-11-24 Jane Doe 4B's Responses to Huhman's 1st RFPs (Caitlin Spradling)(Final).pdf,Doe et al. v. Liberty Healthcare et al/04b_Caitlin Spradling (Jane Doe 4B)/_PLEADINGS/2025-11-24 Jane Doe 4B's Responses to Huhman's 1st RFPs (Caitlin Spradling)(Final).pdf,Doe et al. v. Liberty Healthcare et al/04b_Caitlin Spradling (Jane Doe 4B)/_PLEADINGS,.pdf,25,pdf_parsed,218,3/18/26,3/18/26,2.16912E+12,Yes
2025-11-24 Jane Doe 4B's Responses to Sage's 1st RFPs (Caitlin Spradling)(Final).pdf,Doe et al. v. Liberty Healthcare et al/00_All Cases/LIBERTY - Disc Resps/2025-11-24 Jane Doe 4B's Responses to Sage's 1st RFPs (Caitlin Spradling)(Final).pdf,Doe et al. v. Liberty Healthcare et al/00_All Cases/LIBERTY - Disc Resps,.pdf,7,pdf_parsed,147.6,3/18/26,3/18/26,2.16907E+12,Yes
2025-11-24 Jane Doe 4B's Responses to Sage's 1st RFPs (Caitlin Spradling)(Final).pdf,Doe et al. v. Liberty Healthcare et al/04b_Caitlin Spradling (Jane Doe 4B)/_PLEADINGS/2025-11-24 Jane Doe 4B's Responses to Sage's 1st RFPs (Caitlin Spradling)(Final).pdf,Doe et al. v. Liberty Healthcare et al/04b_Caitlin Spradling (Jane Doe 4B)/_PLEADINGS,.pdf,7,pdf_parsed,147.6,3/18/26,3/18/26,2.1691E+12,Yes
2025-11-24 Jane Doe 4B's Responses to Tatro's 2nd RFPs (Caitlin Spradling)(Final).pdf,Doe et al. v. Liberty Healthcare et al/00_All Cases/LIBERTY - Disc Resps/2025-11-24 Jane Doe 4B's Responses to Tatro's 2nd RFPs (Caitlin Spradling)(Final).pdf,Doe et al. v. Liberty Healthcare et al/00_All Cases/LIBERTY - Disc Resps,.pdf,7,pdf_parsed,162.1,3/18/26,3/18/26,2.16907E+12,Yes
2025-11-24 Jane Doe 4B's Responses to Tatro's 2nd RFPs (Caitlin Spradling)(Final).pdf,Doe et al. v. Liberty Healthcare et al/04b_Caitlin Spradling (Jane Doe 4B)/_PLEADINGS/2025-11-24 Jane Doe 4B's Responses to Tatro's 2nd RFPs (Caitlin Spradling)(Final).pdf,Doe et al. v. Liberty Healthcare et al/04b_Caitlin Spradling (Jane Doe 4B)/_PLEADINGS,.pdf,7,pdf_parsed,162.1,3/18/26,3/18/26,2.1691E+12,Yes
2025-11-24 Jane Doe 5b's Answers to Caywood's 1st Roggs (Mickey McDade)(Final).pdf,Doe et al. v. Liberty Healthcare et al/05_Mickey McDade (Jane Doe 5)/_PLEADINGS/2025-11-24 Jane Doe 5b's Answers to Caywood's 1st Roggs (Mickey McDade)(Final).pdf,Doe et al. v. Liberty Healthcare et al/05_Mickey McDade (Jane Doe 5)/_PLEADINGS,.pdf,25,pdf_parsed,268.5,3/18/26,3/18/26,2.16905E+12,No
2025-11-24 Jane Doe 5b's Answers to Gay's 1st Roggs (Mickey McDade)(Final).pdf,Doe et al. v. Liberty Healthcare et al/05_Mickey McDade (Jane Doe 5)/_PLEADINGS/2025-11-24 Jane Doe 5b's Answers to Gay's 1st Roggs (Mickey McDade)(Final).pdf,Doe et al. v. Liberty Healthcare et al/05_Mickey McDade (Jane Doe 5)/_PLEADINGS,.pdf,25,pdf_parsed,268.8,3/18/26,3/18/26,2.16906E+12,No
2025-11-24 Jane Doe 5b's Answers to Hemstreet's 1st Roggs (Mickey McDade)(Final).pdf,Doe et al. v. Liberty Healthcare et al/05_Mickey McDade (Jane Doe 5)/_PLEADINGS/2025-11-24 Jane Doe 5b's Answers to Hemstreet's 1st Roggs (Mickey McDade)(Final).pdf,Doe et al. v. Liberty Healthcare et al/05_Mickey McDade (Jane Doe 5)/_PLEADINGS,.pdf,25,pdf_parsed,268.4,3/18/26,3/18/26,2.16906E+12,No
2025-11-24 Jane Doe 5b's answers to Huhman's 1st Roggs's (Mickey McDade)(Final).pdf,Doe et al. v. Liberty Healthcare et al/05_Mickey McDade (Jane Doe 5)/_PLEADINGS/2025-11-24 Jane Doe 5b's answers to Huhman's 1st Roggs's (Mickey McDade)(Final).pdf,Doe et al. v. Liberty Healthcare et al/05_Mickey McDade (Jane Doe 5)/_PLEADINGS,.pdf,38,pdf_parsed,345.9,3/18/26,3/18/26,2.16906E+12,No
2025-11-24 Jane Doe 5b's Answers to Sage's 1st Roggs (Mickey McDade)(Final).pdf,Doe et al. v. Liberty Healthcare et al/05_Mickey McDade (Jane Doe 5)/_PLEADINGS/2025-11-24 Jane Doe 5b's Answers to Sage's 1st Roggs (Mickey McDade)(Final).pdf,Doe et al. v. Liberty Healthcare et al/05_Mickey McDade (Jane Doe 5)/_PLEADINGS,.pdf,25,pdf_parsed,268.7,3/18/26,3/18/26,2.16906E+12,No
2025-11-24 Jane Doe 5b's Answers to Tatro's 2nd Roggs (Mickey McDade)(Final).pdf,Doe et al. v. Liberty Healthcare et al/05_Mickey McDade (Jane Doe 5)/_PLEADINGS/2025-11-24 Jane Doe 5b's Answers to Tatro's 2nd Roggs (Mickey McDade)(Final).pdf,Doe et al. v. Liberty Healthcare et al/05_Mickey McDade (Jane Doe 5)/_PLEADINGS,.pdf,29,pdf_parsed,377.7,3/18/26,3/18/26,2.16906E+12,No
2025-11-24 Jane Doe 5b's Responses to Caywood's 1st RFPs (Mickey McDade)(Final).pdf,Doe et al. v. Liberty Healthcare et al/00_All Cases/LIBERTY - Disc Resps/2025-11-24 Jane Doe 5b's Responses to Caywood's 1st RFPs (Mickey McDade)(Final).pdf,Doe et al. v. Liberty Healthcare et al/00_All Cases/LIBERTY - Disc Resps,.pdf,8,pdf_parsed,158.1,3/18/26,3/18/26,2.16907E+12,Yes
2025-11-24 Jane Doe 5b's Responses to Caywood's 1st RFPs (Mickey McDade)(Final).pdf,Doe et al. v. Liberty Healthcare et al/05_Mickey McDade (Jane Doe 5)/_PLEADINGS/2025-11-24 Jane Doe 5b's Responses to Caywood's 1st RFPs (Mickey McDade)(Final).pdf,Doe et al. v. Liberty Healthcare et al/05_Mickey McDade (Jane Doe 5)/_PLEADINGS,.pdf,8,pdf_parsed,158.1,3/18/26,3/18/26,2.16906E+12,Yes
2025-11-24 Jane Doe 5b's Responses to Gay's 1st RFPs (Mickey McDade)(Final).pdf,Doe et al. v. Liberty Healthcare et al/00_All Cases/LIBERTY - Disc Resps/2025-11-24 Jane Doe 5b's Responses to Gay's 1st RFPs (Mickey McDade)(Final).pdf,Doe et al. v. Liberty Healthcare et al/00_All Cases/LIBERTY - Disc Resps,.pdf,8,pdf_parsed,157.5,3/18/26,3/18/26,2.16906E+12,Yes
2025-11-24 Jane Doe 5b's Responses to Gay's 1st RFPs (Mickey McDade)(Final).pdf,Doe et al. v. Liberty Healthcare et al/05_Mickey McDade (Jane Doe 5)/_PLEADINGS/2025-11-24 Jane Doe 5b's Responses to Gay's 1st RFPs (Mickey McDade)(Final).pdf,Doe et al. v. Liberty Healthcare et al/05_Mickey McDade (Jane Doe 5)/_PLEADINGS,.pdf,8,pdf_parsed,157.5,3/18/26,3/18/26,2.16906E+12,Yes
2025-11-24 Jane Doe 5b's Responses to Hemstreet's 1st RFPs (Mickey McDade)(Final).pdf,Doe et al. v. Liberty Healthcare et al/00_All Cases/LIBERTY - Disc Resps/2025-11-24 Jane Doe 5b's Responses to Hemstreet's 1st RFPs (Mickey McDade)(Final).pdf,Doe et al. v. Liberty Healthcare et al/00_All Cases/LIBERTY - Disc Resps,.pdf,8,pdf_parsed,157.2,3/18/26,3/18/26,2.16906E+12,Yes
2025-11-24 Jane Doe 5b's Responses to Hemstreet's 1st RFPs (Mickey McDade)(Final).pdf,Doe et al. v. Liberty Healthcare et al/05_Mickey McDade (Jane Doe 5)/_PLEADINGS/2025-11-24 Jane Doe 5b's Responses to Hemstreet's 1st RFPs (Mickey McDade)(Final).pdf,Doe et al. v. Liberty Healthcare et al/05_Mickey McDade (Jane Doe 5)/_PLEADINGS,.pdf,8,pdf_parsed,157.2,3/18/26,3/18/26,2.16906E+12,Yes
2025-11-24 Jane Doe 5b's Responses to Huhman's 1st RFP's (Mickey McDade)(Final).pdf,Doe et al. v. Liberty Healthcare et al/00_All Cases/LIBERTY - Disc Resps/2025-11-24 Jane Doe 5b's Responses to Huhman's 1st RFP's (Mickey McDade)(Final).pdf,Doe et al. v. Liberty Healthcare et al/00_All Cases/LIBERTY - Disc Resps,.pdf,25,pdf_parsed,291.7,3/18/26,3/18/26,2.16907E+12,Yes
2025-11-24 Jane Doe 5b's Responses to Huhman's 1st RFP's (Mickey McDade)(Final).pdf,Doe et al. v. Liberty Healthcare et al/05_Mickey McDade (Jane Doe 5)/_PLEADINGS/2025-11-24 Jane Doe 5b's Responses to Huhman's 1st RFP's (Mickey McDade)(Final).pdf,Doe et al. v. Liberty Healthcare et al/05_Mickey McDade (Jane Doe 5)/_PLEADINGS,.pdf,25,pdf_parsed,291.7,3/18/26,3/18/26,2.16906E+12,Yes
2025-11-24 Jane Doe 5b's Responses to Sage's 1st RFPs (Mickey McDade)(Final).pdf,Doe et al. v. Liberty Healthcare et al/00_All Cases/LIBERTY - Disc Resps/2025-11-24 Jane Doe 5b's Responses to Sage's 1st RFPs (Mickey McDade)(Final).pdf,Doe et al. v. Liberty Healthcare et al/00_All Cases/LIBERTY - Disc Resps,.pdf,8,pdf_parsed,157.2,3/18/26,3/18/26,2.16907E+12,Yes
2025-11-24 Jane Doe 5b's Responses to Sage's 1st RFPs (Mickey McDade)(Final).pdf,Doe et al. v. Liberty Healthcare et al/05_Mickey McDade (Jane Doe 5)/_PLEADINGS/2025-11-24 Jane Doe 5b's Responses to Sage's 1st RFPs (Mickey McDade)(Final).pdf,Doe et al. v. Liberty Healthcare et al/05_Mickey McDade (Jane Doe 5)/_PLEADINGS,.pdf,8,pdf_parsed,157.2,3/18/26,3/18/26,2.16906E+12,Yes
2025-11-24 Jane Doe 5b's Responses to Tatro's 1st RFPs (Mickey McDade)(Final).pdf,Doe et al. v. Liberty Healthcare et al/00_All Cases/LIBERTY - Disc Resps/2025-11-24 Jane Doe 5b's Responses to Tatro's 1st RFPs (Mickey McDade)(Final).pdf,Doe et al. v. Liberty Healthcare et al/00_All Cases/LIBERTY - Disc Resps,.pdf,8,pdf_parsed,168.4,3/18/26,3/18/26,2.16907E+12,Yes
2025-11-24 Jane Doe 5b's Responses to Tatro's 1st RFPs (Mickey McDade)(Final).pdf,Doe et al. v. Liberty Healthcare et al/05_Mickey McDade (Jane Doe 5)/_PLEADINGS/2025-11-24 Jane Doe 5b's Responses to Tatro's 1st RFPs (Mickey McDade)(Final).pdf,Doe et al. v. Liberty Healthcare et al/05_Mickey McDade (Jane Doe 5)/_PLEADINGS,.pdf,8,pdf_parsed,168.4,3/18/26,3/18/26,2.16906E+12,Yes
2025-11-24 Jane Doe 7B's Answers to Caywood's 1st Roggs (Launa Richardson)(Final).pdf,Doe et al. v. Liberty Healthcare et al/07b_Launa Richardson (Jane Doe 7B)/_PLEADINGS/2025-11-24 Jane Doe 7B's Answers to Caywood's 1st Roggs (Launa Richardson)(Final).pdf,Doe et al. v. Liberty Healthcare et al/07b_Launa Richardson (Jane Doe 7B)/_PLEADINGS,.pdf,18,pdf_parsed,228,3/18/26,3/18/26,2.16906E+12,No
2025-11-24 Jane Doe 7B's Answers to Gay's 1st Roggs (Launa Richardson)(Final).pdf,Doe et al. v. Liberty Healthcare et al/07b_Launa Richardson (Jane Doe 7B)/_PLEADINGS/2025-11-24 Jane Doe 7B's Answers to Gay's 1st Roggs (Launa Richardson)(Final).pdf,Doe et al. v. Liberty Healthcare et al/07b_Launa Richardson (Jane Doe 7B)/_PLEADINGS,.pdf,18,pdf_parsed,228.1,3/18/26,3/18/26,2.16906E+12,No
2025-11-24 Jane Doe 7B's Answers to Hemstreet's 1st Roggs (Launa Richardson)(Final).pdf,Doe et al. v. Liberty Healthcare et al/07b_Launa Richardson (Jane Doe 7B)/_PLEADINGS/2025-11-24 Jane Doe 7B's Answers to Hemstreet's 1st Roggs (Launa Richardson)(Final).pdf,Doe et al. v. Liberty Healthcare et al/07b_Launa Richardson (Jane Doe 7B)/_PLEADINGS,.pdf,18,pdf_parsed,228.4,3/18/26,3/18/26,2.16906E+12,No
2025-11-24 Jane Doe 7B's Answers to Huhman's 1st Roggs (Launa Richardson)(Final).pdf,Doe et al. v. Liberty Healthcare et al/07b_Launa Richardson (Jane Doe 7B)/_PLEADINGS/2025-11-24 Jane Doe 7B's Answers to Huhman's 1st Roggs (Launa Richardson)(Final).pdf,Doe et al. v. Liberty Healthcare et al/07b_Launa Richardson (Jane Doe 7B)/_PLEADINGS,.pdf,37,pdf_parsed,315.2,3/18/26,3/18/26,2.16906E+12,No
2025-11-24 Jane Doe 7B's Answers to Sage's 1st Roggs (Launa Richardson)(Final).pdf,Doe et al. v. Liberty Healthcare et al/07b_Launa Richardson (Jane Doe 7B)/_PLEADINGS/2025-11-24 Jane Doe 7B's Answers to Sage's 1st Roggs (Launa Richardson)(Final).pdf,Doe et al. v. Liberty Healthcare et al/07b_Launa Richardson (Jane Doe 7B)/_PLEADINGS,.pdf,18,pdf_parsed,227.9,3/18/26,3/18/26,2.16905E+12,No
2025-11-24 Jane Doe 7B's Answers to Tatro's 2nd Roggs (Launa Richardson)(Final).pdf,Doe et al. v. Liberty Healthcare et al/07b_Launa Richardson (Jane Doe 7B)/_PLEADINGS/2025-11-24 Jane Doe 7B's Answers to Tatro's 2nd Roggs (Launa Richardson)(Final).pdf,Doe et al. v. Liberty Healthcare et al/07b_Launa Richardson (Jane Doe 7B)/_PLEADINGS,.pdf,24,pdf_parsed,260,3/18/26,3/18/26,2.16906E+12,No
2025-11-24 Jane Doe 7B's Responses to Caywood's 1st RFPs (Launa Richardson)(Final).pdf,Doe et al. v. Liberty Healthcare et al/00_All Cases/LIBERTY - Disc Resps/2025-11-24 Jane Doe 7B's Responses to Caywood's 1st RFPs (Launa Richardson)(Final).pdf,Doe et al. v. Liberty Healthcare et al/00_All Cases/LIBERTY - Disc Resps,.pdf,7,pdf_parsed,147.6,3/18/26,3/18/26,2.16906E+12,Yes
2025-11-24 Jane Doe 7B's Responses to Caywood's 1st RFPs (Launa Richardson)(Final).pdf,Doe et al. v. Liberty Healthcare et al/07b_Launa Richardson (Jane Doe 7B)/_PLEADINGS/2025-11-24 Jane Doe 7B's Responses to Caywood's 1st RFPs (Launa Richardson)(Final).pdf,Doe et al. v. Liberty Healthcare et al/07b_Launa Richardson (Jane Doe 7B)/_PLEADINGS,.pdf,7,pdf_parsed,147.6,3/18/26,3/18/26,2.16906E+12,Yes
2025-11-24 Jane Doe 7B's Responses to Gay's 1st RFPs (Launa Richardson)(Final).pdf,Doe et al. v. Liberty Healthcare et al/00_All Cases/LIBERTY - Disc Resps/2025-11-24 Jane Doe 7B's Responses to Gay's 1st RFPs (Launa Richardson)(Final).pdf,Doe et al. v. Liberty Healthcare et al/00_All Cases/LIBERTY - Disc Resps,.pdf,7,pdf_parsed,146.9,3/18/26,3/18/26,2.16907E+12,Yes
2025-11-24 Jane Doe 7B's Responses to Gay's 1st RFPs (Launa Richardson)(Final).pdf,Doe et al. v. Liberty Healthcare et al/07b_Launa Richardson (Jane Doe 7B)/_PLEADINGS/2025-11-24 Jane Doe 7B's Responses to Gay's 1st RFPs (Launa Richardson)(Final).pdf,Doe et al. v. Liberty Healthcare et al/07b_Launa Richardson (Jane Doe 7B)/_PLEADINGS,.pdf,7,pdf_parsed,146.9,3/18/26,3/18/26,2.16906E+12,Yes
2025-11-24 Jane Doe 7B's Responses to Hemstreet's 1st RFPs (Launa Richardson)(Final).pdf,Doe et al. v. Liberty Healthcare et al/00_All Cases/LIBERTY - Disc Resps/2025-11-24 Jane Doe 7B's Responses to Hemstreet's 1st RFPs (Launa Richardson)(Final).pdf,Doe et al. v. Liberty Healthcare et al/00_All Cases/LIBERTY - Disc Resps,.pdf,7,pdf_parsed,146.9,3/18/26,3/18/26,2.16906E+12,Yes
2025-11-24 Jane Doe 7B's Responses to Hemstreet's 1st RFPs (Launa Richardson)(Final).pdf,Doe et al. v. Liberty Healthcare et al/07b_Launa Richardson (Jane Doe 7B)/_PLEADINGS/2025-11-24 Jane Doe 7B's Responses to Hemstreet's 1st RFPs (Launa Richardson)(Final).pdf,Doe et al. v. Liberty Healthcare et al/07b_Launa Richardson (Jane Doe 7B)/_PLEADINGS,.pdf,7,pdf_parsed,146.9,3/18/26,3/18/26,2.16906E+12,Yes
2025-11-24 Jane Doe 7B's Responses to Huhman's 1st RFPs (Launa Richardson)(Final).pdf,Doe et al. v. Liberty Healthcare et al/00_All Cases/LIBERTY - Disc Resps/2025-11-24 Jane Doe 7B's Responses to Huhman's 1st RFPs (Launa Richardson)(Final).pdf,Doe et al. v. Liberty Healthcare et al/00_All Cases/LIBERTY - Disc Resps,.pdf,25,pdf_parsed,215.5,3/18/26,3/18/26,2.16907E+12,Yes
2025-11-24 Jane Doe 7B's Responses to Huhman's 1st RFPs (Launa Richardson)(Final).pdf,Doe et al. v. Liberty Healthcare et al/07b_Launa Richardson (Jane Doe 7B)/_PLEADINGS/2025-11-24 Jane Doe 7B's Responses to Huhman's 1st RFPs (Launa Richardson)(Final).pdf,Doe et al. v. Liberty Healthcare et al/07b_Launa Richardson (Jane Doe 7B)/_PLEADINGS,.pdf,25,pdf_parsed,215.5,3/18/26,3/18/26,2.16906E+12,Yes
2025-11-24 Jane Doe 7B's Responses to Sage's 1st RFPs (Launa Richardson)(Final).pdf,Doe et al. v. Liberty Healthcare et al/00_All Cases/LIBERTY - Disc Resps/2025-11-24 Jane Doe 7B's Responses to Sage's 1st RFPs (Launa Richardson)(Final).pdf,Doe et al. v. Liberty Healthcare et al/00_All Cases/LIBERTY - Disc Resps,.pdf,7,pdf_parsed,146.9,3/18/26,3/18/26,2.16907E+12,Yes
2025-11-24 Jane Doe 7B's Responses to Sage's 1st RFPs (Launa Richardson)(Final).pdf,Doe et al. v. Liberty Healthcare et al/07b_Launa Richardson (Jane Doe 7B)/_PLEADINGS/2025-11-24 Jane Doe 7B's Responses to Sage's 1st RFPs (Launa Richardson)(Final).pdf,Doe et al. v. Liberty Healthcare et al/07b_Launa Richardson (Jane Doe 7B)/_PLEADINGS,.pdf,7,pdf_parsed,146.9,3/18/26,3/18/26,2.16905E+12,Yes
2025-11-24 Jane Doe 7B's Responses to Tatro's 2nd RFPs (Launa Richardson)(Final).pdf,Doe et al. v. Liberty Healthcare et al/00_All Cases/LIBERTY - Disc Resps/2025-11-24 Jane Doe 7B's Responses to Tatro's 2nd RFPs (Launa Richardson)(Final).pdf,Doe et al. v. Liberty Healthcare et al/00_All Cases/LIBERTY - Disc Resps,.pdf,7,pdf_parsed,156.3,3/18/26,3/18/26,2.16907E+12,Yes
2025-11-24 Jane Doe 7B's Responses to Tatro's 2nd RFPs (Launa Richardson)(Final).pdf,Doe et al. v. Liberty Healthcare et al/07b_Launa Richardson (Jane Doe 7B)/_PLEADINGS/2025-11-24 Jane Doe 7B's Responses to Tatro's 2nd RFPs (Launa Richardson)(Final).pdf,Doe et al. v. Liberty Healthcare et al/07b_Launa Richardson (Jane Doe 7B)/_PLEADINGS,.pdf,7,pdf_parsed,156.3,3/18/26,3/18/26,2.16906E+12,Yes
2025-11-24 John Doe 2b's Answers to Caywood's 1st Roggs (MacArthur Finley)(Final).pdf,Doe et al. v. Liberty Healthcare et al/02b_MacArthur Finley (JD2B)/_PLEADINGS/2025-11-24 John Doe 2b's Answers to Caywood's 1st Roggs (MacArthur Finley)(Final).pdf,Doe et al. v. Liberty Healthcare et al/02b_MacArthur Finley (JD2B)/_PLEADINGS,.pdf,20,pdf_parsed,236.4,3/18/26,3/18/26,2.1691E+12,No
2025-11-24 John Doe 2b's Answers to Gay's 1st Roggs (MacArthur Finley)(Final).pdf,Doe et al. v. Liberty Healthcare et al/02b_MacArthur Finley (JD2B)/_PLEADINGS/2025-11-24 John Doe 2b's Answers to Gay's 1st Roggs (MacArthur Finley)(Final).pdf,Doe et al. v. Liberty Healthcare et al/02b_MacArthur Finley (JD2B)/_PLEADINGS,.pdf,20,pdf_parsed,236.8,3/18/26,3/18/26,2.1691E+12,No
2025-11-24 John Doe 2b's Answers to Hemstreet's 1st Roggs (MacArthur Finley)(Final).pdf,Doe et al. v. Liberty Healthcare et al/02b_MacArthur Finley (JD2B)/_PLEADINGS/2025-11-24 John Doe 2b's Answers to Hemstreet's 1st Roggs (MacArthur Finley)(Final).pdf,Doe et al. v. Liberty Healthcare et al/02b_MacArthur Finley (JD2B)/_PLEADINGS,.pdf,20,pdf_parsed,236.9,3/18/26,3/18/26,2.1691E+12,No
2025-11-24 John Doe 2b's Answers to Huhman's 1st Roggs (Mac Arthur Finley)(Final).pdf,Doe et al. v. Liberty Healthcare et al/02b_MacArthur Finley (JD2B)/_PLEADINGS/2025-11-24 John Doe 2b's Answers to Huhman's 1st Roggs (Mac Arthur Finley)(Final).pdf,Doe et al. v. Liberty Healthcare et al/02b_MacArthur Finley (JD2B)/_PLEADINGS,.pdf,40,pdf_parsed,320.2,3/18/26,3/18/26,2.1691E+12,No
2025-11-24 John Doe 2b's Answers to Sage's 1st Roggs (MacArthur Finley)(Final).pdf,Doe et al. v. Liberty Healthcare et al/02b_MacArthur Finley (JD2B)/_PLEADINGS/2025-11-24 John Doe 2b's Answers to Sage's 1st Roggs (MacArthur Finley)(Final).pdf,Doe et al. v. Liberty Healthcare et al/02b_MacArthur Finley (JD2B)/_PLEADINGS,.pdf,20,pdf_parsed,236.9,3/18/26,3/18/26,2.1691E+12,No
2025-11-24 John Doe 2b's Answers to Tatro's 2nd Roggs (Mac Arthur Finley)(Final).pdf,Doe et al. v. Liberty Healthcare et al/02b_MacArthur Finley (JD2B)/_PLEADINGS/2025-11-24 John Doe 2b's Answers to Tatro's 2nd Roggs (Mac Arthur Finley)(Final).pdf,Doe et al. v. Liberty Healthcare et al/02b_MacArthur Finley (JD2B)/_PLEADINGS,.pdf,27,pdf_parsed,271.7,3/18/26,3/18/26,2.1691E+12,No
2025-11-24 John Doe 2b's Responses to Caywood's 1st RFPs (MacArthur Finley)(Final).pdf,Doe et al. v. Liberty Healthcare et al/00_All Cases/LIBERTY - Disc Resps/2025-11-24 John Doe 2b's Responses to Caywood's 1st RFPs (MacArthur Finley)(Final).pdf,Doe et al. v. Liberty Healthcare et al/00_All Cases/LIBERTY - Disc Resps,.pdf,7,pdf_parsed,148.1,3/18/26,3/18/26,2.16907E+12,Yes
2025-11-24 John Doe 2b's Responses to Caywood's 1st RFPs (MacArthur Finley)(Final).pdf,Doe et al. v. Liberty Healthcare et al/02b_MacArthur Finley (JD2B)/_PLEADINGS/2025-11-24 John Doe 2b's Responses to Caywood's 1st RFPs (MacArthur Finley)(Final).pdf,Doe et al. v. Liberty Healthcare et al/02b_MacArthur Finley (JD2B)/_PLEADINGS,.pdf,7,pdf_parsed,148.1,3/18/26,3/18/26,2.1691E+12,Yes
2025-11-24 John Doe 2b's Responses to Gay's 1st RFPs (MacArthur Finley)(Final).pdf,Doe et al. v. Liberty Healthcare et al/00_All Cases/LIBERTY - Disc Resps/2025-11-24 John Doe 2b's Responses to Gay's 1st RFPs (MacArthur Finley)(Final).pdf,Doe et al. v. Liberty Healthcare et al/00_All Cases/LIBERTY - Disc Resps,.pdf,7,pdf_parsed,147.3,3/18/26,3/18/26,2.16906E+12,Yes
2025-11-24 John Doe 2b's Responses to Gay's 1st RFPs (MacArthur Finley)(Final).pdf,Doe et al. v. Liberty Healthcare et al/02b_MacArthur Finley (JD2B)/_PLEADINGS/2025-11-24 John Doe 2b's Responses to Gay's 1st RFPs (MacArthur Finley)(Final).pdf,Doe et al. v. Liberty Healthcare et al/02b_MacArthur Finley (JD2B)/_PLEADINGS,.pdf,7,pdf_parsed,147.3,3/18/26,3/18/26,2.1691E+12,Yes
2025-11-24 John Doe 2b's Responses to Hemstreet's 1st RFPs (MacArthur Finley)(Final).pdf,Doe et al. v. Liberty Healthcare et al/00_All Cases/LIBERTY - Disc Resps/2025-11-24 John Doe 2b's Responses to Hemstreet's 1st RFPs (MacArthur Finley)(Final).pdf,Doe et al. v. Liberty Healthcare et al/00_All Cases/LIBERTY - Disc Resps,.pdf,7,pdf_parsed,147.4,3/18/26,3/18/26,2.16906E+12,Yes
2025-11-24 John Doe 2b's Responses to Hemstreet's 1st RFPs (MacArthur Finley)(Final).pdf,Doe et al. v. Liberty Healthcare et al/02b_MacArthur Finley (JD2B)/_PLEADINGS/2025-11-24 John Doe 2b's Responses to Hemstreet's 1st RFPs (MacArthur Finley)(Final).pdf,Doe et al. v. Liberty Healthcare et al/02b_MacArthur Finley (JD2B)/_PLEADINGS,.pdf,7,pdf_parsed,147.4,3/18/26,3/18/26,2.1691E+12,Yes
2025-11-24 John Doe 2b's Responses to Huhman's 1st RFPs (Mac Arthur Finley)(Final).pdf,Doe et al. v. Liberty Healthcare et al/00_All Cases/LIBERTY - Disc Resps/2025-11-24 John Doe 2b's Responses to Huhman's 1st RFPs (Mac Arthur Finley)(Final).pdf,Doe et al. v. Liberty Healthcare et al/00_All Cases/LIBERTY - Disc Resps,.pdf,25,pdf_parsed,217.9,3/18/26,3/18/26,2.16906E+12,No
2025-11-24 John Doe 2b's Responses to Huhman's 1st RFPs (MacArthur Finley)(Final).pdf,Doe et al. v. Liberty Healthcare et al/02b_MacArthur Finley (JD2B)/_PLEADINGS/2025-11-24 John Doe 2b's Responses to Huhman's 1st RFPs (MacArthur Finley)(Final).pdf,Doe et al. v. Liberty Healthcare et al/02b_MacArthur Finley (JD2B)/_PLEADINGS,.pdf,25,pdf_parsed,217.9,3/18/26,3/18/26,2.16911E+12,No
2025-11-24 John Doe 2b's Responses to Sage's 1st RFPs (MacArthur Finley)(Final).pdf,Doe et al. v. Liberty Healthcare et al/00_All Cases/LIBERTY - Disc Resps/2025-11-24 John Doe 2b's Responses to Sage's 1st RFPs (MacArthur Finley)(Final).pdf,Doe et al. v. Liberty Healthcare et al/00_All Cases/LIBERTY - Disc Resps,.pdf,7,pdf_parsed,147.2,3/18/26,3/18/26,2.16907E+12,Yes
2025-11-24 John Doe 2b's Responses to Sage's 1st RFPs (MacArthur Finley)(Final).pdf,Doe et al. v. Liberty Healthcare et al/02b_MacArthur Finley (JD2B)/_PLEADINGS/2025-11-24 John Doe 2b's Responses to Sage's 1st RFPs (MacArthur Finley)(Final).pdf,Doe et al. v. Liberty Healthcare et al/02b_MacArthur Finley (JD2B)/_PLEADINGS,.pdf,7,pdf_parsed,147.2,3/18/26,3/18/26,2.1691E+12,Yes
2025-11-24 John Doe 2b's Responses to Tatro's 2nd RFPs (Mac Arthur Finley)(Final).pdf,Doe et al. v. Liberty Healthcare et al/00_All Cases/LIBERTY - Disc Resps/2025-11-24 John Doe 2b's Responses to Tatro's 2nd RFPs (Mac Arthur Finley)(Final).pdf,Doe et al. v. Liberty Healthcare et al/00_All Cases/LIBERTY - Disc Resps,.pdf,7,pdf_parsed,160.7,3/18/26,3/18/26,2.16907E+12,No
2025-11-24 John Doe 2b's Responses to Tatro's 2nd RFPs (MacArthur Finley)(Final).pdf,Doe et al. v. Liberty Healthcare et al/02b_MacArthur Finley (JD2B)/_PLEADINGS/2025-11-24 John Doe 2b's Responses to Tatro's 2nd RFPs (MacArthur Finley)(Final).pdf,Doe et al. v. Liberty Healthcare et al/02b_MacArthur Finley (JD2B)/_PLEADINGS,.pdf,7,pdf_parsed,160.7,3/18/26,3/18/26,2.1691E+12,No
2025-11-24 John Doe 3B's Answers to Caywood's 1st Roggs (Theodore Clark)(Final).pdf,Doe et al. v. Liberty Healthcare et al/03b_Theodore Clark (JD3B)/_PLEADINGS/2025-11-24 John Doe 3B's Answers to Caywood's 1st Roggs (Theodore Clark)(Final).pdf,Doe et al. v. Liberty Healthcare et al/03b_Theodore Clark (JD3B)/_PLEADINGS,.pdf,20,pdf_parsed,238,3/18/26,3/18/26,2.16907E+12,No
2025-11-24 John Doe 3B's Answers to Gay's 1st Roggs (Theodore Clark)(Final).pdf,Doe et al. v. Liberty Healthcare et al/03b_Theodore Clark (JD3B)/_PLEADINGS/2025-11-24 John Doe 3B's Answers to Gay's 1st Roggs (Theodore Clark)(Final).pdf,Doe et al. v. Liberty Healthcare et al/03b_Theodore Clark (JD3B)/_PLEADINGS,.pdf,20,pdf_parsed,238.1,3/18/26,3/18/26,2.16906E+12,No
2025-11-24 John Doe 3B's Answers to Hemstreet's 1st Roggs (Theodore Clark)(Final).pdf,Doe et al. v. Liberty Healthcare et al/03b_Theodore Clark (JD3B)/_PLEADINGS/2025-11-24 John Doe 3B's Answers to Hemstreet's 1st Roggs (Theodore Clark)(Final).pdf,Doe et al. v. Liberty Healthcare et al/03b_Theodore Clark (JD3B)/_PLEADINGS,.pdf,20,pdf_parsed,238.1,3/18/26,3/18/26,2.16907E+12,No
2025-11-24 John Doe 3B's Answers to Huhman's 1st Roggs (Theodore Clark)(Final).pdf,Doe et al. v. Liberty Healthcare et al/03b_Theodore Clark (JD3B)/_PLEADINGS/2025-11-24 John Doe 3B's Answers to Huhman's 1st Roggs (Theodore Clark)(Final).pdf,Doe et al. v. Liberty Healthcare et al/03b_Theodore Clark (JD3B)/_PLEADINGS,.pdf,38,pdf_parsed,323.3,3/18/26,3/18/26,2.16907E+12,No
2025-11-24 John Doe 3B's Answers to Sage's 1st Roggs (Theodore Clark)(Final).pdf,Doe et al. v. Liberty Healthcare et al/03b_Theodore Clark (JD3B)/_PLEADINGS/2025-11-24 John Doe 3B's Answers to Sage's 1st Roggs (Theodore Clark)(Final).pdf,Doe et al. v. Liberty Healthcare et al/03b_Theodore Clark (JD3B)/_PLEADINGS,.pdf,20,pdf_parsed,238.2,3/18/26,3/18/26,2.16906E+12,No
2025-11-24 John Doe 3B's Answers to Tatro's 2nd Roggs (Theodore Clark)(Final).pdf,Doe et al. v. Liberty Healthcare et al/03b_Theodore Clark (JD3B)/_PLEADINGS/2025-11-24 John Doe 3B's Answers to Tatro's 2nd Roggs (Theodore Clark)(Final).pdf,Doe et al. v. Liberty Healthcare et al/03b_Theodore Clark (JD3B)/_PLEADINGS,.pdf,26,pdf_parsed,269.6,3/18/26,3/18/26,2.16907E+12,No
2025-11-24 John Doe 3B's Responses to Caywood's 1st RFPs (Theodore Clark)(Final).pdf,Doe et al. v. Liberty Healthcare et al/00_All Cases/LIBERTY - Disc Resps/2025-11-24 John Doe 3B's Responses to Caywood's 1st RFPs (Theodore Clark)(Final).pdf,Doe et al. v. Liberty Healthcare et al/00_All Cases/LIBERTY - Disc Resps,.pdf,7,pdf_parsed,148.5,3/18/26,3/18/26,2.16906E+12,Yes
2025-11-24 John Doe 3B's Responses to Caywood's 1st RFPs (Theodore Clark)(Final).pdf,Doe et al. v. Liberty Healthcare et al/03b_Theodore Clark (JD3B)/_PLEADINGS/2025-11-24 John Doe 3B's Responses to Caywood's 1st RFPs (Theodore Clark)(Final).pdf,Doe et al. v. Liberty Healthcare et al/03b_Theodore Clark (JD3B)/_PLEADINGS,.pdf,7,pdf_parsed,148.5,3/18/26,3/18/26,2.16907E+12,Yes
2025-11-24 John Doe 3B's Responses to Gay's 1st RFPs (Theodore Clark)(Final).pdf,Doe et al. v. Liberty Healthcare et al/00_All Cases/LIBERTY - Disc Resps/2025-11-24 John Doe 3B's Responses to Gay's 1st RFPs (Theodore Clark)(Final).pdf,Doe et al. v. Liberty Healthcare et al/00_All Cases/LIBERTY - Disc Resps,.pdf,7,pdf_parsed,147.7,3/18/26,3/18/26,2.16906E+12,Yes
2025-11-24 John Doe 3B's Responses to Gay's 1st RFPs (Theodore Clark)(Final).pdf,Doe et al. v. Liberty Healthcare et al/03b_Theodore Clark (JD3B)/_PLEADINGS/2025-11-24 John Doe 3B's Responses to Gay's 1st RFPs (Theodore Clark)(Final).pdf,Doe et al. v. Liberty Healthcare et al/03b_Theodore Clark (JD3B)/_PLEADINGS,.pdf,7,pdf_parsed,147.7,3/18/26,3/18/26,2.16907E+12,Yes
2025-11-24 John Doe 3B's Responses to Hemstreet's 1st RFPs (Theodore Clark)(Final).pdf,Doe et al. v. Liberty Healthcare et al/00_All Cases/LIBERTY - Disc Resps/2025-11-24 John Doe 3B's Responses to Hemstreet's 1st RFPs (Theodore Clark)(Final).pdf,Doe et al. v. Liberty Healthcare et al/00_All Cases/LIBERTY - Disc Resps,.pdf,7,pdf_parsed,147.8,3/18/26,3/18/26,2.16907E+12,Yes
2025-11-24 John Doe 3B's Responses to Hemstreet's 1st RFPs (Theodore Clark)(Final).pdf,Doe et al. v. Liberty Healthcare et al/03b_Theodore Clark (JD3B)/_PLEADINGS/2025-11-24 John Doe 3B's Responses to Hemstreet's 1st RFPs (Theodore Clark)(Final).pdf,Doe et al. v. Liberty Healthcare et al/03b_Theodore Clark (JD3B)/_PLEADINGS,.pdf,7,pdf_parsed,147.8,3/18/26,3/18/26,2.16907E+12,Yes
2025-11-24 John Doe 3B's Responses to Huhman's 1st RFPs (Theodore Clark)(Final).pdf,Doe et al. v. Liberty Healthcare et al/00_All Cases/LIBERTY - Disc Resps/2025-11-24 John Doe 3B's Responses to Huhman's 1st RFPs (Theodore Clark)(Final).pdf,Doe et al. v. Liberty Healthcare et al/00_All Cases/LIBERTY - Disc Resps,.pdf,26,pdf_parsed,213.8,3/18/26,3/18/26,2.16906E+12,Yes
2025-11-24 John Doe 3B's Responses to Huhman's 1st RFPs (Theodore Clark)(Final).pdf,Doe et al. v. Liberty Healthcare et al/03b_Theodore Clark (JD3B)/_PLEADINGS/2025-11-24 John Doe 3B's Responses to Huhman's 1st RFPs (Theodore Clark)(Final).pdf,Doe et al. v. Liberty Healthcare et al/03b_Theodore Clark (JD3B)/_PLEADINGS,.pdf,26,pdf_parsed,213.8,3/18/26,3/18/26,2.16906E+12,Yes
2025-11-24 John Doe 3B's Responses to Sage's 1st RFPs (Theodore Clark)(Final).pdf,Doe et al. v. Liberty Healthcare et al/00_All Cases/LIBERTY - Disc Resps/2025-11-24 John Doe 3B's Responses to Sage's 1st RFPs (Theodore Clark)(Final).pdf,Doe et al. v. Liberty Healthcare et al/00_All Cases/LIBERTY - Disc Resps,.pdf,7,pdf_parsed,147.7,3/18/26,3/18/26,2.16906E+12,Yes
2025-11-24 John Doe 3B's Responses to Sage's 1st RFPs (Theodore Clark)(Final).pdf,Doe et al. v. Liberty Healthcare et al/03b_Theodore Clark (JD3B)/_PLEADINGS/2025-11-24 John Doe 3B's Responses to Sage's 1st RFPs (Theodore Clark)(Final).pdf,Doe et al. v. Liberty Healthcare et al/03b_Theodore Clark (JD3B)/_PLEADINGS,.pdf,7,pdf_parsed,147.7,3/18/26,3/18/26,2.16906E+12,Yes
2025-11-24 John Doe 3B's Responses to Tatro's RFPs (Theodore Clark)(Final).pdf,Doe et al. v. Liberty Healthcare et al/00_All Cases/LIBERTY - Disc Resps/2025-11-24 John Doe 3B's Responses to Tatro's RFPs (Theodore Clark)(Final).pdf,Doe et al. v. Liberty Healthcare et al/00_All Cases/LIBERTY - Disc Resps,.pdf,7,pdf_parsed,157.2,3/18/26,3/18/26,2.16907E+12,Yes
2025-11-24 John Doe 3B's Responses to Tatro's RFPs (Theodore Clark)(Final).pdf,Doe et al. v. Liberty Healthcare et al/03b_Theodore Clark (JD3B)/_PLEADINGS/2025-11-24 John Doe 3B's Responses to Tatro's RFPs (Theodore Clark)(Final).pdf,Doe et al. v. Liberty Healthcare et al/03b_Theodore Clark (JD3B)/_PLEADINGS,.pdf,7,pdf_parsed,157.2,3/18/26,3/18/26,2.16907E+12,Yes
2025-11-24 John Doe 4's Answers to Caywood's 1st Roggs (Dakota Norman)(Final).pdf,Doe et al. v. Liberty Healthcare et al/04_Dakota Norman (John Doe 4)/_PLEADINGS/2025-11-24 John Doe 4's Answers to Caywood's 1st Roggs (Dakota Norman)(Final).pdf,Doe et al. v. Liberty Healthcare et al/04_Dakota Norman (John Doe 4)/_PLEADINGS,.pdf,22,pdf_parsed,258.3,3/18/26,3/18/26,2.16908E+12,No
2025-11-24 John Doe 4's Answers to Gay's 1st Roggs (Dakota Norman)(Final).pdf,Doe et al. v. Liberty Healthcare et al/04_Dakota Norman (John Doe 4)/_PLEADINGS/2025-11-24 John Doe 4's Answers to Gay's 1st Roggs (Dakota Norman)(Final).pdf,Doe et al. v. Liberty Healthcare et al/04_Dakota Norman (John Doe 4)/_PLEADINGS,.pdf,23,pdf_parsed,256.9,3/18/26,3/18/26,2.16908E+12,No
2025-11-24 John Doe 4's Answers to Hemstreet's 1st Roggs (Dakota Norman)(Final).pdf,Doe et al. v. Liberty Healthcare et al/04_Dakota Norman (John Doe 4)/_PLEADINGS/2025-11-24 John Doe 4's Answers to Hemstreet's 1st Roggs (Dakota Norman)(Final).pdf,Doe et al. v. Liberty Healthcare et al/04_Dakota Norman (John Doe 4)/_PLEADINGS,.pdf,23,pdf_parsed,256.9,3/18/26,3/18/26,2.16908E+12,No
2025-11-24 John Doe 4's Answers to Huhman's 1st Roggs's (Dakota Norman)(Final).pdf,Doe et al. v. Liberty Healthcare et al/04_Dakota Norman (John Doe 4)/_PLEADINGS/2025-11-24 John Doe 4's Answers to Huhman's 1st Roggs's (Dakota Norman)(Final).pdf,Doe et al. v. Liberty Healthcare et al/04_Dakota Norman (John Doe 4)/_PLEADINGS,.pdf,37,pdf_parsed,339.7,3/18/26,3/18/26,2.16907E+12,No
2025-11-24 John Doe 4's Answers to Sage's 1st Roggs (Dakota Norman)(Final).pdf,Doe et al. v. Liberty Healthcare et al/04_Dakota Norman (John Doe 4)/_PLEADINGS/2025-11-24 John Doe 4's Answers to Sage's 1st Roggs (Dakota Norman)(Final).pdf,Doe et al. v. Liberty Healthcare et al/04_Dakota Norman (John Doe 4)/_PLEADINGS,.pdf,23,pdf_parsed,256.8,3/18/26,3/18/26,2.16908E+12,No
2025-11-24 John Doe 4's Answers to Tatro's 2nd Roggs (Dakota Norman)(Final).pdf,Doe et al. v. Liberty Healthcare et al/04_Dakota Norman (John Doe 4)/_PLEADINGS/2025-11-24 John Doe 4's Answers to Tatro's 2nd Roggs (Dakota Norman)(Final).pdf,Doe et al. v. Liberty Healthcare et al/04_Dakota Norman (John Doe 4)/_PLEADINGS,.pdf,27,pdf_parsed,371.1,3/18/26,3/18/26,2.16908E+12,No
2025-11-24 John Doe 4's Responses to Caywood's 1st RFPs (Dakota Norman)(Final).pdf,Doe et al. v. Liberty Healthcare et al/00_All Cases/LIBERTY - Disc Resps/2025-11-24 John Doe 4's Responses to Caywood's 1st RFPs (Dakota Norman)(Final).pdf,Doe et al. v. Liberty Healthcare et al/00_All Cases/LIBERTY - Disc Resps,.pdf,7,pdf_parsed,153.3,3/18/26,3/18/26,2.16907E+12,Yes
2025-11-24 John Doe 4's Responses to Caywood's 1st RFPs (Dakota Norman)(Final).pdf,Doe et al. v. Liberty Healthcare et al/04_Dakota Norman (John Doe 4)/_PLEADINGS/2025-11-24 John Doe 4's Responses to Caywood's 1st RFPs (Dakota Norman)(Final).pdf,Doe et al. v. Liberty Healthcare et al/04_Dakota Norman (John Doe 4)/_PLEADINGS,.pdf,7,pdf_parsed,153.3,3/18/26,3/18/26,2.16908E+12,Yes
2025-11-24 John Doe 4's Responses to Gay's 1st RFPs (Dakota Norman)(Final).pdf,Doe et al. v. Liberty Healthcare et al/00_All Cases/LIBERTY - Disc Resps/2025-11-24 John Doe 4's Responses to Gay's 1st RFPs (Dakota Norman)(Final).pdf,Doe et al. v. Liberty Healthcare et al/00_All Cases/LIBERTY - Disc Resps,.pdf,7,pdf_parsed,153.9,3/18/26,3/18/26,2.16906E+12,Yes
2025-11-24 John Doe 4's Responses to Gay's 1st RFPs (Dakota Norman)(Final).pdf,Doe et al. v. Liberty Healthcare et al/04_Dakota Norman (John Doe 4)/_PLEADINGS/2025-11-24 John Doe 4's Responses to Gay's 1st RFPs (Dakota Norman)(Final).pdf,Doe et al. v. Liberty Healthcare et al/04_Dakota Norman (John Doe 4)/_PLEADINGS,.pdf,7,pdf_parsed,153.9,3/18/26,3/18/26,2.16907E+12,Yes
2025-11-24 John Doe 4's Responses to Hemstreet's 1st RFPs (Dakota Norman)(Final).pdf,Doe et al. v. Liberty Healthcare et al/00_All Cases/LIBERTY - Disc Resps/2025-11-24 John Doe 4's Responses to Hemstreet's 1st RFPs (Dakota Norman)(Final).pdf,Doe et al. v. Liberty Healthcare et al/00_All Cases/LIBERTY - Disc Resps,.pdf,7,pdf_parsed,153.3,3/18/26,3/18/26,2.16907E+12,Yes
2025-11-24 John Doe 4's Responses to Hemstreet's 1st RFPs (Dakota Norman)(Final).pdf,Doe et al. v. Liberty Healthcare et al/04_Dakota Norman (John Doe 4)/_PLEADINGS/2025-11-24 John Doe 4's Responses to Hemstreet's 1st RFPs (Dakota Norman)(Final).pdf,Doe et al. v. Liberty Healthcare et al/04_Dakota Norman (John Doe 4)/_PLEADINGS,.pdf,7,pdf_parsed,153.3,3/18/26,3/18/26,2.16908E+12,Yes
2025-11-24 John Doe 4's Responses to Huhman's 1st RFP's (Dakota Norman)(Final).pdf,Doe et al. v. Liberty Healthcare et al/00_All Cases/LIBERTY - Disc Resps/2025-11-24 John Doe 4's Responses to Huhman's 1st RFP's (Dakota Norman)(Final).pdf,Doe et al. v. Liberty Healthcare et al/00_All Cases/LIBERTY - Disc Resps,.pdf,26,pdf_parsed,302.2,3/18/26,3/18/26,2.16907E+12,Yes
2025-11-24 John Doe 4's Responses to Huhman's 1st RFP's (Dakota Norman)(Final).pdf,Doe et al. v. Liberty Healthcare et al/04_Dakota Norman (John Doe 4)/_PLEADINGS/2025-11-24 John Doe 4's Responses to Huhman's 1st RFP's (Dakota Norman)(Final).pdf,Doe et al. v. Liberty Healthcare et al/04_Dakota Norman (John Doe 4)/_PLEADINGS,.pdf,26,pdf_parsed,302.2,3/18/26,3/18/26,2.16908E+12,Yes
2025-11-24 John Doe 4's Responses to Sage's 1st RFPs (Dakota Norman)(Final).pdf,Doe et al. v. Liberty Healthcare et al/00_All Cases/LIBERTY - Disc Resps/2025-11-24 John Doe 4's Responses to Sage's 1st RFPs (Dakota Norman)(Final).pdf,Doe et al. v. Liberty Healthcare et al/00_All Cases/LIBERTY - Disc Resps,.pdf,8,pdf_parsed,155.7,3/18/26,3/18/26,2.16906E+12,Yes
2025-11-24 John Doe 4's Responses to Sage's 1st RFPs (Dakota Norman)(Final).pdf,Doe et al. v. Liberty Healthcare et al/04_Dakota Norman (John Doe 4)/_PLEADINGS/2025-11-24 John Doe 4's Responses to Sage's 1st RFPs (Dakota Norman)(Final).pdf,Doe et al. v. Liberty Healthcare et al/04_Dakota Norman (John Doe 4)/_PLEADINGS,.pdf,8,pdf_parsed,155.7,3/18/26,3/18/26,2.16908E+12,Yes
2025-11-24 John Doe 4's Responses to Tatro's 1st RFPs (Dakota Norman)(Final).pdf,Doe et al. v. Liberty Healthcare et al/00_All Cases/LIBERTY - Disc Resps/2025-11-24 John Doe 4's Responses to Tatro's 1st RFPs (Dakota Norman)(Final).pdf,Doe et al. v. Liberty Healthcare et al/00_All Cases/LIBERTY - Disc Resps,.pdf,7,pdf_parsed,163.9,3/18/26,3/18/26,2.16907E+12,Yes
2025-11-24 John Doe 4's Responses to Tatro's 1st RFPs (Dakota Norman)(Final).pdf,Doe et al. v. Liberty Healthcare et al/04_Dakota Norman (John Doe 4)/_PLEADINGS/2025-11-24 John Doe 4's Responses to Tatro's 1st RFPs (Dakota Norman)(Final).pdf,Doe et al. v. Liberty Healthcare et al/04_Dakota Norman (John Doe 4)/_PLEADINGS,.pdf,7,pdf_parsed,163.9,3/18/26,3/18/26,2.16908E+12,Yes
2025-11-24 John Doe 5b's Answers to Caywood's 1st Roggs (Noah Zoellner)(Final).pdf,Doe et al. v. Liberty Healthcare et al/05b_Noah Zoellner (JD5B)/_PLEADINGS/2025-11-24 John Doe 5b's Answers to Caywood's 1st Roggs (Noah Zoellner)(Final).pdf,Doe et al. v. Liberty Healthcare et al/05b_Noah Zoellner (JD5B)/_PLEADINGS,.pdf,21,pdf_parsed,249,3/18/26,3/18/26,2.16908E+12,No
2025-11-24 John Doe 5b's Answers to Gay's 1st Roggs (Noah Zoellner) (Final).pdf,Doe et al. v. Liberty Healthcare et al/05b_Noah Zoellner (JD5B)/_PLEADINGS/2025-11-24 John Doe 5b's Answers to Gay's 1st Roggs (Noah Zoellner) (Final).pdf,Doe et al. v. Liberty Healthcare et al/05b_Noah Zoellner (JD5B)/_PLEADINGS,.pdf,24,pdf_parsed,253.6,3/18/26,3/18/26,2.16908E+12,No
2025-11-24 John Doe 5b's Answers to Hemstreet's 1st Roggs (Noah Zoellner)(FINAL).pdf,Doe et al. v. Liberty Healthcare et al/05b_Noah Zoellner (JD5B)/_PLEADINGS/2025-11-24 John Doe 5b's Answers to Hemstreet's 1st Roggs (Noah Zoellner)(FINAL).pdf,Doe et al. v. Liberty Healthcare et al/05b_Noah Zoellner (JD5B)/_PLEADINGS,.pdf,25,pdf_parsed,265,3/18/26,3/18/26,2.16908E+12,No
2025-11-24 John Doe 5b's answers to Huhman's 1st Roggs's (Noah Zoellner)(FINAL).pdf,Doe et al. v. Liberty Healthcare et al/05b_Noah Zoellner (JD5B)/_PLEADINGS/2025-11-24 John Doe 5b's answers to Huhman's 1st Roggs's (Noah Zoellner)(FINAL).pdf,Doe et al. v. Liberty Healthcare et al/05b_Noah Zoellner (JD5B)/_PLEADINGS,.pdf,38,pdf_parsed,329.6,3/18/26,3/18/26,2.16907E+12,No
2025-11-24 John Doe 5b's Answers to Sage's 1st Roggs (Noah Zoellner)(FINAL).pdf,Doe et al. v. Liberty Healthcare et al/05b_Noah Zoellner (JD5B)/_PLEADINGS/2025-11-24 John Doe 5b's Answers to Sage's 1st Roggs (Noah Zoellner)(FINAL).pdf,Doe et al. v. Liberty Healthcare et al/05b_Noah Zoellner (JD5B)/_PLEADINGS,.pdf,21,pdf_parsed,249.3,3/18/26,3/18/26,2.16907E+12,No
2025-11-24 John Doe 5b's Answers to Tatro's 2nd Roggs (Noah Zoellner)(FINAL).pdf,Doe et al. v. Liberty Healthcare et al/05b_Noah Zoellner (JD5B)/_PLEADINGS/2025-11-24 John Doe 5b's Answers to Tatro's 2nd Roggs (Noah Zoellner)(FINAL).pdf,Doe et al. v. Liberty Healthcare et al/05b_Noah Zoellner (JD5B)/_PLEADINGS,.pdf,30,pdf_parsed,311.5,3/18/26,3/18/26,2.16908E+12,No
2025-11-24 John Doe 5b's Responses to Caywood's 1st RFPs (Noah Zoellner)(FINAL).pdf,Doe et al. v. Liberty Healthcare et al/00_All Cases/LIBERTY - Disc Resps/2025-11-24 John Doe 5b's Responses to Caywood's 1st RFPs (Noah Zoellner)(FINAL).pdf,Doe et al. v. Liberty Healthcare et al/00_All Cases/LIBERTY - Disc Resps,.pdf,8,pdf_parsed,153.5,3/18/26,3/18/26,2.16906E+12,Yes
2025-11-24 John Doe 5b's Responses to Caywood's 1st RFPs (Noah Zoellner)(FINAL).pdf,Doe et al. v. Liberty Healthcare et al/05b_Noah Zoellner (JD5B)/_PLEADINGS/2025-11-24 John Doe 5b's Responses to Caywood's 1st RFPs (Noah Zoellner)(FINAL).pdf,Doe et al. v. Liberty Healthcare et al/05b_Noah Zoellner (JD5B)/_PLEADINGS,.pdf,8,pdf_parsed,153.5,3/18/26,3/18/26,2.16908E+12,Yes
2025-11-24 John Doe 5b's Responses to Gay's 1st RFPs (Noah Zoellner)(FINAL).pdf,Doe et al. v. Liberty Healthcare et al/00_All Cases/LIBERTY - Disc Resps/2025-11-24 John Doe 5b's Responses to Gay's 1st RFPs (Noah Zoellner)(FINAL).pdf,Doe et al. v. Liberty Healthcare et al/00_All Cases/LIBERTY - Disc Resps,.pdf,7,pdf_parsed,151.4,3/18/26,3/18/26,2.16906E+12,Yes
2025-11-24 John Doe 5b's Responses to Gay's 1st RFPs (Noah Zoellner)(FINAL).pdf,Doe et al. v. Liberty Healthcare et al/05b_Noah Zoellner (JD5B)/_PLEADINGS/2025-11-24 John Doe 5b's Responses to Gay's 1st RFPs (Noah Zoellner)(FINAL).pdf,Doe et al. v. Liberty Healthcare et al/05b_Noah Zoellner (JD5B)/_PLEADINGS,.pdf,7,pdf_parsed,151.4,3/18/26,3/18/26,2.16908E+12,Yes
2025-11-24 John Doe 5b's Responses to Hemstreet's 1st RFPs (Noah Zoellner)(FINAL).pdf,Doe et al. v. Liberty Healthcare et al/00_All Cases/LIBERTY - Disc Resps/2025-11-24 John Doe 5b's Responses to Hemstreet's 1st RFPs (Noah Zoellner)(FINAL).pdf,Doe et al. v. Liberty Healthcare et al/00_All Cases/LIBERTY - Disc Resps,.pdf,8,pdf_parsed,151.1,3/18/26,3/18/26,2.16906E+12,Yes
2025-11-24 John Doe 5b's Responses to Hemstreet's 1st RFPs (Noah Zoellner)(FINAL).pdf,Doe et al. v. Liberty Healthcare et al/05b_Noah Zoellner (JD5B)/_PLEADINGS/2025-11-24 John Doe 5b's Responses to Hemstreet's 1st RFPs (Noah Zoellner)(FINAL).pdf,Doe et al. v. Liberty Healthcare et al/05b_Noah Zoellner (JD5B)/_PLEADINGS,.pdf,8,pdf_parsed,151.1,3/18/26,3/18/26,2.16908E+12,Yes
2025-11-24 John Doe 5b's responses to Huhman's 1st RFP's (Noah Zoellner)(FINAL).pdf,Doe et al. v. Liberty Healthcare et al/00_All Cases/LIBERTY - Disc Resps/2025-11-24 John Doe 5b's responses to Huhman's 1st RFP's (Noah Zoellner)(FINAL).pdf,Doe et al. v. Liberty Healthcare et al/00_All Cases/LIBERTY - Disc Resps,.pdf,25,pdf_parsed,218.1,3/18/26,3/18/26,2.16906E+12,Yes
2025-11-24 John Doe 5b's responses to Huhman's 1st RFP's (Noah Zoellner)(FINAL).pdf,Doe et al. v. Liberty Healthcare et al/05b_Noah Zoellner (JD5B)/_PLEADINGS/2025-11-24 John Doe 5b's responses to Huhman's 1st RFP's (Noah Zoellner)(FINAL).pdf,Doe et al. v. Liberty Healthcare et al/05b_Noah Zoellner (JD5B)/_PLEADINGS,.pdf,25,pdf_parsed,218.1,3/18/26,3/18/26,2.16908E+12,Yes
2025-11-24 John Doe 5b's Responses to Sage's 1st RFPs (Noah Zoellner)(FINAL).pdf,Doe et al. v. Liberty Healthcare et al/00_All Cases/LIBERTY - Disc Resps/2025-11-24 John Doe 5b's Responses to Sage's 1st RFPs (Noah Zoellner)(FINAL).pdf,Doe et al. v. Liberty Healthcare et al/00_All Cases/LIBERTY - Disc Resps,.pdf,7,pdf_parsed,150.3,3/18/26,3/18/26,2.16906E+12,Yes
2025-11-24 John Doe 5b's Responses to Sage's 1st RFPs (Noah Zoellner)(FINAL).pdf,Doe et al. v. Liberty Healthcare et al/05b_Noah Zoellner (JD5B)/_PLEADINGS/2025-11-24 John Doe 5b's Responses to Sage's 1st RFPs (Noah Zoellner)(FINAL).pdf,Doe et al. v. Liberty Healthcare et al/05b_Noah Zoellner (JD5B)/_PLEADINGS,.pdf,7,pdf_parsed,150.3,3/18/26,3/18/26,2.16908E+12,Yes
2025-11-24 John Doe 5b's Responses to Tatro's 1st RFPs (Noah Zoellner)(FINAL).pdf,Doe et al. v. Liberty Healthcare et al/00_All Cases/LIBERTY - Disc Resps/2025-11-24 John Doe 5b's Responses to Tatro's 1st RFPs (Noah Zoellner)(FINAL).pdf,Doe et al. v. Liberty Healthcare et al/00_All Cases/LIBERTY - Disc Resps,.pdf,8,pdf_parsed,165.3,3/18/26,3/18/26,2.16907E+12,Yes
2025-11-24 John Doe 5b's Responses to Tatro's 1st RFPs (Noah Zoellner)(FINAL).pdf,Doe et al. v. Liberty Healthcare et al/05b_Noah Zoellner (JD5B)/_PLEADINGS/2025-11-24 John Doe 5b's Responses to Tatro's 1st RFPs (Noah Zoellner)(FINAL).pdf,Doe et al. v. Liberty Healthcare et al/05b_Noah Zoellner (JD5B)/_PLEADINGS,.pdf,8,pdf_parsed,165.3,3/18/26,3/18/26,2.16908E+12,Yes
2025-11-24 John Doe 6b's Answers to Caywood's 1st Roggs's (Nathan Stinnett)(Final).pdf,Doe et al. v. Liberty Healthcare et al/06b_Nathan Stinnett (John Doe 6B)/_PLEADINGS/2025-11-24 John Doe 6b's Answers to Caywood's 1st Roggs's (Nathan Stinnett)(Final).pdf,Doe et al. v. Liberty Healthcare et al/06b_Nathan Stinnett (John Doe 6B)/_PLEADINGS,.pdf,21,pdf_parsed,251.2,3/18/26,3/18/26,2.1691E+12,No
2025-11-24 John Doe 6b's Answers to Gay's 1st Roggs (Nathan Stinnett)(Final).pdf,Doe et al. v. Liberty Healthcare et al/06b_Nathan Stinnett (John Doe 6B)/_PLEADINGS/2025-11-24 John Doe 6b's Answers to Gay's 1st Roggs (Nathan Stinnett)(Final).pdf,Doe et al. v. Liberty Healthcare et al/06b_Nathan Stinnett (John Doe 6B)/_PLEADINGS,.pdf,21,pdf_parsed,251.3,3/18/26,3/18/26,2.1691E+12,No
2025-11-24 John Doe 6b's Answers to Hemstreet's 1st Roggs (Nathan Stinnett)(Final).pdf,Doe et al. v. Liberty Healthcare et al/06b_Nathan Stinnett (John Doe 6B)/_PLEADINGS/2025-11-24 John Doe 6b's Answers to Hemstreet's 1st Roggs (Nathan Stinnett)(Final).pdf,Doe et al. v. Liberty Healthcare et al/06b_Nathan Stinnett (John Doe 6B)/_PLEADINGS,.pdf,21,pdf_parsed,251.8,3/18/26,3/18/26,2.1691E+12,No
2025-11-24 John Doe 6b's Answers to Huhman's 1st Roggs's (Nathan Stinnett)(Final).pdf,Doe et al. v. Liberty Healthcare et al/06b_Nathan Stinnett (John Doe 6B)/_PLEADINGS/2025-11-24 John Doe 6b's Answers to Huhman's 1st Roggs's (Nathan Stinnett)(Final).pdf,Doe et al. v. Liberty Healthcare et al/06b_Nathan Stinnett (John Doe 6B)/_PLEADINGS,.pdf,32,pdf_parsed,314.4,3/18/26,3/18/26,2.1691E+12,No
2025-11-24 John Doe 6b's Answers to Sage's 1st Roggs (Nathan Stinnett)(Final).pdf,Doe et al. v. Liberty Healthcare et al/06b_Nathan Stinnett (John Doe 6B)/_PLEADINGS/2025-11-24 John Doe 6b's Answers to Sage's 1st Roggs (Nathan Stinnett)(Final).pdf,Doe et al. v. Liberty Healthcare et al/06b_Nathan Stinnett (John Doe 6B)/_PLEADINGS,.pdf,21,pdf_parsed,251.4,3/18/26,3/18/26,2.16909E+12,No
2025-11-24 John Doe 6b's Answers to Tatro's 2nd Roggs (Nathan Stinnett)(Final).pdf,Doe et al. v. Liberty Healthcare et al/06b_Nathan Stinnett (John Doe 6B)/_PLEADINGS/2025-11-24 John Doe 6b's Answers to Tatro's 2nd Roggs (Nathan Stinnett)(Final).pdf,Doe et al. v. Liberty Healthcare et al/06b_Nathan Stinnett (John Doe 6B)/_PLEADINGS,.pdf,25,pdf_parsed,361.4,3/18/26,3/18/26,2.16911E+12,No
2025-11-24 John Doe 6b's Responses to Caywood's 1st RFPs (Nathan Stinnett)(Final).pdf,Doe et al. v. Liberty Healthcare et al/00_All Cases/LIBERTY - Disc Resps/2025-11-24 John Doe 6b's Responses to Caywood's 1st RFPs (Nathan Stinnett)(Final).pdf,Doe et al. v. Liberty Healthcare et al/00_All Cases/LIBERTY - Disc Resps,.pdf,7,pdf_parsed,154.8,3/18/26,3/18/26,2.16907E+12,Yes
2025-11-24 John Doe 6b's Responses to Caywood's 1st RFPs (Nathan Stinnett)(Final).pdf,Doe et al. v. Liberty Healthcare et al/06b_Nathan Stinnett (John Doe 6B)/_PLEADINGS/2025-11-24 John Doe 6b's Responses to Caywood's 1st RFPs (Nathan Stinnett)(Final).pdf,Doe et al. v. Liberty Healthcare et al/06b_Nathan Stinnett (John Doe 6B)/_PLEADINGS,.pdf,7,pdf_parsed,154.8,3/18/26,3/18/26,2.16909E+12,Yes
2025-11-24 John Doe 6b's Responses to Gay's 1st RFPs (Nathan Stinnett)(Final).pdf,Doe et al. v. Liberty Healthcare et al/00_All Cases/LIBERTY - Disc Resps/2025-11-24 John Doe 6b's Responses to Gay's 1st RFPs (Nathan Stinnett)(Final).pdf,Doe et al. v. Liberty Healthcare et al/00_All Cases/LIBERTY - Disc Resps,.pdf,7,pdf_parsed,154.4,3/18/26,3/18/26,2.16907E+12,Yes
2025-11-24 John Doe 6b's Responses to Gay's 1st RFPs (Nathan Stinnett)(Final).pdf,Doe et al. v. Liberty Healthcare et al/06b_Nathan Stinnett (John Doe 6B)/_PLEADINGS/2025-11-24 John Doe 6b's Responses to Gay's 1st RFPs (Nathan Stinnett)(Final).pdf,Doe et al. v. Liberty Healthcare et al/06b_Nathan Stinnett (John Doe 6B)/_PLEADINGS,.pdf,7,pdf_parsed,154.4,3/18/26,3/18/26,2.1691E+12,Yes
2025-11-24 John Doe 6b's Responses to Hemstreet's 1st RFPs (Nathan Stinnett)(Final).pdf,Doe et al. v. Liberty Healthcare et al/00_All Cases/LIBERTY - Disc Resps/2025-11-24 John Doe 6b's Responses to Hemstreet's 1st RFPs (Nathan Stinnett)(Final).pdf,Doe et al. v. Liberty Healthcare et al/00_All Cases/LIBERTY - Disc Resps,.pdf,7,pdf_parsed,154.5,3/18/26,3/18/26,2.16907E+12,Yes
2025-11-24 John Doe 6b's Responses to Hemstreet's 1st RFPs (Nathan Stinnett)(Final).pdf,Doe et al. v. Liberty Healthcare et al/06b_Nathan Stinnett (John Doe 6B)/_PLEADINGS/2025-11-24 John Doe 6b's Responses to Hemstreet's 1st RFPs (Nathan Stinnett)(Final).pdf,Doe et al. v. Liberty Healthcare et al/06b_Nathan Stinnett (John Doe 6B)/_PLEADINGS,.pdf,7,pdf_parsed,154.5,3/18/26,3/18/26,2.1691E+12,Yes
2025-11-24 John Doe 6b's Responses to Huhman's 1st RFPs (Nathan Stinnett)(Final).pdf,Doe et al. v. Liberty Healthcare et al/00_All Cases/LIBERTY - Disc Resps/2025-11-24 John Doe 6b's Responses to Huhman's 1st RFPs (Nathan Stinnett)(Final).pdf,Doe et al. v. Liberty Healthcare et al/00_All Cases/LIBERTY - Disc Resps,.pdf,25,pdf_parsed,287.5,3/18/26,3/18/26,2.16906E+12,Yes
2025-11-24 John Doe 6b's Responses to Huhman's 1st RFPs (Nathan Stinnett)(Final).pdf,Doe et al. v. Liberty Healthcare et al/06b_Nathan Stinnett (John Doe 6B)/_PLEADINGS/2025-11-24 John Doe 6b's Responses to Huhman's 1st RFPs (Nathan Stinnett)(Final).pdf,Doe et al. v. Liberty Healthcare et al/06b_Nathan Stinnett (John Doe 6B)/_PLEADINGS,.pdf,25,pdf_parsed,287.5,3/18/26,3/18/26,2.1691E+12,Yes
2025-11-24 John Doe 6b's Responses to Sage's 1st RFPs (Nathan Stinnett)(Final).pdf,Doe et al. v. Liberty Healthcare et al/00_All Cases/LIBERTY - Disc Resps/2025-11-24 John Doe 6b's Responses to Sage's 1st RFPs (Nathan Stinnett)(Final).pdf,Doe et al. v. Liberty Healthcare et al/00_All Cases/LIBERTY - Disc Resps,.pdf,7,pdf_parsed,153.9,3/18/26,3/18/26,2.16907E+12,Yes
2025-11-24 John Doe 6b's Responses to Sage's 1st RFPs (Nathan Stinnett)(Final).pdf,Doe et al. v. Liberty Healthcare et al/06b_Nathan Stinnett (John Doe 6B)/_PLEADINGS/2025-11-24 John Doe 6b's Responses to Sage's 1st RFPs (Nathan Stinnett)(Final).pdf,Doe et al. v. Liberty Healthcare et al/06b_Nathan Stinnett (John Doe 6B)/_PLEADINGS,.pdf,7,pdf_parsed,153.9,3/18/26,3/18/26,2.1691E+12,Yes
2025-11-24 John Doe 6b's Responses to Tatro's 1st RFPs (Nathan Stinnett)(Final).pdf,Doe et al. v. Liberty Healthcare et al/00_All Cases/LIBERTY - Disc Resps/2025-11-24 John Doe 6b's Responses to Tatro's 1st RFPs (Nathan Stinnett)(Final).pdf,Doe et al. v. Liberty Healthcare et al/00_All Cases/LIBERTY - Disc Resps,.pdf,7,pdf_parsed,165.9,3/18/26,3/18/26,2.16907E+12,Yes
2025-11-24 John Doe 6b's Responses to Tatro's 1st RFPs (Nathan Stinnett)(Final).pdf,Doe et al. v. Liberty Healthcare et al/06b_Nathan Stinnett (John Doe 6B)/_PLEADINGS/2025-11-24 John Doe 6b's Responses to Tatro's 1st RFPs (Nathan Stinnett)(Final).pdf,Doe et al. v. Liberty Healthcare et al/06b_Nathan Stinnett (John Doe 6B)/_PLEADINGS,.pdf,7,pdf_parsed,165.9,3/18/26,3/18/26,2.1691E+12,Yes
2025-11-24 John Doe 7B's Answers to Caywood's 1st Roggs (Richard Peters)(Final).pdf,Doe et al. v. Liberty Healthcare et al/07b_Richard Peters (John Doe 7B)/_PLEADINGS/2025-11-24 John Doe 7B's Answers to Caywood's 1st Roggs (Richard Peters)(Final).pdf,Doe et al. v. Liberty Healthcare et al/07b_Richard Peters (John Doe 7B)/_PLEADINGS,.pdf,21,pdf_parsed,249.6,3/18/26,3/18/26,2.16907E+12,No
2025-11-24 John Doe 7B's Answers to Gay's 1st Roggs (Richard Peters)(Final).pdf,Doe et al. v. Liberty Healthcare et al/07b_Richard Peters (John Doe 7B)/_PLEADINGS/2025-11-24 John Doe 7B's Answers to Gay's 1st Roggs (Richard Peters)(Final).pdf,Doe et al. v. Liberty Healthcare et al/07b_Richard Peters (John Doe 7B)/_PLEADINGS,.pdf,21,pdf_parsed,249.6,3/18/26,3/18/26,2.16908E+12,No
2025-11-24 John Doe 7B's Answers to Hemstreet's 1st Roggs (Richard Peters)(Final).pdf,Doe et al. v. Liberty Healthcare et al/07b_Richard Peters (John Doe 7B)/_PLEADINGS/2025-11-24 John Doe 7B's Answers to Hemstreet's 1st Roggs (Richard Peters)(Final).pdf,Doe et al. v. Liberty Healthcare et al/07b_Richard Peters (John Doe 7B)/_PLEADINGS,.pdf,21,pdf_parsed,249.9,3/18/26,3/18/26,2.16908E+12,No
2025-11-24 John Doe 7B's Answers to Huhman's 1st Roggs (Richard Peters)(Final).pdf,Doe et al. v. Liberty Healthcare et al/07b_Richard Peters (John Doe 7B)/_PLEADINGS/2025-11-24 John Doe 7B's Answers to Huhman's 1st Roggs (Richard Peters)(Final).pdf,Doe et al. v. Liberty Healthcare et al/07b_Richard Peters (John Doe 7B)/_PLEADINGS,.pdf,39,pdf_parsed,336.1,3/18/26,3/18/26,2.16907E+12,No
2025-11-24 John Doe 7B's Answers to Sage's 1st Roggs (Richard Peters)(Final).pdf,Doe et al. v. Liberty Healthcare et al/07b_Richard Peters (John Doe 7B)/_PLEADINGS/2025-11-24 John Doe 7B's Answers to Sage's 1st Roggs (Richard Peters)(Final).pdf,Doe et al. v. Liberty Healthcare et al/07b_Richard Peters (John Doe 7B)/_PLEADINGS,.pdf,21,pdf_parsed,249.9,3/18/26,3/18/26,2.16908E+12,No
2025-11-24 John Doe 7B's Answers to Tatro's 2nd Roggs (Richard Peters)(Final).pdf,Doe et al. v. Liberty Healthcare et al/07b_Richard Peters (John Doe 7B)/_PLEADINGS/2025-11-24 John Doe 7B's Answers to Tatro's 2nd Roggs (Richard Peters)(Final).pdf,Doe et al. v. Liberty Healthcare et al/07b_Richard Peters (John Doe 7B)/_PLEADINGS,.pdf,27,pdf_parsed,272.6,3/18/26,3/18/26,2.16908E+12,No
2025-11-24 John Doe 7B's Responses to Caywood's 1st RFPs (Richard Peters)(Final).pdf,Doe et al. v. Liberty Healthcare et al/00_All Cases/LIBERTY - Disc Resps/2025-11-24 John Doe 7B's Responses to Caywood's 1st RFPs (Richard Peters)(Final).pdf,Doe et al. v. Liberty Healthcare et al/00_All Cases/LIBERTY - Disc Resps,.pdf,7,pdf_parsed,157.3,3/18/26,3/18/26,2.16907E+12,Yes
2025-11-24 John Doe 7B's Responses to Caywood's 1st RFPs (Richard Peters)(Final).pdf,Doe et al. v. Liberty Healthcare et al/07b_Richard Peters (John Doe 7B)/_PLEADINGS/2025-11-24 John Doe 7B's Responses to Caywood's 1st RFPs (Richard Peters)(Final).pdf,Doe et al. v. Liberty Healthcare et al/07b_Richard Peters (John Doe 7B)/_PLEADINGS,.pdf,7,pdf_parsed,157.3,3/18/26,3/18/26,2.16907E+12,Yes
2025-11-24 John Doe 7B's Responses to Gay's 1st RFPs (Richard Peters)(Final).pdf,Doe et al. v. Liberty Healthcare et al/00_All Cases/LIBERTY - Disc Resps/2025-11-24 John Doe 7B's Responses to Gay's 1st RFPs (Richard Peters)(Final).pdf,Doe et al. v. Liberty Healthcare et al/00_All Cases/LIBERTY - Disc Resps,.pdf,7,pdf_parsed,156.6,3/18/26,3/18/26,2.16906E+12,Yes
2025-11-24 John Doe 7B's Responses to Gay's 1st RFPs (Richard Peters)(Final).pdf,Doe et al. v. Liberty Healthcare et al/07b_Richard Peters (John Doe 7B)/_PLEADINGS/2025-11-24 John Doe 7B's Responses to Gay's 1st RFPs (Richard Peters)(Final).pdf,Doe et al. v. Liberty Healthcare et al/07b_Richard Peters (John Doe 7B)/_PLEADINGS,.pdf,7,pdf_parsed,156.6,3/18/26,3/18/26,2.16908E+12,Yes
2025-11-24 John Doe 7B's Responses to Hemstreet's 1st RFPs (Richard Peters)(Final).pdf,Doe et al. v. Liberty Healthcare et al/00_All Cases/LIBERTY - Disc Resps/2025-11-24 John Doe 7B's Responses to Hemstreet's 1st RFPs (Richard Peters)(Final).pdf,Doe et al. v. Liberty Healthcare et al/00_All Cases/LIBERTY - Disc Resps,.pdf,7,pdf_parsed,156.6,3/18/26,3/18/26,2.16907E+12,Yes
2025-11-24 John Doe 7B's Responses to Hemstreet's 1st RFPs (Richard Peters)(Final).pdf,Doe et al. v. Liberty Healthcare et al/07b_Richard Peters (John Doe 7B)/_PLEADINGS/2025-11-24 John Doe 7B's Responses to Hemstreet's 1st RFPs (Richard Peters)(Final).pdf,Doe et al. v. Liberty Healthcare et al/07b_Richard Peters (John Doe 7B)/_PLEADINGS,.pdf,7,pdf_parsed,156.6,3/18/26,3/18/26,2.16907E+12,Yes
2025-11-24 John Doe 7B's Responses to Huhman's 1st RFPs (Richard Peters)(Final).pdf,Doe et al. v. Liberty Healthcare et al/00_All Cases/LIBERTY - Disc Resps/2025-11-24 John Doe 7B's Responses to Huhman's 1st RFPs (Richard Peters)(Final).pdf,Doe et al. v. Liberty Healthcare et al/00_All Cases/LIBERTY - Disc Resps,.pdf,26,pdf_parsed,219.7,3/18/26,3/18/26,2.16907E+12,Yes
2025-11-24 John Doe 7B's Responses to Huhman's 1st RFPs (Richard Peters)(Final).pdf,Doe et al. v. Liberty Healthcare et al/07b_Richard Peters (John Doe 7B)/_PLEADINGS/2025-11-24 John Doe 7B's Responses to Huhman's 1st RFPs (Richard Peters)(Final).pdf,Doe et al. v. Liberty Healthcare et al/07b_Richard Peters (John Doe 7B)/_PLEADINGS,.pdf,26,pdf_parsed,219.7,3/18/26,3/18/26,2.16907E+12,Yes
2025-11-24 John Doe 7B's Responses to Sage's 1st RFPs (Richard Peters)(Final).pdf,Doe et al. v. Liberty Healthcare et al/00_All Cases/LIBERTY - Disc Resps/2025-11-24 John Doe 7B's Responses to Sage's 1st RFPs (Richard Peters)(Final).pdf,Doe et al. v. Liberty Healthcare et al/00_All Cases/LIBERTY - Disc Resps,.pdf,7,pdf_parsed,156.7,3/18/26,3/18/26,2.16906E+12,Yes
2025-11-24 John Doe 7B's Responses to Sage's 1st RFPs (Richard Peters)(Final).pdf,Doe et al. v. Liberty Healthcare et al/07b_Richard Peters (John Doe 7B)/_PLEADINGS/2025-11-24 John Doe 7B's Responses to Sage's 1st RFPs (Richard Peters)(Final).pdf,Doe et al. v. Liberty Healthcare et al/07b_Richard Peters (John Doe 7B)/_PLEADINGS,.pdf,7,pdf_parsed,156.7,3/18/26,3/18/26,2.16908E+12,Yes
2025-11-24 John Doe 7B's Responses to Tatro's  2nd RFPs (Richard Peters)(Final).pdf,Doe et al. v. Liberty Healthcare et al/00_All Cases/LIBERTY - Disc Resps/2025-11-24 John Doe 7B's Responses to Tatro's  2nd RFPs (Richard Peters)(Final).pdf,Doe et al. v. Liberty Healthcare et al/00_All Cases/LIBERTY - Disc Resps,.pdf,7,pdf_parsed,636.3,3/18/26,3/18/26,2.16906E+12,Yes
2025-11-24 John Doe 7B's Responses to Tatro's  2nd RFPs (Richard Peters)(Final).pdf,Doe et al. v. Liberty Healthcare et al/07b_Richard Peters (John Doe 7B)/_PLEADINGS/2025-11-24 John Doe 7B's Responses to Tatro's  2nd RFPs (Richard Peters)(Final).pdf,Doe et al. v. Liberty Healthcare et al/07b_Richard Peters (John Doe 7B)/_PLEADINGS,.pdf,7,pdf_parsed,636.3,3/18/26,3/18/26,2.16908E+12,Yes
2025-11-24 John Doe 8B's Answers to Caywood's 1st Roggs (Gage Luke)(Final).pdf,Doe et al. v. Liberty Healthcare et al/08b_Gage Luke (John Doe 8B)/_PLEADINGS/2025-11-24 John Doe 8B's Answers to Caywood's 1st Roggs (Gage Luke)(Final).pdf,Doe et al. v. Liberty Healthcare et al/08b_Gage Luke (John Doe 8B)/_PLEADINGS,.pdf,19,pdf_parsed,231.9,3/18/26,3/18/26,2.16906E+12,No
2025-11-24 John Doe 8B's Answers to Gay's 1st Roggs (Gage Luke)(Final).pdf,Doe et al. v. Liberty Healthcare et al/08b_Gage Luke (John Doe 8B)/_PLEADINGS/2025-11-24 John Doe 8B's Answers to Gay's 1st Roggs (Gage Luke)(Final).pdf,Doe et al. v. Liberty Healthcare et al/08b_Gage Luke (John Doe 8B)/_PLEADINGS,.pdf,19,pdf_parsed,232,3/18/26,3/18/26,2.16907E+12,No
2025-11-24 John Doe 8B's Answers to Hemstreet's 1st Roggs (Gage Luke)(Final).pdf,Doe et al. v. Liberty Healthcare et al/08b_Gage Luke (John Doe 8B)/_PLEADINGS/2025-11-24 John Doe 8B's Answers to Hemstreet's 1st Roggs (Gage Luke)(Final).pdf,Doe et al. v. Liberty Healthcare et al/08b_Gage Luke (John Doe 8B)/_PLEADINGS,.pdf,19,pdf_parsed,232.3,3/18/26,3/18/26,2.16906E+12,No
2025-11-24 John Doe 8B's Answers to Huhman's 1st Roggs (Gage Luke)(Final).pdf,Doe et al. v. Liberty Healthcare et al/08b_Gage Luke (John Doe 8B)/_PLEADINGS/2025-11-24 John Doe 8B's Answers to Huhman's 1st Roggs (Gage Luke)(Final).pdf,Doe et al. v. Liberty Healthcare et al/08b_Gage Luke (John Doe 8B)/_PLEADINGS,.pdf,39,pdf_parsed,326.3,3/18/26,3/18/26,2.16906E+12,No
2025-11-24 John Doe 8B's Answers to Sage's 1st Roggs (Gage Luke)(Final).pdf,Doe et al. v. Liberty Healthcare et al/08b_Gage Luke (John Doe 8B)/_PLEADINGS/2025-11-24 John Doe 8B's Answers to Sage's 1st Roggs (Gage Luke)(Final).pdf,Doe et al. v. Liberty Healthcare et al/08b_Gage Luke (John Doe 8B)/_PLEADINGS,.pdf,19,pdf_parsed,232.2,3/18/26,3/18/26,2.16907E+12,No
2025-11-24 John Doe 8B's Answers to Tatro's 2nd Roggs (Gage Luke)(Final).pdf,Doe et al. v. Liberty Healthcare et al/08b_Gage Luke (John Doe 8B)/_PLEADINGS/2025-11-24 John Doe 8B's Answers to Tatro's 2nd Roggs (Gage Luke)(Final).pdf,Doe et al. v. Liberty Healthcare et al/08b_Gage Luke (John Doe 8B)/_PLEADINGS,.pdf,25,pdf_parsed,264,3/18/26,3/18/26,2.16906E+12,No
2025-11-24 John Doe 8B's Responses to Caywood's 1st RFPs (Gage Luke)(Final).pdf,Doe et al. v. Liberty Healthcare et al/00_All Cases/LIBERTY - Disc Resps/2025-11-24 John Doe 8B's Responses to Caywood's 1st RFPs (Gage Luke)(Final).pdf,Doe et al. v. Liberty Healthcare et al/00_All Cases/LIBERTY - Disc Resps,.pdf,7,pdf_parsed,148,3/18/26,3/18/26,2.16906E+12,Yes
2025-11-24 John Doe 8B's Responses to Caywood's 1st RFPs (Gage Luke)(Final).pdf,Doe et al. v. Liberty Healthcare et al/08b_Gage Luke (John Doe 8B)/_PLEADINGS/2025-11-24 John Doe 8B's Responses to Caywood's 1st RFPs (Gage Luke)(Final).pdf,Doe et al. v. Liberty Healthcare et al/08b_Gage Luke (John Doe 8B)/_PLEADINGS,.pdf,7,pdf_parsed,148,3/18/26,3/18/26,2.16906E+12,Yes
2025-11-24 John Doe 8B's Responses to Gay's 1st RFPs (Gage Luke)(Final).pdf,Doe et al. v. Liberty Healthcare et al/00_All Cases/LIBERTY - Disc Resps/2025-11-24 John Doe 8B's Responses to Gay's 1st RFPs (Gage Luke)(Final).pdf,Doe et al. v. Liberty Healthcare et al/00_All Cases/LIBERTY - Disc Resps,.pdf,7,pdf_parsed,147.2,3/18/26,3/18/26,2.16907E+12,Yes
2025-11-24 John Doe 8B's Responses to Gay's 1st RFPs (Gage Luke)(Final).pdf,Doe et al. v. Liberty Healthcare et al/08b_Gage Luke (John Doe 8B)/_PLEADINGS/2025-11-24 John Doe 8B's Responses to Gay's 1st RFPs (Gage Luke)(Final).pdf,Doe et al. v. Liberty Healthcare et al/08b_Gage Luke (John Doe 8B)/_PLEADINGS,.pdf,7,pdf_parsed,147.2,3/18/26,3/18/26,2.16906E+12,Yes
2025-11-24 John Doe 8B's Responses to Hemstreet's 1st RFPs (Gage Luke)(Final).pdf,Doe et al. v. Liberty Healthcare et al/00_All Cases/LIBERTY - Disc Resps/2025-11-24 John Doe 8B's Responses to Hemstreet's 1st RFPs (Gage Luke)(Final).pdf,Doe et al. v. Liberty Healthcare et al/00_All Cases/LIBERTY - Disc Resps,.pdf,7,pdf_parsed,147.2,3/18/26,3/18/26,2.16906E+12,Yes
2025-11-24 John Doe 8B's Responses to Hemstreet's 1st RFPs (Gage Luke)(Final).pdf,Doe et al. v. Liberty Healthcare et al/08b_Gage Luke (John Doe 8B)/_PLEADINGS/2025-11-24 John Doe 8B's Responses to Hemstreet's 1st RFPs (Gage Luke)(Final).pdf,Doe et al. v. Liberty Healthcare et al/08b_Gage Luke (John Doe 8B)/_PLEADINGS,.pdf,7,pdf_parsed,147.2,3/18/26,3/18/26,2.16907E+12,Yes
2025-11-24 John Doe 8B's Responses to Huhman's 1st RFPs (Gage Luke)(Final).pdf,Doe et al. v. Liberty Healthcare et al/00_All Cases/LIBERTY - Disc Resps/2025-11-24 John Doe 8B's Responses to Huhman's 1st RFPs (Gage Luke)(Final).pdf,Doe et al. v. Liberty Healthcare et al/00_All Cases/LIBERTY - Disc Resps,.pdf,25,pdf_parsed,217.1,3/18/26,3/18/26,2.16907E+12,Yes
2025-11-24 John Doe 8B's Responses to Huhman's 1st RFPs (Gage Luke)(Final).pdf,Doe et al. v. Liberty Healthcare et al/08b_Gage Luke (John Doe 8B)/_PLEADINGS/2025-11-24 John Doe 8B's Responses to Huhman's 1st RFPs (Gage Luke)(Final).pdf,Doe et al. v. Liberty Healthcare et al/08b_Gage Luke (John Doe 8B)/_PLEADINGS,.pdf,25,pdf_parsed,217.1,3/18/26,3/18/26,2.16906E+12,Yes
2025-11-24 John Doe 8B's Responses to Sage's 1st RFPs (Gage Luke)(Final).pdf,Doe et al. v. Liberty Healthcare et al/00_All Cases/LIBERTY - Disc Resps/2025-11-24 John Doe 8B's Responses to Sage's 1st RFPs (Gage Luke)(Final).pdf,Doe et al. v. Liberty Healthcare et al/00_All Cases/LIBERTY - Disc Resps,.pdf,7,pdf_parsed,147.2,3/18/26,3/18/26,2.16907E+12,Yes
2025-11-24 John Doe 8B's Responses to Sage's 1st RFPs (Gage Luke)(Final).pdf,Doe et al. v. Liberty Healthcare et al/08b_Gage Luke (John Doe 8B)/_PLEADINGS/2025-11-24 John Doe 8B's Responses to Sage's 1st RFPs (Gage Luke)(Final).pdf,Doe et al. v. Liberty Healthcare et al/08b_Gage Luke (John Doe 8B)/_PLEADINGS,.pdf,7,pdf_parsed,147.2,3/18/26,3/18/26,2.16906E+12,Yes
2025-11-24 John Doe 8B's Responses to Tatro's 2nd RFPs (Gage Luke)(Final).pdf,Doe et al. v. Liberty Healthcare et al/00_All Cases/LIBERTY - Disc Resps/2025-11-24 John Doe 8B's Responses to Tatro's 2nd RFPs (Gage Luke)(Final).pdf,Doe et al. v. Liberty Healthcare et al/00_All Cases/LIBERTY - Disc Resps,.pdf,7,pdf_parsed,633.3,3/18/26,3/18/26,2.16906E+12,Yes
2025-11-24 John Doe 8B's Responses to Tatro's 2nd RFPs (Gage Luke)(Final).pdf,Doe et al. v. Liberty Healthcare et al/08b_Gage Luke (John Doe 8B)/_PLEADINGS/2025-11-24 John Doe 8B's Responses to Tatro's 2nd RFPs (Gage Luke)(Final).pdf,Doe et al. v. Liberty Healthcare et al/08b_Gage Luke (John Doe 8B)/_PLEADINGS,.pdf,7,pdf_parsed,633.3,3/18/26,3/18/26,2.16906E+12,Yes
2025-11-24 John Doe's Answers to Caywood's 1st Roggs (Cody Richardson)(Final).pdf,Doe et al. v. Liberty Healthcare et al/01_Cody Richardson (JD1)/_PLEADINGS/2025-11-24 John Doe's Answers to Caywood's 1st Roggs (Cody Richardson)(Final).pdf,Doe et al. v. Liberty Healthcare et al/01_Cody Richardson (JD1)/_PLEADINGS,.pdf,29,pdf_parsed,385.6,3/18/26,3/18/26,2.1691E+12,No
2025-11-24 John Doe's Answers to Gay's 1st Roggs (Cody Richardson)(Final).pdf,Doe et al. v. Liberty Healthcare et al/01_Cody Richardson (JD1)/_PLEADINGS/2025-11-24 John Doe's Answers to Gay's 1st Roggs (Cody Richardson)(Final).pdf,Doe et al. v. Liberty Healthcare et al/01_Cody Richardson (JD1)/_PLEADINGS,.pdf,24,pdf_parsed,264.2,3/18/26,3/18/26,2.1691E+12,No
2025-11-24 John Doe's Answers to Hemstreet's 1st Roggs (Cody Richardson)(Final).pdf,Doe et al. v. Liberty Healthcare et al/01_Cody Richardson (JD1)/_PLEADINGS/2025-11-24 John Doe's Answers to Hemstreet's 1st Roggs (Cody Richardson)(Final).pdf,Doe et al. v. Liberty Healthcare et al/01_Cody Richardson (JD1)/_PLEADINGS,.pdf,38,pdf_parsed,339.8,3/18/26,3/18/26,2.1691E+12,No
2025-11-24 John Doe's Answers to Huhman's 1st Roggs's (Cody Richardson)(Final).pdf,Doe et al. v. Liberty Healthcare et al/01_Cody Richardson (JD1)/_PLEADINGS/2025-11-24 John Doe's Answers to Huhman's 1st Roggs's (Cody Richardson)(Final).pdf,Doe et al. v. Liberty Healthcare et al/01_Cody Richardson (JD1)/_PLEADINGS,.pdf,24,pdf_parsed,263.9,3/18/26,3/18/26,2.1691E+12,No
2025-11-24 John Doe's Answers to Sage's 1st Roggs (Cody Richardson)(Final).pdf,Doe et al. v. Liberty Healthcare et al/01_Cody Richardson (JD1)/_PLEADINGS/2025-11-24 John Doe's Answers to Sage's 1st Roggs (Cody Richardson)(Final).pdf,Doe et al. v. Liberty Healthcare et al/01_Cody Richardson (JD1)/_PLEADINGS,.pdf,24,pdf_parsed,264.5,3/18/26,3/18/26,2.16909E+12,No
2025-11-24 John Doe's Answers to Tatro's 2nd Roggs (Cody Richardson)(Final).pdf,Doe et al. v. Liberty Healthcare et al/01_Cody Richardson (JD1)/_PLEADINGS/2025-11-24 John Doe's Answers to Tatro's 2nd Roggs (Cody Richardson)(Final).pdf,Doe et al. v. Liberty Healthcare et al/01_Cody Richardson (JD1)/_PLEADINGS,.pdf,21,pdf_parsed,737.8,3/18/26,3/18/26,2.1691E+12,No
2025-11-24 John Doe's Responses to Caywood's 1st RFPs (Cody Richardson)(Final).pdf,Doe et al. v. Liberty Healthcare et al/00_All Cases/LIBERTY - Disc Resps/2025-11-24 John Doe's Responses to Caywood's 1st RFPs (Cody Richardson)(Final).pdf,Doe et al. v. Liberty Healthcare et al/00_All Cases/LIBERTY - Disc Resps,.pdf,7,pdf_parsed,154.8,3/18/26,3/18/26,2.16906E+12,No
2025-11-24 John Doe's Responses to Caywood's 1st RFPs (Cody Richardson)(Final).pdf,Doe et al. v. Liberty Healthcare et al/01_Cody Richardson (JD1)/_PLEADINGS/2025-11-24 John Doe's Responses to Caywood's 1st RFPs (Cody Richardson)(Final).pdf,Doe et al. v. Liberty Healthcare et al/01_Cody Richardson (JD1)/_PLEADINGS,.pdf,7,pdf_parsed,164,3/18/26,3/18/26,2.1691E+12,No
2025-11-24 John Doe's Responses to Gay's 1st RFPs (Cody Richardson)(Final).pdf,Doe et al. v. Liberty Healthcare et al/00_All Cases/LIBERTY - Disc Resps/2025-11-24 John Doe's Responses to Gay's 1st RFPs (Cody Richardson)(Final).pdf,Doe et al. v. Liberty Healthcare et al/00_All Cases/LIBERTY - Disc Resps,.pdf,7,pdf_parsed,152.4,3/18/26,3/18/26,2.16906E+12,No
2025-11-24 John Doe's Responses to Gay's 1st RFPs (Cody Richardson)(Final).pdf,Doe et al. v. Liberty Healthcare et al/01_Cody Richardson (JD1)/_PLEADINGS/2025-11-24 John Doe's Responses to Gay's 1st RFPs (Cody Richardson)(Final).pdf,Doe et al. v. Liberty Healthcare et al/01_Cody Richardson (JD1)/_PLEADINGS,.pdf,7,pdf_parsed,154.8,3/18/26,3/18/26,2.1691E+12,No
2025-11-24 John Doe's Responses to Hemstreet's 1st RFPs (Cody Richardson)(Final).pdf,Doe et al. v. Liberty Healthcare et al/00_All Cases/LIBERTY - Disc Resps/2025-11-24 John Doe's Responses to Hemstreet's 1st RFPs (Cody Richardson)(Final).pdf,Doe et al. v. Liberty Healthcare et al/00_All Cases/LIBERTY - Disc Resps,.pdf,7,pdf_parsed,152.5,3/18/26,3/18/26,2.16906E+12,No
2025-11-24 John Doe's Responses to Hemstreet's 1st RFPs (Cody Richardson)(Final).pdf,Doe et al. v. Liberty Healthcare et al/01_Cody Richardson (JD1)/_PLEADINGS/2025-11-24 John Doe's Responses to Hemstreet's 1st RFPs (Cody Richardson)(Final).pdf,Doe et al. v. Liberty Healthcare et al/01_Cody Richardson (JD1)/_PLEADINGS,.pdf,25,pdf_parsed,289,3/18/26,3/18/26,2.16909E+12,No
2025-11-24 John Doe's Responses to Huhman's 1st RFP's (Cody Richardson)(Final).pdf,Doe et al. v. Liberty Healthcare et al/00_All Cases/LIBERTY - Disc Resps/2025-11-24 John Doe's Responses to Huhman's 1st RFP's (Cody Richardson)(Final).pdf,Doe et al. v. Liberty Healthcare et al/00_All Cases/LIBERTY - Disc Resps,.pdf,25,pdf_parsed,289,3/18/26,3/18/26,2.16906E+12,No
2025-11-24 John Doe's Responses to Huhman's 1st RFP's (Cody Richardson)(Final).pdf,Doe et al. v. Liberty Healthcare et al/01_Cody Richardson (JD1)/_PLEADINGS/2025-11-24 John Doe's Responses to Huhman's 1st RFP's (Cody Richardson)(Final).pdf,Doe et al. v. Liberty Healthcare et al/01_Cody Richardson (JD1)/_PLEADINGS,.pdf,7,pdf_parsed,152.4,3/18/26,3/18/26,2.1691E+12,No
2025-11-24 John Doe's Responses to Sage's 1st RFPs (Cody Richardson)(Final).pdf,Doe et al. v. Liberty Healthcare et al/00_All Cases/LIBERTY - Disc Resps/2025-11-24 John Doe's Responses to Sage's 1st RFPs (Cody Richardson)(Final).pdf,Doe et al. v. Liberty Healthcare et al/00_All Cases/LIBERTY - Disc Resps,.pdf,7,pdf_parsed,152.6,3/18/26,3/18/26,2.16907E+12,No
2025-11-24 John Doe's Responses to Sage's 1st RFPs (Cody Richardson)(Final).pdf,Doe et al. v. Liberty Healthcare et al/01_Cody Richardson (JD1)/_PLEADINGS/2025-11-24 John Doe's Responses to Sage's 1st RFPs (Cody Richardson)(Final).pdf,Doe et al. v. Liberty Healthcare et al/01_Cody Richardson (JD1)/_PLEADINGS,.pdf,7,pdf_parsed,152.5,3/18/26,3/18/26,2.1691E+12,No
2025-11-24 John Doe's Responses to Tatro's 1st RFPs (Cody Richardson)(Final).pdf,Doe et al. v. Liberty Healthcare et al/00_All Cases/LIBERTY - Disc Resps/2025-11-24 John Doe's Responses to Tatro's 1st RFPs (Cody Richardson)(Final).pdf,Doe et al. v. Liberty Healthcare et al/00_All Cases/LIBERTY - Disc Resps,.pdf,7,pdf_parsed,164,3/18/26,3/18/26,2.16907E+12,No
2025-11-24 John Doe's Responses to Tatro's 1st RFPs (Cody Richardson)(Final).pdf,Doe et al. v. Liberty Healthcare et al/01_Cody Richardson (JD1)/_PLEADINGS/2025-11-24 John Doe's Responses to Tatro's 1st RFPs (Cody Richardson)(Final).pdf,Doe et al. v. Liberty Healthcare et al/01_Cody Richardson (JD1)/_PLEADINGS,.pdf,6,pdf_parsed,647.6,3/18/26,3/18/26,2.16909E+12,No
2025-11-XX Motion to Compel JD11 Discovery Responses.docx,Doe et al. v. Liberty Healthcare et al/00_All Cases/LIBERTY - Disc Resps/2025-11-XX Motion to Compel JD11 Discovery Responses.docx,Doe et al. v. Liberty Healthcare et al/00_All Cases/LIBERTY - Disc Resps,.docx,N/A,N/A,39.9,3/18/26,3/18/26,2.16906E+12,No
2025-12-05 Defendant Dr. Herbert T. Caskey's Responses to Plaintiffs' First Set of Discovery Requests.pdf,Doe et al. v. Liberty Healthcare et al/00_All Cases/LIBERTY - Disc Resps/2025-12-05 Defendant Dr. Herbert T. Caskey's Responses to Plaintiffs' First Set of Discovery Requests.pdf,Doe et al. v. Liberty Healthcare et al/00_All Cases/LIBERTY - Disc Resps,.pdf,26,pdf_parsed,1196.4,3/18/26,3/18/26,2.16906E+12,No
2025-12-05 Defendants Motion to Compel Complete Discovery Responses from all Plaintiffs.pdf,Doe et al. v. Liberty Healthcare et al/00_All Cases/LIBERTY - Disc Resps/2025-12-05 Defendants Motion to Compel Complete Discovery Responses from all Plaintiffs.pdf,Doe et al. v. Liberty Healthcare et al/00_All Cases/LIBERTY - Disc Resps,.pdf,74,pdf_parsed,9238.1,3/18/26,3/18/26,2.16906E+12,No
2025-12-05 Dr. Caskey's Responses to Plaintiffs' First Set of Discovery.pdf,Doe et al. v. Liberty Healthcare et al/00_All Cases/LIBERTY - Disc Resps/2025-12-05 Dr. Caskey's Responses to Plaintiffs' First Set of Discovery.pdf,Doe et al. v. Liberty Healthcare et al/00_All Cases/LIBERTY - Disc Resps,.pdf,26,pdf_parsed,1192.5,3/18/26,3/18/26,2.16906E+12,No
2025-12-05 LHC Responses to Plaintiff’s 6th set of discovery requests.docx,Doe et al. v. Liberty Healthcare et al/00_All Cases/LIBERTY - Disc Resps/2025-12-05 LHC Responses to Plaintiff’s 6th set of discovery requests.docx,Doe et al. v. Liberty Healthcare et al/00_All Cases/LIBERTY - Disc Resps,.docx,N/A,N/A,34.6,3/18/26,3/18/26,2.16907E+12,No
2025-12-05 LHC Responses to Plaintiff’s 6th set of discovery requests.pdf,Doe et al. v. Liberty Healthcare et al/00_All Cases/LIBERTY - Disc Resps/2025-12-05 LHC Responses to Plaintiff’s 6th set of discovery requests.pdf,Doe et al. v. Liberty Healthcare et al/00_All Cases/LIBERTY - Disc Resps,.pdf,6,pdf_parsed,688,3/18/26,3/18/26,2.16906E+12,Yes
2025-12-05 LHC Responses to Plaintiff’s 6th set of discovery requests.pdf,Doe et al. v. Liberty Healthcare et al/00_All Cases/_PLEADINGS/2025-12-05 LHC Responses to Plaintiff’s 6th set of discovery requests.pdf,Doe et al. v. Liberty Healthcare et al/00_All Cases/_PLEADINGS,.pdf,6,pdf_parsed,688,3/18/26,3/18/26,2.16907E+12,Yes
2025-12-05 LHS's Responses to Plaintiff's Sixth Set of Discovery.pdf,Doe et al. v. Liberty Healthcare et al/00_All Cases/LIBERTY - Disc Resps/2025-12-05 LHS's Responses to Plaintiff's Sixth Set of Discovery.pdf,Doe et al. v. Liberty Healthcare et al/00_All Cases/LIBERTY - Disc Resps,.pdf,7,pdf_parsed,298.2,3/18/26,3/18/26,2.16907E+12,No
2026-01-16 Plaintiff John Doe 11 (Richard Lott)'s Answers Akil Gay's First ROGS to Plaintiff John Doe 11.pdf,Doe et al. v. Liberty Healthcare et al/11_Richard Lott (John Doe 11)/_PLEADINGS/2026-01-16 Plaintiff John Doe 11 (Richard Lott)'s Answers Akil Gay's First ROGS to Plaintiff John Doe 11.pdf,Doe et al. v. Liberty Healthcare et al/11_Richard Lott (John Doe 11)/_PLEADINGS,.pdf,6,pdf_parsed,153.5,3/18/26,3/18/26,2.16908E+12,No
"2026-01-16 Plaintiff John Doe 11 (Richard Lott)'s Answers Anthony Huhman's First ROGS to Plaintiff, John Doe 11.pdf","Doe et al. v. Liberty Healthcare et al/11_Richard Lott (John Doe 11)/_PLEADINGS/2026-01-16 Plaintiff John Doe 11 (Richard Lott)'s Answers Anthony Huhman's First ROGS to Plaintiff, John Doe 11.pdf",Doe et al. v. Liberty Healthcare et al/11_Richard Lott (John Doe 11)/_PLEADINGS,.pdf,39,pdf_parsed,334.5,3/18/26,3/18/26,2.16908E+12,No
"2026-01-16 Plaintiff John Doe 11 (Richard Lott)'s Answers Brett Hemstreet's First ROGS to Plaintiff, John Doe 11.pdf","Doe et al. v. Liberty Healthcare et al/11_Richard Lott (John Doe 11)/_PLEADINGS/2026-01-16 Plaintiff John Doe 11 (Richard Lott)'s Answers Brett Hemstreet's First ROGS to Plaintiff, John Doe 11.pdf",Doe et al. v. Liberty Healthcare et al/11_Richard Lott (John Doe 11)/_PLEADINGS,.pdf,6,pdf_parsed,153.5,3/18/26,3/18/26,2.16908E+12,No
"2026-01-16 Plaintiff John Doe 11 (Richard Lott)'s Answers High Sage's First ROGS to Plaintiff, John Doe 11.pdf","Doe et al. v. Liberty Healthcare et al/11_Richard Lott (John Doe 11)/_PLEADINGS/2026-01-16 Plaintiff John Doe 11 (Richard Lott)'s Answers High Sage's First ROGS to Plaintiff, John Doe 11.pdf",Doe et al. v. Liberty Healthcare et al/11_Richard Lott (John Doe 11)/_PLEADINGS,.pdf,6,pdf_parsed,153.5,3/18/26,3/18/26,2.16908E+12,No
"2026-01-16 Plaintiff John Doe 11 (Richard Lott)'s Answers Marc Tatro's First ROGS to Plaintiff, John Doe 11.pdf","Doe et al. v. Liberty Healthcare et al/11_Richard Lott (John Doe 11)/_PLEADINGS/2026-01-16 Plaintiff John Doe 11 (Richard Lott)'s Answers Marc Tatro's First ROGS to Plaintiff, John Doe 11.pdf",Doe et al. v. Liberty Healthcare et al/11_Richard Lott (John Doe 11)/_PLEADINGS,.pdf,6,pdf_parsed,154.5,3/18/26,3/18/26,2.16908E+12,No
"2026-01-16 Plaintiff John Doe 11 (Richard Lott)'s Answers Stacie Caywood's First ROGS to Plaintiff, John Doe 11.pdf","Doe et al. v. Liberty Healthcare et al/11_Richard Lott (John Doe 11)/_PLEADINGS/2026-01-16 Plaintiff John Doe 11 (Richard Lott)'s Answers Stacie Caywood's First ROGS to Plaintiff, John Doe 11.pdf",Doe et al. v. Liberty Healthcare et al/11_Richard Lott (John Doe 11)/_PLEADINGS,.pdf,6,pdf_parsed,153.8,3/18/26,3/18/26,2.16908E+12,No
2026-01-16 Supplemental Responses of Plaintiff John Doe 11 (Richard Lott) to Anthony Huhman's First Requests for Production.pdf,Doe et al. v. Liberty Healthcare et al/00_All Cases/LIBERTY - Disc Resps/2026-01-16 Supplemental Responses of Plaintiff John Doe 11 (Richard Lott) to Anthony Huhman's First Requests for Production.pdf,Doe et al. v. Liberty Healthcare et al/00_All Cases/LIBERTY - Disc Resps,.pdf,20,pdf_parsed,207.1,3/18/26,3/18/26,2.16907E+12,No
2026-01-16 Supplemental Responses of Plaintiff John Doe 11 (Richard Lott) to Anthony Huhman's First RFPs.pdf,Doe et al. v. Liberty Healthcare et al/11_Richard Lott (John Doe 11)/_PLEADINGS/2026-01-16 Supplemental Responses of Plaintiff John Doe 11 (Richard Lott) to Anthony Huhman's First RFPs.pdf,Doe et al. v. Liberty Healthcare et al/11_Richard Lott (John Doe 11)/_PLEADINGS,.pdf,20,pdf_parsed,207.1,3/18/26,3/18/26,2.16908E+12,No
"2026-01-19 Paintiff Hayley Potts, for Launa Richardson's Objections and Answers to Dr. Herbert Caskey's First Requests.pdf","Doe et al. v. Liberty Healthcare et al/07b_Launa Richardson (Jane Doe 7B)/_PLEADINGS/2026-01-19 Paintiff Hayley Potts, for Launa Richardson's Objections and Answers to Dr. Herbert Caskey's First Requests.pdf",Doe et al. v. Liberty Healthcare et al/07b_Launa Richardson (Jane Doe 7B)/_PLEADINGS,.pdf,35,pdf_parsed,312.1,3/18/26,3/18/26,2.16905E+12,No
"2026-01-19 Paintiff Hayley Potts, for Mickey McDade's Objections and Answers to Dr. Herbert Caskey's First Requests.pdf","Doe et al. v. Liberty Healthcare et al/05_Mickey McDade (Jane Doe 5)/_PLEADINGS/2026-01-19 Paintiff Hayley Potts, for Mickey McDade's Objections and Answers to Dr. Herbert Caskey's First Requests.pdf",Doe et al. v. Liberty Healthcare et al/05_Mickey McDade (Jane Doe 5)/_PLEADINGS,.pdf,38,pdf_parsed,303.3,3/18/26,3/18/26,2.16906E+12,No
2026-01-19 Plaintiff Bailey Call's Objections and Answers to Dr. Herbert Caskey's First Requests.pdf,Doe et al. v. Liberty Healthcare et al/10b_Bailey Call (John Doe 10B)/_PLEADINGS/2026-01-19 Plaintiff Bailey Call's Objections and Answers to Dr. Herbert Caskey's First Requests.pdf,Doe et al. v. Liberty Healthcare et al/10b_Bailey Call (John Doe 10B)/_PLEADINGS,.pdf,41,pdf_parsed,377.2,3/18/26,3/18/26,2.16907E+12,No
2026-01-19 Plaintiff Caitlin Spradling's Objections and Answers to Dr. Herbert Caskey's First Requests.pdf,Doe et al. v. Liberty Healthcare et al/04b_Caitlin Spradling (Jane Doe 4B)/_PLEADINGS/2026-01-19 Plaintiff Caitlin Spradling's Objections and Answers to Dr. Herbert Caskey's First Requests.pdf,Doe et al. v. Liberty Healthcare et al/04b_Caitlin Spradling (Jane Doe 4B)/_PLEADINGS,.pdf,36,pdf_parsed,291.3,3/18/26,3/18/26,2.1691E+12,No
2026-01-19 Plaintiff Cody Richardson's Objections and Answers to Dr. Herbert Caskey's First Requests.pdf,Doe et al. v. Liberty Healthcare et al/01_Cody Richardson (JD1)/_PLEADINGS/2026-01-19 Plaintiff Cody Richardson's Objections and Answers to Dr. Herbert Caskey's First Requests.pdf,Doe et al. v. Liberty Healthcare et al/01_Cody Richardson (JD1)/_PLEADINGS,.pdf,7,pdf_parsed,152.6,3/18/26,3/18/26,2.1691E+12,No
2026-01-19 Plaintiff Dakota Norman's Objections and Answers to Dr. Herbert Caskey's First Requests.pdf,Doe et al. v. Liberty Healthcare et al/04_Dakota Norman (John Doe 4)/_PLEADINGS/2026-01-19 Plaintiff Dakota Norman's Objections and Answers to Dr. Herbert Caskey's First Requests.pdf,Doe et al. v. Liberty Healthcare et al/04_Dakota Norman (John Doe 4)/_PLEADINGS,.pdf,36,pdf_parsed,289.9,3/18/26,3/18/26,2.16907E+12,No
"2026-01-19 Plaintiff Hayley Potts, for Gage Luke's Objections and Answers to Dr. Herbert Caskey's First Requests.pdf","Doe et al. v. Liberty Healthcare et al/08b_Gage Luke (John Doe 8B)/_PLEADINGS/2026-01-19 Plaintiff Hayley Potts, for Gage Luke's Objections and Answers to Dr. Herbert Caskey's First Requests.pdf",Doe et al. v. Liberty Healthcare et al/08b_Gage Luke (John Doe 8B)/_PLEADINGS,.pdf,35,pdf_parsed,288.8,3/18/26,3/18/26,2.16907E+12,No
"2026-01-19 Plaintiff Hayley Potts, for Nathan Stinnett's Objections and Answers to Dr. Herbert Caskey's First Requests.pdf","Doe et al. v. Liberty Healthcare et al/06b_Nathan Stinnett (John Doe 6B)/_PLEADINGS/2026-01-19 Plaintiff Hayley Potts, for Nathan Stinnett's Objections and Answers to Dr. Herbert Caskey's First Requests.pdf",Doe et al. v. Liberty Healthcare et al/06b_Nathan Stinnett (John Doe 6B)/_PLEADINGS,.pdf,34,pdf_parsed,285.7,3/18/26,3/18/26,2.1691E+12,No
"2026-01-19 Plaintiff Hayley Potts, for Richard Peters's Objections and Answers to Dr. Herbert Caskey's First Requests.pdf","Doe et al. v. Liberty Healthcare et al/07b_Richard Peters (John Doe 7B)/_PLEADINGS/2026-01-19 Plaintiff Hayley Potts, for Richard Peters's Objections and Answers to Dr. Herbert Caskey's First Requests.pdf",Doe et al. v. Liberty Healthcare et al/07b_Richard Peters (John Doe 7B)/_PLEADINGS,.pdf,39,pdf_parsed,307.2,3/18/26,3/18/26,2.16908E+12,No
2026-01-19 Plaintiff MacArthur Finley's Objections and Answers to Dr. Herbert Caskey's First Requests.pdf,Doe et al. v. Liberty Healthcare et al/02b_MacArthur Finley (JD2B)/_PLEADINGS/2026-01-19 Plaintiff MacArthur Finley's Objections and Answers to Dr. Herbert Caskey's First Requests.pdf,Doe et al. v. Liberty Healthcare et al/02b_MacArthur Finley (JD2B)/_PLEADINGS,.pdf,36,pdf_parsed,291.5,3/18/26,3/18/26,2.1691E+12,No
2026-01-19 Plaintiff Noah Zoellner's Objections and Answers to Dr. Herbert Caskey's First Requests.pdf,Doe et al. v. Liberty Healthcare et al/05b_Noah Zoellner (JD5B)/_PLEADINGS/2026-01-19 Plaintiff Noah Zoellner's Objections and Answers to Dr. Herbert Caskey's First Requests.pdf,Doe et al. v. Liberty Healthcare et al/05b_Noah Zoellner (JD5B)/_PLEADINGS,.pdf,37,pdf_parsed,298.6,3/18/26,3/18/26,2.16908E+12,No
2026-01-19 Plaintiff Robbie Alba's Objections and Answers to Dr. Herbert Caskey's First Requests.pdf,Doe et al. v. Liberty Healthcare et al/09b_Robert Alba (John Doe 9B)/_PLEADINGS/2026-01-19 Plaintiff Robbie Alba's Objections and Answers to Dr. Herbert Caskey's First Requests.pdf,Doe et al. v. Liberty Healthcare et al/09b_Robert Alba (John Doe 9B)/_PLEADINGS,.pdf,35,pdf_parsed,304.5,3/18/26,3/18/26,2.16907E+12,No
2026-01-19 Plaintiff Theodore Clark IV's Objections and Answers to Dr. Herbert Caskey's First Requests.pdf,Doe et al. v. Liberty Healthcare et al/03b_Theodore Clark (JD3B)/_PLEADINGS/2026-01-19 Plaintiff Theodore Clark IV's Objections and Answers to Dr. Herbert Caskey's First Requests.pdf,Doe et al. v. Liberty Healthcare et al/03b_Theodore Clark (JD3B)/_PLEADINGS,.pdf,36,pdf_parsed,291.3,3/18/26,3/18/26,2.16906E+12,No
2026-01-19 Plaintiff Waylon Cauthon's Objections and Answers to Dr. Herbert Caskey's First Requests.pdf,Doe et al. v. Liberty Healthcare et al/12b_Waylon Cauthon (John Doe 12B)/_PLEADINGS/2026-01-19 Plaintiff Waylon Cauthon's Objections and Answers to Dr. Herbert Caskey's First Requests.pdf,Doe et al. v. Liberty Healthcare et al/12b_Waylon Cauthon (John Doe 12B)/_PLEADINGS,.pdf,36,pdf_parsed,292.4,3/18/26,3/18/26,2.16912E+12,No
2026-02-06 Defendant Dr. Herbert T. Caskey's Amended Responses to Plaintiffs' First Set of Discocery Requests.pdf,Doe et al. v. Liberty Healthcare et al/00_All Cases/LIBERTY - Disc Resps/2026-02-06 Defendant Dr. Herbert T. Caskey's Amended Responses to Plaintiffs' First Set of Discocery Requests.pdf,Doe et al. v. Liberty Healthcare et al/00_All Cases/LIBERTY - Disc Resps,.pdf,24,pdf_parsed,1871.7,3/18/26,3/18/26,2.16907E+12,No
2026-02-23 Jane Doe 4B's First Supplemented Answers to Caskey's 1st Roggs & RFPS (Caitlin Spradling) (1).pdf,Doe et al. v. Liberty Healthcare et al/04b_Caitlin Spradling (Jane Doe 4B)/_PLEADINGS/2026-02-23 Jane Doe 4B's First Supplemented Answers to Caskey's 1st Roggs & RFPS (Caitlin Spradling) (1).pdf,Doe et al. v. Liberty Healthcare et al/04b_Caitlin Spradling (Jane Doe 4B)/_PLEADINGS,.pdf,7,pdf_parsed,156.5,3/18/26,3/18/26,2.16911E+12,No
"2026-02-23 Jane Doe 5B's First Supplemental Answers to Caskey's 1st Roggs, RFPs and RFAs (Mickey McDade).pdf","Doe et al. v. Liberty Healthcare et al/05_Mickey McDade (Jane Doe 5)/_PLEADINGS/2026-02-23 Jane Doe 5B's First Supplemental Answers to Caskey's 1st Roggs, RFPs and RFAs (Mickey McDade).pdf",Doe et al. v. Liberty Healthcare et al/05_Mickey McDade (Jane Doe 5)/_PLEADINGS,.pdf,9,pdf_parsed,1029.4,3/18/26,3/18/26,2.16905E+12,No
2026-02-23 John Doe 10B's First Supplemental Answers to Caskey's 1st Roggs (Bailey Call).pdf,Doe et al. v. Liberty Healthcare et al/10b_Bailey Call (John Doe 10B)/_PLEADINGS/2026-02-23 John Doe 10B's First Supplemental Answers to Caskey's 1st Roggs (Bailey Call).pdf,Doe et al. v. Liberty Healthcare et al/10b_Bailey Call (John Doe 10B)/_PLEADINGS,.pdf,5,pdf_parsed,146.7,3/18/26,3/18/26,2.16908E+12,No
2026-02-23 John Doe 2B's First Supplemental Responses to Caskey's 1st RFPs (MacArthur Finley).pdf,Doe et al. v. Liberty Healthcare et al/00_All Cases/LIBERTY - Disc Resps/2026-02-23 John Doe 2B's First Supplemental Responses to Caskey's 1st RFPs (MacArthur Finley).pdf,Doe et al. v. Liberty Healthcare et al/00_All Cases/LIBERTY - Disc Resps,.pdf,3,pdf_parsed,137,3/18/26,3/18/26,2.16906E+12,Yes
2026-02-23 John Doe 2B's First Supplemental Responses to Caskey's 1st RFPs (MacArthur Finley).pdf,Doe et al. v. Liberty Healthcare et al/02b_MacArthur Finley (JD2B)/_PLEADINGS/2026-02-23 John Doe 2B's First Supplemental Responses to Caskey's 1st RFPs (MacArthur Finley).pdf,Doe et al. v. Liberty Healthcare et al/02b_MacArthur Finley (JD2B)/_PLEADINGS,.pdf,3,pdf_parsed,137,3/18/26,3/18/26,2.1691E+12,Yes
2026-02-23 John Doe 4's First Supplemental Answers to Caskey's 1st Roggs (Dakota Norman).pdf,Doe et al. v. Liberty Healthcare et al/04_Dakota Norman (John Doe 4)/_PLEADINGS/2026-02-23 John Doe 4's First Supplemental Answers to Caskey's 1st Roggs (Dakota Norman).pdf,Doe et al. v. Liberty Healthcare et al/04_Dakota Norman (John Doe 4)/_PLEADINGS,.pdf,6,pdf_parsed,151.4,3/18/26,3/18/26,2.16908E+12,No
2026-02-23 John Doe 6B's First Supplemental Responses to Caskey's 1st RFPs (Nathan Stinnett).pdf,Doe et al. v. Liberty Healthcare et al/00_All Cases/LIBERTY - Disc Resps/2026-02-23 John Doe 6B's First Supplemental Responses to Caskey's 1st RFPs (Nathan Stinnett).pdf,Doe et al. v. Liberty Healthcare et al/00_All Cases/LIBERTY - Disc Resps,.pdf,3,pdf_parsed,130.1,3/18/26,3/18/26,2.16906E+12,Yes
2026-02-23 John Doe 6B's First Supplemental Responses to Caskey's 1st RFPs (Nathan Stinnett).pdf,Doe et al. v. Liberty Healthcare et al/06b_Nathan Stinnett (John Doe 6B)/_PLEADINGS/2026-02-23 John Doe 6B's First Supplemental Responses to Caskey's 1st RFPs (Nathan Stinnett).pdf,Doe et al. v. Liberty Healthcare et al/06b_Nathan Stinnett (John Doe 6B)/_PLEADINGS,.pdf,3,pdf_parsed,130.1,3/18/26,3/18/26,2.1691E+12,Yes
2026-02-23 John Doe 8B's First Supplemental Responses to Caskey's 1st RFPs (Gage Luke).pdf,Doe et al. v. Liberty Healthcare et al/00_All Cases/LIBERTY - Disc Resps/2026-02-23 John Doe 8B's First Supplemental Responses to Caskey's 1st RFPs (Gage Luke).pdf,Doe et al. v. Liberty Healthcare et al/00_All Cases/LIBERTY - Disc Resps,.pdf,3,pdf_parsed,138.4,3/18/26,3/18/26,2.16906E+12,Yes
2026-02-23 John Doe 8B's First Supplemental Responses to Caskey's 1st RFPs (Gage Luke).pdf,Doe et al. v. Liberty Healthcare et al/08b_Gage Luke (John Doe 8B)/_PLEADINGS/2026-02-23 John Doe 8B's First Supplemental Responses to Caskey's 1st RFPs (Gage Luke).pdf,Doe et al. v. Liberty Healthcare et al/08b_Gage Luke (John Doe 8B)/_PLEADINGS,.pdf,3,pdf_parsed,138.4,3/18/26,3/18/26,2.16906E+12,Yes
2026-02-23 John Doe's First Supplemented Answers to Caskey's 1st Roggs & RFPs (Cody Richardson).pdf,Doe et al. v. Liberty Healthcare et al/01_Cody Richardson (JD1)/_PLEADINGS/2026-02-23 John Doe's First Supplemented Answers to Caskey's 1st Roggs & RFPs (Cody Richardson).pdf,Doe et al. v. Liberty Healthcare et al/01_Cody Richardson (JD1)/_PLEADINGS,.pdf,39,pdf_parsed,305.4,3/18/26,3/18/26,2.1691E+12,No
"2026-03-05 Plaintiff Richard Lott's Objections and Answers to Defendant Dr. Caskey's First ROGS, RFPs and RFAS.pdf","Doe et al. v. Liberty Healthcare et al/11_Richard Lott (John Doe 11)/_PLEADINGS/2026-03-05 Plaintiff Richard Lott's Objections and Answers to Defendant Dr. Caskey's First ROGS, RFPs and RFAS.pdf",Doe et al. v. Liberty Healthcare et al/11_Richard Lott (John Doe 11)/_PLEADINGS,.pdf,35,pdf_parsed,296.4,3/18/26,3/18/26,2.16907E+12,No
CALL-MEDICAL000001 - CALL-MEDICAL001497.PDF,Doe et al. v. Liberty Healthcare et al/10b_Bailey Call (John Doe 10B)/CALL-MEDICAL000001 - CALL-MEDICAL001497.PDF,Doe et al. v. Liberty Healthcare et al/10b_Bailey Call (John Doe 10B),.pdf,1497,pdf_parsed,562339.5,3/18/26,3/18/26,2.16907E+12,No
CASP 0001-CASP 0397.pdf,Doe et al. v. Liberty Healthcare et al/04b_Caitlin Spradling (Jane Doe 4B)/CASP 0001-CASP 0397.pdf,Doe et al. v. Liberty Healthcare et al/04b_Caitlin Spradling (Jane Doe 4B),.pdf,397,pdf_parsed,104836.9,3/18/26,3/18/26,2.16909E+12,No
CASP 0398-CASP 0496.pdf,Doe et al. v. Liberty Healthcare et al/04b_Caitlin Spradling (Jane Doe 4B)/CASP 0398-CASP 0496.pdf,Doe et al. v. Liberty Healthcare et al/04b_Caitlin Spradling (Jane Doe 4B),.pdf,99,pdf_parsed,25047,3/18/26,3/18/26,2.16909E+12,No
CASP 0497-CASP 1332.PDF,Doe et al. v. Liberty Healthcare et al/04b_Caitlin Spradling (Jane Doe 4B)/CASP 0497-CASP 1332.PDF,Doe et al. v. Liberty Healthcare et al/04b_Caitlin Spradling (Jane Doe 4B),.pdf,836,pdf_parsed,119678.5,3/18/26,3/18/26,2.1691E+12,No
CASP 1333-CASP 2312.PDF,Doe et al. v. Liberty Healthcare et al/04b_Caitlin Spradling (Jane Doe 4B)/CASP 1333-CASP 2312.PDF,Doe et al. v. Liberty Healthcare et al/04b_Caitlin Spradling (Jane Doe 4B),.pdf,980,pdf_parsed,119975.5,3/18/26,3/18/26,2.1691E+12,No
CASP 2313-CASP 2473.pdf,Doe et al. v. Liberty Healthcare et al/04b_Caitlin Spradling (Jane Doe 4B)/CASP 2313-CASP 2473.pdf,Doe et al. v. Liberty Healthcare et al/04b_Caitlin Spradling (Jane Doe 4B),.pdf,161,pdf_parsed,52670.7,3/18/26,3/18/26,2.1691E+12,No
CASP 2474-CASP 2541.pdf,Doe et al. v. Liberty Healthcare et al/04b_Caitlin Spradling (Jane Doe 4B)/CASP 2474-CASP 2541.pdf,Doe et al. v. Liberty Healthcare et al/04b_Caitlin Spradling (Jane Doe 4B),.pdf,68,pdf_parsed,33268.1,3/18/26,3/18/26,2.1691E+12,No
CASP 2542-CASP 2632.pdf,Doe et al. v. Liberty Healthcare et al/04b_Caitlin Spradling (Jane Doe 4B)/CASP 2542-CASP 2632.pdf,Doe et al. v. Liberty Healthcare et al/04b_Caitlin Spradling (Jane Doe 4B),.pdf,91,pdf_parsed,19368.3,3/18/26,3/18/26,2.1691E+12,No
CASP 2633-CASP 2633.pdf,Doe et al. v. Liberty Healthcare et al/04b_Caitlin Spradling (Jane Doe 4B)/CASP 2633-CASP 2633.pdf,Doe et al. v. Liberty Healthcare et al/04b_Caitlin Spradling (Jane Doe 4B),.pdf,1,pdf_parsed,289.7,3/18/26,3/18/26,2.1691E+12,No
CASP 2634-CASP 2742.pdf,Doe et al. v. Liberty Healthcare et al/04b_Caitlin Spradling (Jane Doe 4B)/CASP 2634-CASP 2742.pdf,Doe et al. v. Liberty Healthcare et al/04b_Caitlin Spradling (Jane Doe 4B),.pdf,109,pdf_parsed,29441.5,3/18/26,3/18/26,2.1691E+12,No
CASP 2743-CASP 2883.pdf,Doe et al. v. Liberty Healthcare et al/04b_Caitlin Spradling (Jane Doe 4B)/CASP 2743-CASP 2883.pdf,Doe et al. v. Liberty Healthcare et al/04b_Caitlin Spradling (Jane Doe 4B),.pdf,141,pdf_parsed,34741.4,3/18/26,3/18/26,2.1691E+12,No
CASP 2884-CASP 3460.pdf,Doe et al. v. Liberty Healthcare et al/04b_Caitlin Spradling (Jane Doe 4B)/CASP 2884-CASP 3460.pdf,Doe et al. v. Liberty Healthcare et al/04b_Caitlin Spradling (Jane Doe 4B),.pdf,577,pdf_parsed,145261.8,3/18/26,3/18/26,2.16909E+12,No
CASP 3461-CASP 4014.pdf,Doe et al. v. Liberty Healthcare et al/04b_Caitlin Spradling (Jane Doe 4B)/CASP 3461-CASP 4014.pdf,Doe et al. v. Liberty Healthcare et al/04b_Caitlin Spradling (Jane Doe 4B),.pdf,554,pdf_parsed,152785.2,3/18/26,3/18/26,2.1691E+12,No
EPD000001-EPD000011.pdf,Doe et al. v. Liberty Healthcare et al/00_All Cases/EPD1-4489/-2022-11276/EPD000001-EPD000011.pdf,Doe et al. v. Liberty Healthcare et al/00_All Cases/EPD1-4489/-2022-11276,.pdf,11,pdf_parsed,847.6,3/18/26,3/18/26,2.16911E+12,No
EPD000012-EPD000012.pdf,Doe et al. v. Liberty Healthcare et al/00_All Cases/EPD1-4489/-2022-11276/EPD000012-EPD000012.pdf,Doe et al. v. Liberty Healthcare et al/00_All Cases/EPD1-4489/-2022-11276,.pdf,1,pdf_parsed,537.2,3/18/26,3/18/26,2.16911E+12,No
EPD000013-EPD000013.pdf,Doe et al. v. Liberty Healthcare et al/00_All Cases/EPD1-4489/-2022-11276/EPD000013-EPD000013.pdf,Doe et al. v. Liberty Healthcare et al/00_All Cases/EPD1-4489/-2022-11276,.pdf,1,pdf_parsed,467.9,3/18/26,3/18/26,2.1691E+12,No
EPD000013-EPD000013.wav,Doe et al. v. Liberty Healthcare et al/00_All Cases/EPD1-4489/-2022-11276/EPD000013-EPD000013.wav,Doe et al. v. Liberty Healthcare et al/00_All Cases/EPD1-4489/-2022-11276,.wav,N/A,N/A,61.1,3/18/26,3/18/26,2.16911E+12,No
EPD000014-EPD000064.pdf,Doe et al. v. Liberty Healthcare et al/00_All Cases/EPD1-4489/-2023-4573/EPD000014-EPD000064.pdf,Doe et al. v. Liberty Healthcare et al/00_All Cases/EPD1-4489/-2023-4573,.pdf,51,pdf_parsed,2447.4,3/18/26,3/18/26,2.1691E+12,No
EPD000065-EPD000088.pdf,Doe et al. v. Liberty Healthcare et al/00_All Cases/EPD1-4489/-2023-4573/EPD000065-EPD000088.pdf,Doe et al. v. Liberty Healthcare et al/00_All Cases/EPD1-4489/-2023-4573,.pdf,24,pdf_parsed,1347.7,3/18/26,3/18/26,2.1691E+12,No
EPD000089-EPD000089.pdf,Doe et al. v. Liberty Healthcare et al/00_All Cases/EPD1-4489/-2023-4573/EPD000089-EPD000089.pdf,Doe et al. v. Liberty Healthcare et al/00_All Cases/EPD1-4489/-2023-4573,.pdf,1,pdf_parsed,538.4,3/18/26,3/18/26,2.1691E+12,No
EPD000090-EPD000090.pdf,Doe et al. v. Liberty Healthcare et al/00_All Cases/EPD1-4489/-2023-4573/EPD000090-EPD000090.pdf,Doe et al. v. Liberty Healthcare et al/00_All Cases/EPD1-4489/-2023-4573,.pdf,1,pdf_parsed,615.8,3/18/26,3/18/26,2.16912E+12,No
EPD000091-EPD000104.pdf,Doe et al. v. Liberty Healthcare et al/00_All Cases/EPD1-4489/-2023-4573/EPD000091-EPD000104.pdf,Doe et al. v. Liberty Healthcare et al/00_All Cases/EPD1-4489/-2023-4573,.pdf,14,pdf_parsed,951,3/18/26,3/18/26,2.16911E+12,No
EPD000105-EPD000105.pdf,Doe et al. v. Liberty Healthcare et al/00_All Cases/EPD1-4489/-2023-4573/EPD000105-EPD000105.pdf,Doe et al. v. Liberty Healthcare et al/00_All Cases/EPD1-4489/-2023-4573,.pdf,1,pdf_parsed,465.7,3/18/26,3/18/26,2.1691E+12,No
EPD000105-EPD000105.wav,Doe et al. v. Liberty Healthcare et al/00_All Cases/EPD1-4489/-2023-4573/EPD000105-EPD000105.wav,Doe et al. v. Liberty Healthcare et al/00_All Cases/EPD1-4489/-2023-4573,.wav,N/A,N/A,147.6,3/18/26,3/18/26,2.1691E+12,No
EPD000106-EPD000109.pdf,Doe et al. v. Liberty Healthcare et al/00_All Cases/EPD1-4489/-2023-4573/EPD000106-EPD000109.pdf,Doe et al. v. Liberty Healthcare et al/00_All Cases/EPD1-4489/-2023-4573,.pdf,4,pdf_parsed,708.7,3/18/26,3/18/26,2.1691E+12,No
EPD000110-EPD000115.pdf,Doe et al. v. Liberty Healthcare et al/00_All Cases/EPD1-4489/-2023-4573/9079/Flyers/EPD000110-EPD000115.pdf,Doe et al. v. Liberty Healthcare et al/00_All Cases/EPD1-4489/-2023-4573/9079/Flyers,.pdf,6,pdf_parsed,96686.1,3/18/26,3/18/26,2.1691E+12,No
EPD000116-EPD000119.pdf,Doe et al. v. Liberty Healthcare et al/00_All Cases/EPD1-4489/-2023-4573/9079/Pine Valley Pictures/EPD000116-EPD000119.pdf,Doe et al. v. Liberty Healthcare et al/00_All Cases/EPD1-4489/-2023-4573/9079/Pine Valley Pictures,.pdf,4,pdf_parsed,57041.5,3/18/26,3/18/26,2.1691E+12,No
EPD000120-EPD000128.pdf,Doe et al. v. Liberty Healthcare et al/00_All Cases/EPD1-4489/-2023-4573/9079/Screenshots from Jessica/[EXTERNAL_SENDER]Jessica_Dirden/EPD000120-EPD000128.pdf,Doe et al. v. Liberty Healthcare et al/00_All Cases/EPD1-4489/-2023-4573/9079/Screenshots from Jessica/[EXTERNAL_SENDER]Jessica_Dirden,.pdf,9,pdf_parsed,16330.4,3/18/26,3/18/26,2.16912E+12,No
EPD000129-EPD000129.pdf,Doe et al. v. Liberty Healthcare et al/00_All Cases/EPD1-4489/-2023-4649/EPD000129-EPD000129.pdf,Doe et al. v. Liberty Healthcare et al/00_All Cases/EPD1-4489/-2023-4649,.pdf,1,pdf_parsed,535.5,3/18/26,3/18/26,2.16911E+12,No
EPD000130-EPD000138.pdf,Doe et al. v. Liberty Healthcare et al/00_All Cases/EPD1-4489/-2023-4649/2023-4649/9079/OCA Investigation/EPD000130-EPD000138.pdf,Doe et al. v. Liberty Healthcare et al/00_All Cases/EPD1-4489/-2023-4649/2023-4649/9079/OCA Investigation,.pdf,9,pdf_parsed,5810.7,3/18/26,3/18/26,2.1691E+12,No
EPD000139-EPD000154.pdf,Doe et al. v. Liberty Healthcare et al/00_All Cases/EPD1-4489/-2023-4649/2023-4649/9079/Pictures/EPD000139-EPD000154.pdf,Doe et al. v. Liberty Healthcare et al/00_All Cases/EPD1-4489/-2023-4649/2023-4649/9079/Pictures,.pdf,16,pdf_parsed,5598.4,3/18/26,3/18/26,2.1691E+12,No
EPD000155-EPD000158.pdf,Doe et al. v. Liberty Healthcare et al/00_All Cases/EPD1-4489/-2023-4649/2023-4649/9079/Victim Pictures/EPD000155-EPD000158.pdf,Doe et al. v. Liberty Healthcare et al/00_All Cases/EPD1-4489/-2023-4649/2023-4649/9079/Victim Pictures,.pdf,4,pdf_parsed,7488.2,3/18/26,3/18/26,2.1691E+12,No
EPD000159-EPD000167.pdf,Doe et al. v. Liberty Healthcare et al/00_All Cases/EPD1-4489/-2023-4649/2023-4649 (No Charges)/OCA Investigation/EPD000159-EPD000167.pdf,Doe et al. v. Liberty Healthcare et al/00_All Cases/EPD1-4489/-2023-4649/2023-4649 (No Charges)/OCA Investigation,.pdf,9,pdf_parsed,5810.7,3/18/26,3/18/26,2.1691E+12,No
EPD000168-EPD000180.pdf,Doe et al. v. Liberty Healthcare et al/00_All Cases/EPD1-4489/-2023-4649/2023-4649 (No Charges)/Report/EPD000168-EPD000180.pdf,Doe et al. v. Liberty Healthcare et al/00_All Cases/EPD1-4489/-2023-4649/2023-4649 (No Charges)/Report,.pdf,13,pdf_parsed,846.7,3/18/26,3/18/26,2.1691E+12,No
EPD000181-EPD000196.pdf,Doe et al. v. Liberty Healthcare et al/00_All Cases/EPD1-4489/-2023-4649/2023-4649 (No Charges)/Pictures/EPD000181-EPD000196.pdf,Doe et al. v. Liberty Healthcare et al/00_All Cases/EPD1-4489/-2023-4649/2023-4649 (No Charges)/Pictures,.pdf,16,pdf_parsed,5598.4,3/18/26,3/18/26,2.16912E+12,No
EPD000197-EPD000200.pdf,Doe et al. v. Liberty Healthcare et al/00_All Cases/EPD1-4489/-2023-4649/2023-4649 (No Charges)/Victim Pictures/EPD000197-EPD000200.pdf,Doe et al. v. Liberty Healthcare et al/00_All Cases/EPD1-4489/-2023-4649/2023-4649 (No Charges)/Victim Pictures,.pdf,4,pdf_parsed,7488.2,3/18/26,3/18/26,2.1691E+12,No
EPD000201-EPD000201.pdf,Doe et al. v. Liberty Healthcare et al/00_All Cases/EPD1-4489/-2023-6227/EPD000201-EPD000201.pdf,Doe et al. v. Liberty Healthcare et al/00_All Cases/EPD1-4489/-2023-6227,.pdf,1,pdf_parsed,540.9,3/18/26,3/18/26,2.1691E+12,No
EPD000202-EPD000202.pdf,Doe et al. v. Liberty Healthcare et al/00_All Cases/EPD1-4489/-2023-6227/EPD000202-EPD000202.pdf,Doe et al. v. Liberty Healthcare et al/00_All Cases/EPD1-4489/-2023-6227,.pdf,1,pdf_parsed,616,3/18/26,3/18/26,2.1691E+12,No
EPD000203-EPD000203.pdf,Doe et al. v. Liberty Healthcare et al/00_All Cases/EPD1-4489/-2023-6227/EPD000203-EPD000203.pdf,Doe et al. v. Liberty Healthcare et al/00_All Cases/EPD1-4489/-2023-6227,.pdf,1,pdf_parsed,470.1,3/18/26,3/18/26,2.1691E+12,No
EPD000203-EPD000203.wav,Doe et al. v. Liberty Healthcare et al/00_All Cases/EPD1-4489/-2023-6227/EPD000203-EPD000203.wav,Doe et al. v. Liberty Healthcare et al/00_All Cases/EPD1-4489/-2023-6227,.wav,N/A,N/A,173,3/18/26,3/18/26,2.16909E+12,No
EPD000204-EPD000220.pdf,Doe et al. v. Liberty Healthcare et al/00_All Cases/EPD1-4489/-2023-6227/2023-6227 (No Charges)/Report/EPD000204-EPD000220.pdf,Doe et al. v. Liberty Healthcare et al/00_All Cases/EPD1-4489/-2023-6227/2023-6227 (No Charges)/Report,.pdf,17,pdf_parsed,957.9,3/18/26,3/18/26,2.1691E+12,No
EPD000221-EPD000249.pdf,Doe et al. v. Liberty Healthcare et al/00_All Cases/EPD1-4489/-2023-6227/2023-6227 (No Charges)/Pictures/EPD000221-EPD000249.pdf,Doe et al. v. Liberty Healthcare et al/00_All Cases/EPD1-4489/-2023-6227/2023-6227 (No Charges)/Pictures,.pdf,29,pdf_parsed,54013.9,3/18/26,3/18/26,2.1691E+12,No
EPD000250-EPD000278.pdf,Doe et al. v. Liberty Healthcare et al/00_All Cases/EPD1-4489/-2023-6227/9050/EPD000250-EPD000278.pdf,Doe et al. v. Liberty Healthcare et al/00_All Cases/EPD1-4489/-2023-6227/9050,.pdf,29,pdf_parsed,54013.9,3/18/26,3/18/26,2.1691E+12,No
EPD000279-EPD000287.pdf,Doe et al. v. Liberty Healthcare et al/00_All Cases/EPD1-4489/-2023-6227/9079/Previous OCA Investigation/EPD000279-EPD000287.pdf,Doe et al. v. Liberty Healthcare et al/00_All Cases/EPD1-4489/-2023-6227/9079/Previous OCA Investigation,.pdf,9,pdf_parsed,5810.7,3/18/26,3/18/26,2.1691E+12,No
EPD000288-EPD000291.pdf,Doe et al. v. Liberty Healthcare et al/00_All Cases/EPD1-4489/-2023-6227/9088/EPD000288-EPD000291.pdf,Doe et al. v. Liberty Healthcare et al/00_All Cases/EPD1-4489/-2023-6227/9088,.pdf,4,pdf_parsed,62100.7,3/18/26,3/18/26,2.16912E+12,No
EPD000292-EPD000292.pdf,Doe et al. v. Liberty Healthcare et al/00_All Cases/EPD1-4489/-2023-8057/EPD000292-EPD000292.pdf,Doe et al. v. Liberty Healthcare et al/00_All Cases/EPD1-4489/-2023-8057,.pdf,1,pdf_parsed,537.4,3/18/26,3/18/26,2.1691E+12,No
EPD000293-EPD000293.mp3,Doe et al. v. Liberty Healthcare et al/00_All Cases/EPD1-4489/-2023-8057/EPD000293-EPD000293.mp3,Doe et al. v. Liberty Healthcare et al/00_All Cases/EPD1-4489/-2023-8057,.mp3,N/A,N/A,64,3/18/26,3/18/26,2.16909E+12,No
EPD000293-EPD000293.pdf,Doe et al. v. Liberty Healthcare et al/00_All Cases/EPD1-4489/-2023-8057/EPD000293-EPD000293.pdf,Doe et al. v. Liberty Healthcare et al/00_All Cases/EPD1-4489/-2023-8057,.pdf,1,pdf_parsed,468.6,3/18/26,3/18/26,2.1691E+12,No
EPD000294-EPD000299.pdf,Doe et al. v. Liberty Healthcare et al/00_All Cases/EPD1-4489/-2023-8057/2023-8057 (Pollard)/Affidavits/EPD000294-EPD000299.pdf,Doe et al. v. Liberty Healthcare et al/00_All Cases/EPD1-4489/-2023-8057/2023-8057 (Pollard)/Affidavits,.pdf,6,pdf_parsed,627.5,3/18/26,3/18/26,2.1691E+12,No
EPD000300-EPD000305.pdf,Doe et al. v. Liberty Healthcare et al/00_All Cases/EPD1-4489/-2023-8057/2023-8057 (Pollard)/Affidavits/EPD000300-EPD000305.pdf,Doe et al. v. Liberty Healthcare et al/00_All Cases/EPD1-4489/-2023-8057/2023-8057 (Pollard)/Affidavits,.pdf,6,pdf_parsed,629.1,3/18/26,3/18/26,2.1691E+12,No
EPD000306-EPD000311.pdf,Doe et al. v. Liberty Healthcare et al/00_All Cases/EPD1-4489/-2023-8057/2023-8057 (Pollard)/Affidavits/EPD000306-EPD000311.pdf,Doe et al. v. Liberty Healthcare et al/00_All Cases/EPD1-4489/-2023-8057/2023-8057 (Pollard)/Affidavits,.pdf,6,pdf_parsed,628.5,3/18/26,3/18/26,2.1691E+12,No
EPD000312-EPD000312.mp4,Doe et al. v. Liberty Healthcare et al/00_All Cases/EPD1-4489/-2023-8057/2023-8057 (Pollard)/Forensic Interview/iRecordData 10_25_202310.17.40 AM/EPD000312-EPD000312.mp4,Doe et al. v. Liberty Healthcare et al/00_All Cases/EPD1-4489/-2023-8057/2023-8057 (Pollard)/Forensic Interview/iRecordData 10_25_202310.17.40 AM,.mp4,N/A,N/A,399885.9,3/18/26,3/18/26,2.16911E+12,No
EPD000312-EPD000312.pdf,Doe et al. v. Liberty Healthcare et al/00_All Cases/EPD1-4489/-2023-8057/2023-8057 (Pollard)/Forensic Interview/iRecordData 10_25_202310.17.40 AM/EPD000312-EPD000312.pdf,Doe et al. v. Liberty Healthcare et al/00_All Cases/EPD1-4489/-2023-8057/2023-8057 (Pollard)/Forensic Interview/iRecordData 10_25_202310.17.40 AM,.pdf,1,pdf_parsed,464.9,3/18/26,3/18/26,2.1691E+12,No
EPD000313-EPD000347.pdf,Doe et al. v. Liberty Healthcare et al/00_All Cases/EPD1-4489/-2023-8057/2023-8057 (Pollard)/Greer Documentation/Greer Center Documentation/EPD000313-EPD000347.pdf,Doe et al. v. Liberty Healthcare et al/00_All Cases/EPD1-4489/-2023-8057/2023-8057 (Pollard)/Greer Documentation/Greer Center Documentation,.pdf,35,pdf_parsed,3365.5,3/18/26,3/18/26,2.1691E+12,No
EPD000348-EPD000350.pdf,Doe et al. v. Liberty Healthcare et al/00_All Cases/EPD1-4489/-2023-8057/2023-8057 (Pollard)/Greer Documentation/EPD000348-EPD000350.pdf,Doe et al. v. Liberty Healthcare et al/00_All Cases/EPD1-4489/-2023-8057/2023-8057 (Pollard)/Greer Documentation,.pdf,3,pdf_parsed,802.8,3/18/26,3/18/26,2.1691E+12,No
EPD000351-EPD000382.pdf,Doe et al. v. Liberty Healthcare et al/00_All Cases/EPD1-4489/-2023-8057/2023-8057 (Pollard)/Report/EPD000351-EPD000382.pdf,Doe et al. v. Liberty Healthcare et al/00_All Cases/EPD1-4489/-2023-8057/2023-8057 (Pollard)/Report,.pdf,32,pdf_parsed,1090.2,3/18/26,3/18/26,2.1691E+12,No
EPD000383-EPD001910.pdf,Doe et al. v. Liberty Healthcare et al/00_All Cases/EPD1-4489/-2023-8057/2023-8057 (Pollard)/Search Warrants/EPD000383-EPD001910.pdf,Doe et al. v. Liberty Healthcare et al/00_All Cases/EPD1-4489/-2023-8057/2023-8057 (Pollard)/Search Warrants,.pdf,1528,pdf_parsed,30842.5,3/18/26,3/18/26,2.16912E+12,No
EPD001911-EPD001914.pdf,Doe et al. v. Liberty Healthcare et al/00_All Cases/EPD1-4489/-2023-8057/2023-8057 (Pollard)/Search Warrants/EPD001911-EPD001914.pdf,Doe et al. v. Liberty Healthcare et al/00_All Cases/EPD1-4489/-2023-8057/2023-8057 (Pollard)/Search Warrants,.pdf,4,pdf_parsed,618.3,3/18/26,3/18/26,2.1691E+12,No
EPD001915-EPD002254.pdf,Doe et al. v. Liberty Healthcare et al/00_All Cases/EPD1-4489/-2023-8057/2023-8057 (Pollard)/Search Warrants/EPD001915-EPD002254.pdf,Doe et al. v. Liberty Healthcare et al/00_All Cases/EPD1-4489/-2023-8057/2023-8057 (Pollard)/Search Warrants,.pdf,340,pdf_parsed,2096.2,3/18/26,3/18/26,2.16912E+12,No
EPD002255-EPD003137.pdf,Doe et al. v. Liberty Healthcare et al/00_All Cases/EPD1-4489/-2023-8057/2023-8057 (Pollard)/Search Warrants/EPD002255-EPD003137.pdf,Doe et al. v. Liberty Healthcare et al/00_All Cases/EPD1-4489/-2023-8057/2023-8057 (Pollard)/Search Warrants,.pdf,883,pdf_parsed,10242.2,3/18/26,3/18/26,2.16911E+12,No
EPD003138-EPD003143.pdf,Doe et al. v. Liberty Healthcare et al/00_All Cases/EPD1-4489/-2023-8057/2023-8057 (Pollard)/Search Warrants/EPD003138-EPD003143.pdf,Doe et al. v. Liberty Healthcare et al/00_All Cases/EPD1-4489/-2023-8057/2023-8057 (Pollard)/Search Warrants,.pdf,6,pdf_parsed,769.4,3/18/26,3/18/26,2.1691E+12,No
EPD003144-EPD003149.pdf,Doe et al. v. Liberty Healthcare et al/00_All Cases/EPD1-4489/-2023-8057/2023-8057 (Pollard)/Search Warrants/EPD003144-EPD003149.pdf,Doe et al. v. Liberty Healthcare et al/00_All Cases/EPD1-4489/-2023-8057/2023-8057 (Pollard)/Search Warrants,.pdf,6,pdf_parsed,787.1,3/18/26,3/18/26,2.1691E+12,No
EPD003150-EPD003153.pdf,Doe et al. v. Liberty Healthcare et al/00_All Cases/EPD1-4489/-2023-8057/2023-8057 (Pollard)/Search Warrants/EPD003150-EPD003153.pdf,Doe et al. v. Liberty Healthcare et al/00_All Cases/EPD1-4489/-2023-8057/2023-8057 (Pollard)/Search Warrants,.pdf,4,pdf_parsed,643.3,3/18/26,3/18/26,2.1691E+12,No
EPD003154-EPD003158.pdf,Doe et al. v. Liberty Healthcare et al/00_All Cases/EPD1-4489/-2023-8057/2023-8057 (Pollard)/Search Warrants/EPD003154-EPD003158.pdf,Doe et al. v. Liberty Healthcare et al/00_All Cases/EPD1-4489/-2023-8057/2023-8057 (Pollard)/Search Warrants,.pdf,5,pdf_parsed,684,3/18/26,3/18/26,2.1691E+12,No
EPD003159-EPD003174.pdf,Doe et al. v. Liberty Healthcare et al/00_All Cases/EPD1-4489/-2023-8057/2023-8057 (Pollard)/Search Warrants/Nieto Phone SW/EPD003159-EPD003174.pdf,Doe et al. v. Liberty Healthcare et al/00_All Cases/EPD1-4489/-2023-8057/2023-8057 (Pollard)/Search Warrants/Nieto Phone SW,.pdf,16,pdf_parsed,47737.7,3/18/26,3/18/26,2.1691E+12,No
EPD003175-EPD003184.pdf,Doe et al. v. Liberty Healthcare et al/00_All Cases/EPD1-4489/-2023-8057/2023-8057 (Pollard)/Search Warrants/Nieto Phone SW (2)/EPD003175-EPD003184.pdf,Doe et al. v. Liberty Healthcare et al/00_All Cases/EPD1-4489/-2023-8057/2023-8057 (Pollard)/Search Warrants/Nieto Phone SW (2),.pdf,10,pdf_parsed,38937.1,3/18/26,3/18/26,2.16911E+12,No
EPD003185-EPD003185.pdf,Doe et al. v. Liberty Healthcare et al/00_All Cases/EPD1-4489/-2023-8057/2023-8057 (Pollard)/Witness Interviews/Richard Lott Interview/EPD003185-EPD003185.pdf,Doe et al. v. Liberty Healthcare et al/00_All Cases/EPD1-4489/-2023-8057/2023-8057 (Pollard)/Witness Interviews/Richard Lott Interview,.pdf,1,pdf_parsed,466.4,3/18/26,3/18/26,2.1691E+12,No
EPD003185-EPD003185.wmv,Doe et al. v. Liberty Healthcare et al/00_All Cases/EPD1-4489/-2023-8057/2023-8057 (Pollard)/Witness Interviews/Richard Lott Interview/EPD003185-EPD003185.wmv,Doe et al. v. Liberty Healthcare et al/00_All Cases/EPD1-4489/-2023-8057/2023-8057 (Pollard)/Witness Interviews/Richard Lott Interview,.wmv,N/A,N/A,692945.2,3/18/26,3/18/26,2.1691E+12,No
EPD003186-EPD003186.pdf,Doe et al. v. Liberty Healthcare et al/00_All Cases/EPD1-4489/-2023-8057/2023-8057 (Pollard)/Witness Interviews/Richard Pearce Interview/EPD003186-EPD003186.pdf,Doe et al. v. Liberty Healthcare et al/00_All Cases/EPD1-4489/-2023-8057/2023-8057 (Pollard)/Witness Interviews/Richard Pearce Interview,.pdf,1,pdf_parsed,466.5,3/18/26,3/18/26,2.1691E+12,No
EPD003186-EPD003186.wmv,Doe et al. v. Liberty Healthcare et al/00_All Cases/EPD1-4489/-2023-8057/2023-8057 (Pollard)/Witness Interviews/Richard Pearce Interview/EPD003186-EPD003186.wmv,Doe et al. v. Liberty Healthcare et al/00_All Cases/EPD1-4489/-2023-8057/2023-8057 (Pollard)/Witness Interviews/Richard Pearce Interview,.wmv,N/A,N/A,1325301.6,3/18/26,3/18/26,2.1691E+12,No
EPD003187-EPD003187.pdf,Doe et al. v. Liberty Healthcare et al/00_All Cases/EPD1-4489/-2023-8057/2023-8057 (Pollard)/Witness Interviews/Richard Pearce Interview/EPD003187-EPD003187.pdf,Doe et al. v. Liberty Healthcare et al/00_All Cases/EPD1-4489/-2023-8057/2023-8057 (Pollard)/Witness Interviews/Richard Pearce Interview,.pdf,1,pdf_parsed,466.5,3/18/26,3/18/26,2.16909E+12,No
EPD003187-EPD003187.wmv,Doe et al. v. Liberty Healthcare et al/00_All Cases/EPD1-4489/-2023-8057/2023-8057 (Pollard)/Witness Interviews/Richard Pearce Interview/EPD003187-EPD003187.wmv,Doe et al. v. Liberty Healthcare et al/00_All Cases/EPD1-4489/-2023-8057/2023-8057 (Pollard)/Witness Interviews/Richard Pearce Interview,.wmv,N/A,N/A,229799.2,3/18/26,3/18/26,2.16912E+12,No
EPD003188-EPD003189.pdf,Doe et al. v. Liberty Healthcare et al/00_All Cases/EPD1-4489/-2023-8057/2023-8057 (Pollard)/Written Statements/EPD003188-EPD003189.pdf,Doe et al. v. Liberty Healthcare et al/00_All Cases/EPD1-4489/-2023-8057/2023-8057 (Pollard)/Written Statements,.pdf,2,pdf_parsed,647.1,3/18/26,3/18/26,2.16912E+12,No
EPD003190-EPD003190.pdf,Doe et al. v. Liberty Healthcare et al/00_All Cases/EPD1-4489/-2023-8057/2023-8057 (Pollard)/Written Statements/EPD003190-EPD003190.pdf,Doe et al. v. Liberty Healthcare et al/00_All Cases/EPD1-4489/-2023-8057/2023-8057 (Pollard)/Written Statements,.pdf,1,pdf_parsed,607.1,3/18/26,3/18/26,2.1691E+12,No
EPD003191-EPD003191.pdf,Doe et al. v. Liberty Healthcare et al/00_All Cases/EPD1-4489/-2023-8057/2023-8057 (Pollard)/Written Statements/EPD003191-EPD003191.pdf,Doe et al. v. Liberty Healthcare et al/00_All Cases/EPD1-4489/-2023-8057/2023-8057 (Pollard)/Written Statements,.pdf,1,pdf_parsed,598.7,3/18/26,3/18/26,2.1691E+12,No
EPD003192-EPD003226.pdf,Doe et al. v. Liberty Healthcare et al/00_All Cases/EPD1-4489/-2023-8057/9079/Greer Center Documentation/EPD003192-EPD003226.pdf,Doe et al. v. Liberty Healthcare et al/00_All Cases/EPD1-4489/-2023-8057/9079/Greer Center Documentation,.pdf,35,pdf_parsed,3365.5,3/18/26,3/18/26,2.1691E+12,No
EPD003227-EPD003227.mp4,Doe et al. v. Liberty Healthcare et al/00_All Cases/EPD1-4489/-2023-8057/9079/iRecordData 10_25_202310.17.40 AM/EPD003227-EPD003227.mp4,Doe et al. v. Liberty Healthcare et al/00_All Cases/EPD1-4489/-2023-8057/9079/iRecordData 10_25_202310.17.40 AM,.mp4,N/A,N/A,399885.9,3/18/26,3/18/26,2.1691E+12,No
EPD003227-EPD003227.pdf,Doe et al. v. Liberty Healthcare et al/00_All Cases/EPD1-4489/-2023-8057/9079/iRecordData 10_25_202310.17.40 AM/EPD003227-EPD003227.pdf,Doe et al. v. Liberty Healthcare et al/00_All Cases/EPD1-4489/-2023-8057/9079/iRecordData 10_25_202310.17.40 AM,.pdf,1,pdf_parsed,464.9,3/18/26,3/18/26,2.16909E+12,No
EPD003228-EPD003243.pdf,Doe et al. v. Liberty Healthcare et al/00_All Cases/EPD1-4489/-2023-8057/9079/Nieto Phone SW/EPD003228-EPD003243.pdf,Doe et al. v. Liberty Healthcare et al/00_All Cases/EPD1-4489/-2023-8057/9079/Nieto Phone SW,.pdf,16,pdf_parsed,47737.7,3/18/26,3/18/26,2.16912E+12,No
EPD003244-EPD003253.pdf,Doe et al. v. Liberty Healthcare et al/00_All Cases/EPD1-4489/-2023-8057/9079/Nieto Phone SW (2)/EPD003244-EPD003253.pdf,Doe et al. v. Liberty Healthcare et al/00_All Cases/EPD1-4489/-2023-8057/9079/Nieto Phone SW (2),.pdf,10,pdf_parsed,38937.1,3/18/26,3/18/26,2.16911E+12,No
EPD003254-EPD003254.pdf,Doe et al. v. Liberty Healthcare et al/00_All Cases/EPD1-4489/-2023-9385/EPD003254-EPD003254.pdf,Doe et al. v. Liberty Healthcare et al/00_All Cases/EPD1-4489/-2023-9385,.pdf,1,pdf_parsed,535.4,3/18/26,3/18/26,2.1691E+12,No
EPD003255-EPD003255.mp3,Doe et al. v. Liberty Healthcare et al/00_All Cases/EPD1-4489/-2023-9385/EPD003255-EPD003255.mp3,Doe et al. v. Liberty Healthcare et al/00_All Cases/EPD1-4489/-2023-9385,.mp3,N/A,N/A,55.4,3/18/26,3/18/26,2.1691E+12,No
EPD003255-EPD003255.pdf,Doe et al. v. Liberty Healthcare et al/00_All Cases/EPD1-4489/-2023-9385/EPD003255-EPD003255.pdf,Doe et al. v. Liberty Healthcare et al/00_All Cases/EPD1-4489/-2023-9385,.pdf,1,pdf_parsed,465.6,3/18/26,3/18/26,2.1691E+12,No
EPD003256-EPD003256.MP3,Doe et al. v. Liberty Healthcare et al/00_All Cases/EPD1-4489/-2023-9385/2023-9385/9079/OCA Audio/EPD003256-EPD003256.MP3,Doe et al. v. Liberty Healthcare et al/00_All Cases/EPD1-4489/-2023-9385/2023-9385/9079/OCA Audio,.mp3,N/A,N/A,955.4,3/18/26,3/18/26,2.1691E+12,No
EPD003256-EPD003256.pdf,Doe et al. v. Liberty Healthcare et al/00_All Cases/EPD1-4489/-2023-9385/2023-9385/9079/OCA Audio/EPD003256-EPD003256.pdf,Doe et al. v. Liberty Healthcare et al/00_All Cases/EPD1-4489/-2023-9385/2023-9385/9079/OCA Audio,.pdf,1,pdf_parsed,465.1,3/18/26,3/18/26,2.1691E+12,No
EPD003257-EPD003262.pdf,Doe et al. v. Liberty Healthcare et al/00_All Cases/EPD1-4489/-2023-9385/2023-9385/Matthew Owens Injuries/08-31/EPD003257-EPD003262.pdf,Doe et al. v. Liberty Healthcare et al/00_All Cases/EPD1-4489/-2023-9385/2023-9385/Matthew Owens Injuries/08-31,.pdf,6,pdf_parsed,1277.6,3/18/26,3/18/26,2.1691E+12,No
EPD003263-EPD003267.pdf,Doe et al. v. Liberty Healthcare et al/00_All Cases/EPD1-4489/-2023-9385/2023-9385 (Owens)/Affidavits/EPD003263-EPD003267.pdf,Doe et al. v. Liberty Healthcare et al/00_All Cases/EPD1-4489/-2023-9385/2023-9385 (Owens)/Affidavits,.pdf,5,pdf_parsed,623.8,3/18/26,3/18/26,2.1691E+12,No
EPD003268-EPD003273.pdf,Doe et al. v. Liberty Healthcare et al/00_All Cases/EPD1-4489/-2023-9385/2023-9385 (Owens)/Affidavits/EPD003268-EPD003273.pdf,Doe et al. v. Liberty Healthcare et al/00_All Cases/EPD1-4489/-2023-9385/2023-9385 (Owens)/Affidavits,.pdf,6,pdf_parsed,631.8,3/18/26,3/18/26,2.1691E+12,No
EPD003274-EPD003278.pdf,Doe et al. v. Liberty Healthcare et al/00_All Cases/EPD1-4489/-2023-9385/2023-9385 (Owens)/Affidavits/EPD003274-EPD003278.pdf,Doe et al. v. Liberty Healthcare et al/00_All Cases/EPD1-4489/-2023-9385/2023-9385 (Owens)/Affidavits,.pdf,5,pdf_parsed,624.9,3/18/26,3/18/26,2.1691E+12,No
EPD003279-EPD003283.pdf,Doe et al. v. Liberty Healthcare et al/00_All Cases/EPD1-4489/-2023-9385/2023-9385 (Owens)/Affidavits/EPD003279-EPD003283.pdf,Doe et al. v. Liberty Healthcare et al/00_All Cases/EPD1-4489/-2023-9385/2023-9385 (Owens)/Affidavits,.pdf,5,pdf_parsed,625.9,3/18/26,3/18/26,2.1691E+12,No
EPD003284-EPD003288.pdf,Doe et al. v. Liberty Healthcare et al/00_All Cases/EPD1-4489/-2023-9385/2023-9385 (Owens)/Affidavits/EPD003284-EPD003288.pdf,Doe et al. v. Liberty Healthcare et al/00_All Cases/EPD1-4489/-2023-9385/2023-9385 (Owens)/Affidavits,.pdf,5,pdf_parsed,624.5,3/18/26,3/18/26,2.1691E+12,No
EPD003289-EPD003293.pdf,Doe et al. v. Liberty Healthcare et al/00_All Cases/EPD1-4489/-2023-9385/2023-9385 (Owens)/Affidavits/EPD003289-EPD003293.pdf,Doe et al. v. Liberty Healthcare et al/00_All Cases/EPD1-4489/-2023-9385/2023-9385 (Owens)/Affidavits,.pdf,5,pdf_parsed,624.8,3/18/26,3/18/26,2.16912E+12,No
EPD003294-EPD003298.pdf,Doe et al. v. Liberty Healthcare et al/00_All Cases/EPD1-4489/-2023-9385/2023-9385 (Owens)/Affidavits/EPD003294-EPD003298.pdf,Doe et al. v. Liberty Healthcare et al/00_All Cases/EPD1-4489/-2023-9385/2023-9385 (Owens)/Affidavits,.pdf,5,pdf_parsed,624.7,3/18/26,3/18/26,2.1691E+12,No
EPD003299-EPD003304.pdf,Doe et al. v. Liberty Healthcare et al/00_All Cases/EPD1-4489/-2023-9385/2023-9385 (Owens)/Injury Pictures/Matthew Owens Injuries/08-31/EPD003299-EPD003304.pdf,Doe et al. v. Liberty Healthcare et al/00_All Cases/EPD1-4489/-2023-9385/2023-9385 (Owens)/Injury Pictures/Matthew Owens Injuries/08-31,.pdf,6,pdf_parsed,1277.6,3/18/26,3/18/26,2.16909E+12,No
EPD003305-EPD003312.pdf,Doe et al. v. Liberty Healthcare et al/00_All Cases/EPD1-4489/-2023-9385/2023-9385 (Owens)/Injury Pictures/Matthew Owens Injuries/July Pictures/EPD003305-EPD003312.pdf,Doe et al. v. Liberty Healthcare et al/00_All Cases/EPD1-4489/-2023-9385/2023-9385 (Owens)/Injury Pictures/Matthew Owens Injuries/July Pictures,.pdf,8,pdf_parsed,880.6,3/18/26,3/18/26,2.1691E+12,No
EPD003313-EPD003313.MP3,Doe et al. v. Liberty Healthcare et al/00_All Cases/EPD1-4489/-2023-9385/2023-9385 (Owens)/OCA Audio Recordings/OCA Audio/EPD003313-EPD003313.MP3,Doe et al. v. Liberty Healthcare et al/00_All Cases/EPD1-4489/-2023-9385/2023-9385 (Owens)/OCA Audio Recordings/OCA Audio,.mp3,N/A,N/A,955.4,3/18/26,3/18/26,2.1691E+12,No
EPD003313-EPD003313.pdf,Doe et al. v. Liberty Healthcare et al/00_All Cases/EPD1-4489/-2023-9385/2023-9385 (Owens)/OCA Audio Recordings/OCA Audio/EPD003313-EPD003313.pdf,Doe et al. v. Liberty Healthcare et al/00_All Cases/EPD1-4489/-2023-9385/2023-9385 (Owens)/OCA Audio Recordings/OCA Audio,.pdf,1,pdf_parsed,465.1,3/18/26,3/18/26,2.1691E+12,No
EPD003314-EPD003314.MP3,Doe et al. v. Liberty Healthcare et al/00_All Cases/EPD1-4489/-2023-9385/2023-9385 (Owens)/OCA Audio Recordings/EPD003314-EPD003314.MP3,Doe et al. v. Liberty Healthcare et al/00_All Cases/EPD1-4489/-2023-9385/2023-9385 (Owens)/OCA Audio Recordings,.mp3,N/A,N/A,14450.5,3/18/26,3/18/26,2.1691E+12,No
EPD003314-EPD003314.pdf,Doe et al. v. Liberty Healthcare et al/00_All Cases/EPD1-4489/-2023-9385/2023-9385 (Owens)/OCA Audio Recordings/EPD003314-EPD003314.pdf,Doe et al. v. Liberty Healthcare et al/00_All Cases/EPD1-4489/-2023-9385/2023-9385 (Owens)/OCA Audio Recordings,.pdf,1,pdf_parsed,465.3,3/18/26,3/18/26,2.1691E+12,No
EPD003315-EPD003315.MP3,Doe et al. v. Liberty Healthcare et al/00_All Cases/EPD1-4489/-2023-9385/2023-9385 (Owens)/OCA Audio Recordings/EPD003315-EPD003315.MP3,Doe et al. v. Liberty Healthcare et al/00_All Cases/EPD1-4489/-2023-9385/2023-9385 (Owens)/OCA Audio Recordings,.mp3,N/A,N/A,15312.9,3/18/26,3/18/26,2.1691E+12,No
EPD003315-EPD003315.pdf,Doe et al. v. Liberty Healthcare et al/00_All Cases/EPD1-4489/-2023-9385/2023-9385 (Owens)/OCA Audio Recordings/EPD003315-EPD003315.pdf,Doe et al. v. Liberty Healthcare et al/00_All Cases/EPD1-4489/-2023-9385/2023-9385 (Owens)/OCA Audio Recordings,.pdf,1,pdf_parsed,465,3/18/26,3/18/26,2.1691E+12,No
EPD003316-EPD003316.pdf,Doe et al. v. Liberty Healthcare et al/00_All Cases/EPD1-4489/-2023-9385/2023-9385 (Owens)/Owens Medical Records/Imaging/Medical Imaging/EPD003316-EPD003316.pdf,Doe et al. v. Liberty Healthcare et al/00_All Cases/EPD1-4489/-2023-9385/2023-9385 (Owens)/Owens Medical Records/Imaging/Medical Imaging,.pdf,1,pdf_parsed,467.3,3/18/26,3/18/26,2.1691E+12,No
EPD003317-EPD003339.pdf,Doe et al. v. Liberty Healthcare et al/00_All Cases/EPD1-4489/-2023-9385/2023-9385 (Owens)/Owens Medical Records/Records/EPD003317-EPD003339.pdf,Doe et al. v. Liberty Healthcare et al/00_All Cases/EPD1-4489/-2023-9385/2023-9385 (Owens)/Owens Medical Records/Records,.pdf,23,pdf_parsed,1621.4,3/18/26,3/18/26,2.16912E+12,No
EPD003340-EPD003367.pdf,Doe et al. v. Liberty Healthcare et al/00_All Cases/EPD1-4489/-2023-9385/2023-9385 (Owens)/Report/EPD003340-EPD003367.pdf,Doe et al. v. Liberty Healthcare et al/00_All Cases/EPD1-4489/-2023-9385/2023-9385 (Owens)/Report,.pdf,28,pdf_parsed,1124.7,3/18/26,3/18/26,2.16909E+12,No
EPD003368-EPD003371.pdf,Doe et al. v. Liberty Healthcare et al/00_All Cases/EPD1-4489/-2023-9385/2023-9385 (Owens)/Search Warrants/EPD003368-EPD003371.pdf,Doe et al. v. Liberty Healthcare et al/00_All Cases/EPD1-4489/-2023-9385/2023-9385 (Owens)/Search Warrants,.pdf,4,pdf_parsed,659.1,3/18/26,3/18/26,2.16912E+12,No
EPD003372-EPD003375.pdf,Doe et al. v. Liberty Healthcare et al/00_All Cases/EPD1-4489/-2023-9385/2023-9385 (Owens)/Search Warrants/EPD003372-EPD003375.pdf,Doe et al. v. Liberty Healthcare et al/00_All Cases/EPD1-4489/-2023-9385/2023-9385 (Owens)/Search Warrants,.pdf,4,pdf_parsed,655.9,3/18/26,3/18/26,2.1691E+12,No
EPD003376-EPD003376.pdf,Doe et al. v. Liberty Healthcare et al/00_All Cases/EPD1-4489/-2023-9536/EPD003376-EPD003376.pdf,Doe et al. v. Liberty Healthcare et al/00_All Cases/EPD1-4489/-2023-9536,.pdf,1,pdf_parsed,537.9,3/18/26,3/18/26,2.1691E+12,No
EPD003377-EPD003381.pdf,Doe et al. v. Liberty Healthcare et al/00_All Cases/EPD1-4489/-2023-9536/EPD003377-EPD003381.pdf,Doe et al. v. Liberty Healthcare et al/00_All Cases/EPD1-4489/-2023-9536,.pdf,5,pdf_parsed,634.7,3/18/26,3/18/26,2.1691E+12,No
EPD003382-EPD003384.pdf,Doe et al. v. Liberty Healthcare et al/00_All Cases/EPD1-4489/-2023-9540/EPD003382-EPD003384.pdf,Doe et al. v. Liberty Healthcare et al/00_All Cases/EPD1-4489/-2023-9540,.pdf,3,pdf_parsed,525.8,3/18/26,3/18/26,2.16912E+12,No
EPD003385-EPD003385.pdf,Doe et al. v. Liberty Healthcare et al/00_All Cases/EPD1-4489/-2023-9540/EPD003385-EPD003385.pdf,Doe et al. v. Liberty Healthcare et al/00_All Cases/EPD1-4489/-2023-9540,.pdf,1,pdf_parsed,482.9,3/18/26,3/18/26,2.1691E+12,No
EPD003386-EPD003386.pdf,Doe et al. v. Liberty Healthcare et al/00_All Cases/EPD1-4489/-2023-9540/EPD003386-EPD003386.pdf,Doe et al. v. Liberty Healthcare et al/00_All Cases/EPD1-4489/-2023-9540,.pdf,1,pdf_parsed,539.1,3/18/26,3/18/26,2.1691E+12,No
EPD003387-EPD003387.pdf,Doe et al. v. Liberty Healthcare et al/00_All Cases/EPD1-4489/-2023-9540/EPD003387-EPD003387.pdf,Doe et al. v. Liberty Healthcare et al/00_All Cases/EPD1-4489/-2023-9540,.pdf,1,pdf_parsed,615.9,3/18/26,3/18/26,2.16912E+12,No
EPD003388-EPD003393.pdf,Doe et al. v. Liberty Healthcare et al/00_All Cases/EPD1-4489/-2023-9540/EPD003388-EPD003393.pdf,Doe et al. v. Liberty Healthcare et al/00_All Cases/EPD1-4489/-2023-9540,.pdf,6,pdf_parsed,586.1,3/18/26,3/18/26,2.1691E+12,No
EPD003394-EPD003394.pdf,Doe et al. v. Liberty Healthcare et al/00_All Cases/EPD1-4489/-2023-9540/EPD003394-EPD003394.pdf,Doe et al. v. Liberty Healthcare et al/00_All Cases/EPD1-4489/-2023-9540,.pdf,1,pdf_parsed,475.6,3/18/26,3/18/26,2.1691E+12,No
EPD003395-EPD003396.pdf,Doe et al. v. Liberty Healthcare et al/00_All Cases/EPD1-4489/-2023-9627/EPD003395-EPD003396.pdf,Doe et al. v. Liberty Healthcare et al/00_All Cases/EPD1-4489/-2023-9627,.pdf,2,pdf_parsed,543.3,3/18/26,3/18/26,2.16909E+12,No
EPD003397-EPD003403.pdf,Doe et al. v. Liberty Healthcare et al/00_All Cases/EPD1-4489/-2023-9627/EPD003397-EPD003403.pdf,Doe et al. v. Liberty Healthcare et al/00_All Cases/EPD1-4489/-2023-9627,.pdf,7,pdf_parsed,689.6,3/18/26,3/18/26,2.1691E+12,No
EPD003404-EPD003404.pdf,Doe et al. v. Liberty Healthcare et al/00_All Cases/EPD1-4489/-2023-9903/EPD003404-EPD003404.pdf,Doe et al. v. Liberty Healthcare et al/00_All Cases/EPD1-4489/-2023-9903,.pdf,1,pdf_parsed,535.3,3/18/26,3/18/26,2.16909E+12,No
EPD003405-EPD003405.MP3,Doe et al. v. Liberty Healthcare et al/00_All Cases/EPD1-4489/-2023-9903/2023-9903/9079/OCA Interview Audio/EPD003405-EPD003405.MP3,Doe et al. v. Liberty Healthcare et al/00_All Cases/EPD1-4489/-2023-9903/2023-9903/9079/OCA Interview Audio,.mp3,N/A,N/A,14450.5,3/18/26,3/18/26,2.1691E+12,No
EPD003405-EPD003405.pdf,Doe et al. v. Liberty Healthcare et al/00_All Cases/EPD1-4489/-2023-9903/2023-9903/9079/OCA Interview Audio/EPD003405-EPD003405.pdf,Doe et al. v. Liberty Healthcare et al/00_All Cases/EPD1-4489/-2023-9903/2023-9903/9079/OCA Interview Audio,.pdf,1,pdf_parsed,464.5,3/18/26,3/18/26,2.16912E+12,No
EPD003406-EPD003406.MP3,Doe et al. v. Liberty Healthcare et al/00_All Cases/EPD1-4489/-2023-9903/2023-9903 (Still Under Investigation)/OCA Audio Recordings/EPD003406-EPD003406.MP3,Doe et al. v. Liberty Healthcare et al/00_All Cases/EPD1-4489/-2023-9903/2023-9903 (Still Under Investigation)/OCA Audio Recordings,.mp3,N/A,N/A,14450.5,3/18/26,3/18/26,2.1691E+12,No
EPD003406-EPD003406.pdf,Doe et al. v. Liberty Healthcare et al/00_All Cases/EPD1-4489/-2023-9903/2023-9903 (Still Under Investigation)/OCA Audio Recordings/EPD003406-EPD003406.pdf,Doe et al. v. Liberty Healthcare et al/00_All Cases/EPD1-4489/-2023-9903/2023-9903 (Still Under Investigation)/OCA Audio Recordings,.pdf,1,pdf_parsed,464.5,3/18/26,3/18/26,2.16912E+12,No
EPD003407-EPD003407.MP3,Doe et al. v. Liberty Healthcare et al/00_All Cases/EPD1-4489/-2023-9903/2023-9903 (Still Under Investigation)/OCA Audio Recordings/EPD003407-EPD003407.MP3,Doe et al. v. Liberty Healthcare et al/00_All Cases/EPD1-4489/-2023-9903/2023-9903 (Still Under Investigation)/OCA Audio Recordings,.mp3,N/A,N/A,15312.9,3/18/26,3/18/26,2.1691E+12,No
EPD003407-EPD003407.pdf,Doe et al. v. Liberty Healthcare et al/00_All Cases/EPD1-4489/-2023-9903/2023-9903 (Still Under Investigation)/OCA Audio Recordings/EPD003407-EPD003407.pdf,Doe et al. v. Liberty Healthcare et al/00_All Cases/EPD1-4489/-2023-9903/2023-9903 (Still Under Investigation)/OCA Audio Recordings,.pdf,1,pdf_parsed,464.4,3/18/26,3/18/26,2.1691E+12,No
EPD003408-EPD003418.pdf,Doe et al. v. Liberty Healthcare et al/00_All Cases/EPD1-4489/-2023-9903/2023-9903 (Still Under Investigation)/Report/EPD003408-EPD003418.pdf,Doe et al. v. Liberty Healthcare et al/00_All Cases/EPD1-4489/-2023-9903/2023-9903 (Still Under Investigation)/Report,.pdf,11,pdf_parsed,840.3,3/18/26,3/18/26,2.1691E+12,No
EPD003419-EPD003422.pdf,Doe et al. v. Liberty Healthcare et al/00_All Cases/EPD1-4489/-2023-9903/2023-9903 (Still Under Investigation)/Search Warrant/EPD003419-EPD003422.pdf,Doe et al. v. Liberty Healthcare et al/00_All Cases/EPD1-4489/-2023-9903/2023-9903 (Still Under Investigation)/Search Warrant,.pdf,4,pdf_parsed,663.5,3/18/26,3/18/26,2.1691E+12,No
EPD003423-EPD003423.pdf,Doe et al. v. Liberty Healthcare et al/00_All Cases/EPD1-4489/-2023-9904/EPD003423-EPD003423.pdf,Doe et al. v. Liberty Healthcare et al/00_All Cases/EPD1-4489/-2023-9904,.pdf,1,pdf_parsed,535.6,3/18/26,3/18/26,2.1691E+12,No
EPD003424-EPD003424.pdf,Doe et al. v. Liberty Healthcare et al/00_All Cases/EPD1-4489/-2023-9904/EPD003424-EPD003424.pdf,Doe et al. v. Liberty Healthcare et al/00_All Cases/EPD1-4489/-2023-9904,.pdf,1,pdf_parsed,616.4,3/18/26,3/18/26,2.1691E+12,No
EPD003425-EPD003426.pdf,Doe et al. v. Liberty Healthcare et al/00_All Cases/EPD1-4489/-2023-9904/EPD003425-EPD003426.pdf,Doe et al. v. Liberty Healthcare et al/00_All Cases/EPD1-4489/-2023-9904,.pdf,2,pdf_parsed,511.2,3/18/26,3/18/26,2.1691E+12,No
EPD003427-EPD003439.pdf,Doe et al. v. Liberty Healthcare et al/00_All Cases/EPD1-4489/-2023-9904/EPD003427-EPD003439.pdf,Doe et al. v. Liberty Healthcare et al/00_All Cases/EPD1-4489/-2023-9904,.pdf,13,pdf_parsed,666.2,3/18/26,3/18/26,2.1691E+12,No
EPD003440-EPD003440.pdf,Doe et al. v. Liberty Healthcare et al/00_All Cases/EPD1-4489/-2023-9904/EPD003440-EPD003440.pdf,Doe et al. v. Liberty Healthcare et al/00_All Cases/EPD1-4489/-2023-9904,.pdf,1,pdf_parsed,465.1,3/18/26,3/18/26,2.1691E+12,No
EPD003440-EPD003440.wav,Doe et al. v. Liberty Healthcare et al/00_All Cases/EPD1-4489/-2023-9904/EPD003440-EPD003440.wav,Doe et al. v. Liberty Healthcare et al/00_All Cases/EPD1-4489/-2023-9904,.wav,N/A,N/A,66.7,3/18/26,3/18/26,2.1691E+12,No
EPD003441-EPD003446.pdf,Doe et al. v. Liberty Healthcare et al/00_All Cases/EPD1-4489/-2023-9904/2023-9904/Photos/794/EPD003441-EPD003446.pdf,Doe et al. v. Liberty Healthcare et al/00_All Cases/EPD1-4489/-2023-9904/2023-9904/Photos/794,.pdf,6,pdf_parsed,13831.1,3/18/26,3/18/26,2.1691E+12,No
EPD003447-EPD003447.pdf,Doe et al. v. Liberty Healthcare et al/00_All Cases/EPD1-4489/ADDITIONAL REPORTS/2020-39/EPD003447-EPD003447.pdf,Doe et al. v. Liberty Healthcare et al/00_All Cases/EPD1-4489/ADDITIONAL REPORTS/2020-39,.pdf,1,pdf_parsed,537.2,3/18/26,3/18/26,2.1691E+12,No
EPD003448-EPD003451.pdf,Doe et al. v. Liberty Healthcare et al/00_All Cases/EPD1-4489/ADDITIONAL REPORTS/2020-39/EPD003448-EPD003451.pdf,Doe et al. v. Liberty Healthcare et al/00_All Cases/EPD1-4489/ADDITIONAL REPORTS/2020-39,.pdf,4,pdf_parsed,574.9,3/18/26,3/18/26,2.1691E+12,No
EPD003452-EPD003452.pdf,Doe et al. v. Liberty Healthcare et al/00_All Cases/EPD1-4489/ADDITIONAL REPORTS/2021-6138/EPD003452-EPD003452.pdf,Doe et al. v. Liberty Healthcare et al/00_All Cases/EPD1-4489/ADDITIONAL REPORTS/2021-6138,.pdf,1,pdf_parsed,537.2,3/18/26,3/18/26,2.1691E+12,No
EPD003453-EPD003472.pdf,Doe et al. v. Liberty Healthcare et al/00_All Cases/EPD1-4489/ADDITIONAL REPORTS/2021-6138/EPD003453-EPD003472.pdf,Doe et al. v. Liberty Healthcare et al/00_All Cases/EPD1-4489/ADDITIONAL REPORTS/2021-6138,.pdf,20,pdf_parsed,1197.7,3/18/26,3/18/26,2.1691E+12,No
EPD003473-EPD003473.pdf,Doe et al. v. Liberty Healthcare et al/00_All Cases/EPD1-4489/ADDITIONAL REPORTS/2021-8412/EPD003473-EPD003473.pdf,Doe et al. v. Liberty Healthcare et al/00_All Cases/EPD1-4489/ADDITIONAL REPORTS/2021-8412,.pdf,1,pdf_parsed,536.5,3/18/26,3/18/26,2.1691E+12,No
EPD003474-EPD003506.pdf,Doe et al. v. Liberty Healthcare et al/00_All Cases/EPD1-4489/ADDITIONAL REPORTS/2021-8412/EPD003474-EPD003506.pdf,Doe et al. v. Liberty Healthcare et al/00_All Cases/EPD1-4489/ADDITIONAL REPORTS/2021-8412,.pdf,33,pdf_parsed,2161.8,3/18/26,3/18/26,2.1691E+12,No
EPD003507-EPD003507.pdf,Doe et al. v. Liberty Healthcare et al/00_All Cases/EPD1-4489/ADDITIONAL REPORTS/2021-8552/EPD003507-EPD003507.pdf,Doe et al. v. Liberty Healthcare et al/00_All Cases/EPD1-4489/ADDITIONAL REPORTS/2021-8552,.pdf,1,pdf_parsed,537.3,3/18/26,3/18/26,2.1691E+12,No
EPD003508-EPD003529.pdf,Doe et al. v. Liberty Healthcare et al/00_All Cases/EPD1-4489/ADDITIONAL REPORTS/2021-8552/EPD003508-EPD003529.pdf,Doe et al. v. Liberty Healthcare et al/00_All Cases/EPD1-4489/ADDITIONAL REPORTS/2021-8552,.pdf,22,pdf_parsed,1525.2,3/18/26,3/18/26,2.1691E+12,No
EPD003530-EPD003531.pdf,Doe et al. v. Liberty Healthcare et al/00_All Cases/EPD1-4489/ADDITIONAL REPORTS/2022-905/EPD003530-EPD003531.pdf,Doe et al. v. Liberty Healthcare et al/00_All Cases/EPD1-4489/ADDITIONAL REPORTS/2022-905,.pdf,2,pdf_parsed,543.2,3/18/26,3/18/26,2.1691E+12,No
EPD003532-EPD003536.pdf,Doe et al. v. Liberty Healthcare et al/00_All Cases/EPD1-4489/ADDITIONAL REPORTS/2022-905/EPD003532-EPD003536.pdf,Doe et al. v. Liberty Healthcare et al/00_All Cases/EPD1-4489/ADDITIONAL REPORTS/2022-905,.pdf,5,pdf_parsed,574.2,3/18/26,3/18/26,2.16909E+12,No
EPD003537-EPD003538.pdf,Doe et al. v. Liberty Healthcare et al/00_All Cases/EPD1-4489/ADDITIONAL REPORTS/2024-131/EPD003537-EPD003538.pdf,Doe et al. v. Liberty Healthcare et al/00_All Cases/EPD1-4489/ADDITIONAL REPORTS/2024-131,.pdf,2,pdf_parsed,546.7,3/18/26,3/18/26,2.1691E+12,No
EPD003539-EPD003543.pdf,Doe et al. v. Liberty Healthcare et al/00_All Cases/EPD1-4489/ADDITIONAL REPORTS/2024-131/EPD003539-EPD003543.pdf,Doe et al. v. Liberty Healthcare et al/00_All Cases/EPD1-4489/ADDITIONAL REPORTS/2024-131,.pdf,5,pdf_parsed,578.6,3/18/26,3/18/26,2.16912E+12,No
EPD003544-EPD003544.pdf,Doe et al. v. Liberty Healthcare et al/00_All Cases/EPD1-4489/ADDITIONAL REPORTS/2024-981/EPD003544-EPD003544.pdf,Doe et al. v. Liberty Healthcare et al/00_All Cases/EPD1-4489/ADDITIONAL REPORTS/2024-981,.pdf,1,pdf_parsed,539.5,3/18/26,3/18/26,2.1691E+12,No
EPD003545-EPD003549.pdf,Doe et al. v. Liberty Healthcare et al/00_All Cases/EPD1-4489/ADDITIONAL REPORTS/2024-981/EPD003545-EPD003549.pdf,Doe et al. v. Liberty Healthcare et al/00_All Cases/EPD1-4489/ADDITIONAL REPORTS/2024-981,.pdf,5,pdf_parsed,582.3,3/18/26,3/18/26,2.16912E+12,No
EPD003550-EPD003660.pdf,Doe et al. v. Liberty Healthcare et al/00_All Cases/EPD1-4489/PERSONNEL FILES/EPD003550-EPD003660.pdf,Doe et al. v. Liberty Healthcare et al/00_All Cases/EPD1-4489/PERSONNEL FILES,.pdf,111,pdf_parsed,5773.6,3/18/26,3/18/26,2.16908E+12,No
EPD003661-EPD003906.pdf,Doe et al. v. Liberty Healthcare et al/00_All Cases/EPD1-4489/PERSONNEL FILES/EPD003661-EPD003906.pdf,Doe et al. v. Liberty Healthcare et al/00_All Cases/EPD1-4489/PERSONNEL FILES,.pdf,246,pdf_parsed,7506.3,3/18/26,3/18/26,2.16908E+12,No
EPD003907-EPD003984.pdf,Doe et al. v. Liberty Healthcare et al/00_All Cases/EPD1-4489/PERSONNEL FILES/EPD003907-EPD003984.pdf,Doe et al. v. Liberty Healthcare et al/00_All Cases/EPD1-4489/PERSONNEL FILES,.pdf,78,pdf_parsed,4509.3,3/18/26,3/18/26,2.16909E+12,No
EPD003985-EPD003990.pdf,Doe et al. v. Liberty Healthcare et al/00_All Cases/EPD1-4489/PERSONNEL FILES/EPD003985-EPD003990.pdf,Doe et al. v. Liberty Healthcare et al/00_All Cases/EPD1-4489/PERSONNEL FILES,.pdf,6,pdf_parsed,563.6,3/18/26,3/18/26,2.16908E+12,No
EPD003991-EPD004039.pdf,Doe et al. v. Liberty Healthcare et al/00_All Cases/EPD1-4489/PERSONNEL FILES/EPD003991-EPD004039.pdf,Doe et al. v. Liberty Healthcare et al/00_All Cases/EPD1-4489/PERSONNEL FILES,.pdf,49,pdf_parsed,2661.3,3/18/26,3/18/26,2.16909E+12,No
EPD004040-EPD004055.pdf,Doe et al. v. Liberty Healthcare et al/00_All Cases/EPD1-4489/PERSONNEL FILES/EPD004040-EPD004055.pdf,Doe et al. v. Liberty Healthcare et al/00_All Cases/EPD1-4489/PERSONNEL FILES,.pdf,16,pdf_parsed,1173.1,3/18/26,3/18/26,2.16909E+12,No
EPD004056-EPD004146.pdf,Doe et al. v. Liberty Healthcare et al/00_All Cases/EPD1-4489/PERSONNEL FILES/EPD004056-EPD004146.pdf,Doe et al. v. Liberty Healthcare et al/00_All Cases/EPD1-4489/PERSONNEL FILES,.pdf,91,pdf_parsed,5497.5,3/18/26,3/18/26,2.16908E+12,No
EPD004147-EPD004152.pdf,Doe et al. v. Liberty Healthcare et al/00_All Cases/EPD1-4489/PERSONNEL FILES/EPD004147-EPD004152.pdf,Doe et al. v. Liberty Healthcare et al/00_All Cases/EPD1-4489/PERSONNEL FILES,.pdf,6,pdf_parsed,563.6,3/18/26,3/18/26,2.16908E+12,No
EPD004153-EPD004206.pdf,Doe et al. v. Liberty Healthcare et al/00_All Cases/EPD1-4489/PERSONNEL FILES/EPD004153-EPD004206.pdf,Doe et al. v. Liberty Healthcare et al/00_All Cases/EPD1-4489/PERSONNEL FILES,.pdf,54,pdf_parsed,3268.1,3/18/26,3/18/26,2.16908E+12,No
EPD004207-EPD004212.pdf,Doe et al. v. Liberty Healthcare et al/00_All Cases/EPD1-4489/PERSONNEL FILES/EPD004207-EPD004212.pdf,Doe et al. v. Liberty Healthcare et al/00_All Cases/EPD1-4489/PERSONNEL FILES,.pdf,6,pdf_parsed,565.6,3/18/26,3/18/26,2.16909E+12,No
EPD004213-EPD004260.pdf,Doe et al. v. Liberty Healthcare et al/00_All Cases/EPD1-4489/PERSONNEL FILES/EPD004213-EPD004260.pdf,Doe et al. v. Liberty Healthcare et al/00_All Cases/EPD1-4489/PERSONNEL FILES,.pdf,48,pdf_parsed,2641.1,3/18/26,3/18/26,2.16908E+12,No
EPD004261-EPD004387.pdf,Doe et al. v. Liberty Healthcare et al/00_All Cases/EPD1-4489/PERSONNEL FILES/EPD004261-EPD004387.pdf,Doe et al. v. Liberty Healthcare et al/00_All Cases/EPD1-4489/PERSONNEL FILES,.pdf,127,pdf_parsed,7811.4,3/18/26,3/18/26,2.16908E+12,No
EPD004388-EPD004450.pdf,Doe et al. v. Liberty Healthcare et al/00_All Cases/EPD1-4489/PERSONNEL FILES/EPD004388-EPD004450.pdf,Doe et al. v. Liberty Healthcare et al/00_All Cases/EPD1-4489/PERSONNEL FILES,.pdf,63,pdf_parsed,3013.9,3/18/26,3/18/26,2.16908E+12,No
EPD004451-EPD004456.pdf,Doe et al. v. Liberty Healthcare et al/00_All Cases/EPD1-4489/PERSONNEL FILES/EPD004451-EPD004456.pdf,Doe et al. v. Liberty Healthcare et al/00_All Cases/EPD1-4489/PERSONNEL FILES,.pdf,6,pdf_parsed,562.1,3/18/26,3/18/26,2.16909E+12,No
EPD004457-EPD004457.pdf,Doe et al. v. Liberty Healthcare et al/00_All Cases/EPD1-4489/911 CALL CENTER RECORDINGS/EPD004457-EPD004457.pdf,Doe et al. v. Liberty Healthcare et al/00_All Cases/EPD1-4489/911 CALL CENTER RECORDINGS,.pdf,1,pdf_parsed,465.3,3/18/26,3/18/26,2.16908E+12,No
EPD004457-EPD004457.wav,Doe et al. v. Liberty Healthcare et al/00_All Cases/EPD1-4489/911 CALL CENTER RECORDINGS/EPD004457-EPD004457.wav,Doe et al. v. Liberty Healthcare et al/00_All Cases/EPD1-4489/911 CALL CENTER RECORDINGS,.wav,N/A,N/A,61.1,3/18/26,3/18/26,2.16908E+12,No
EPD004458-EPD004458.pdf,Doe et al. v. Liberty Healthcare et al/00_All Cases/EPD1-4489/911 CALL CENTER RECORDINGS/EPD004458-EPD004458.pdf,Doe et al. v. Liberty Healthcare et al/00_All Cases/EPD1-4489/911 CALL CENTER RECORDINGS,.pdf,1,pdf_parsed,466.1,3/18/26,3/18/26,2.16908E+12,No
EPD004458-EPD004458.wav,Doe et al. v. Liberty Healthcare et al/00_All Cases/EPD1-4489/911 CALL CENTER RECORDINGS/EPD004458-EPD004458.wav,Doe et al. v. Liberty Healthcare et al/00_All Cases/EPD1-4489/911 CALL CENTER RECORDINGS,.wav,N/A,N/A,147.6,3/18/26,3/18/26,2.16908E+12,No
EPD004459-EPD004459.pdf,Doe et al. v. Liberty Healthcare et al/00_All Cases/EPD1-4489/911 CALL CENTER RECORDINGS/EPD004459-EPD004459.pdf,Doe et al. v. Liberty Healthcare et al/00_All Cases/EPD1-4489/911 CALL CENTER RECORDINGS,.pdf,1,pdf_parsed,465.8,3/18/26,3/18/26,2.16908E+12,No
EPD004459-EPD004459.wav,Doe et al. v. Liberty Healthcare et al/00_All Cases/EPD1-4489/911 CALL CENTER RECORDINGS/EPD004459-EPD004459.wav,Doe et al. v. Liberty Healthcare et al/00_All Cases/EPD1-4489/911 CALL CENTER RECORDINGS,.wav,N/A,N/A,173,3/18/26,3/18/26,2.16908E+12,No
EPD004460-EPD004460.mp3,Doe et al. v. Liberty Healthcare et al/00_All Cases/EPD1-4489/911 CALL CENTER RECORDINGS/EPD004460-EPD004460.mp3,Doe et al. v. Liberty Healthcare et al/00_All Cases/EPD1-4489/911 CALL CENTER RECORDINGS,.mp3,N/A,N/A,64,3/18/26,3/18/26,2.16908E+12,No
EPD004460-EPD004460.pdf,Doe et al. v. Liberty Healthcare et al/00_All Cases/EPD1-4489/911 CALL CENTER RECORDINGS/EPD004460-EPD004460.pdf,Doe et al. v. Liberty Healthcare et al/00_All Cases/EPD1-4489/911 CALL CENTER RECORDINGS,.pdf,1,pdf_parsed,466.3,3/18/26,3/18/26,2.16908E+12,No
EPD004461-EPD004461.mp3,Doe et al. v. Liberty Healthcare et al/00_All Cases/EPD1-4489/911 CALL CENTER RECORDINGS/EPD004461-EPD004461.mp3,Doe et al. v. Liberty Healthcare et al/00_All Cases/EPD1-4489/911 CALL CENTER RECORDINGS,.mp3,N/A,N/A,55.4,3/18/26,3/18/26,2.16908E+12,No
EPD004461-EPD004461.pdf,Doe et al. v. Liberty Healthcare et al/00_All Cases/EPD1-4489/911 CALL CENTER RECORDINGS/EPD004461-EPD004461.pdf,Doe et al. v. Liberty Healthcare et al/00_All Cases/EPD1-4489/911 CALL CENTER RECORDINGS,.pdf,1,pdf_parsed,466.1,3/18/26,3/18/26,2.16908E+12,No
EPD004462-EPD004462.pdf,Doe et al. v. Liberty Healthcare et al/00_All Cases/EPD1-4489/911 CALL CENTER RECORDINGS/EPD004462-EPD004462.pdf,Doe et al. v. Liberty Healthcare et al/00_All Cases/EPD1-4489/911 CALL CENTER RECORDINGS,.pdf,1,pdf_parsed,465.5,3/18/26,3/18/26,2.16908E+12,No
EPD004462-EPD004462.wav,Doe et al. v. Liberty Healthcare et al/00_All Cases/EPD1-4489/911 CALL CENTER RECORDINGS/EPD004462-EPD004462.wav,Doe et al. v. Liberty Healthcare et al/00_All Cases/EPD1-4489/911 CALL CENTER RECORDINGS,.wav,N/A,N/A,66.7,3/18/26,3/18/26,2.16908E+12,No
EPD004463-EPD004463.html,Doe et al. v. Liberty Healthcare et al/00_All Cases/EPD1-4489/-2023-6227/BradleyDavis 202307271528 WFC1064046 187981264/EPD004463-EPD004463.html,Doe et al. v. Liberty Healthcare et al/00_All Cases/EPD1-4489/-2023-6227/BradleyDavis 202307271528 WFC1064046 187981264,.html,1,bates_inferred,268.8,3/18/26,3/18/26,2.16912E+12,No
EPD004463-EPD004463.pdf,Doe et al. v. Liberty Healthcare et al/00_All Cases/EPD1-4489/-2023-6227/BradleyDavis 202307271528 WFC1064046 187981264/EPD004463-EPD004463.pdf,Doe et al. v. Liberty Healthcare et al/00_All Cases/EPD1-4489/-2023-6227/BradleyDavis 202307271528 WFC1064046 187981264,.pdf,1,pdf_parsed,466.9,3/18/26,3/18/26,2.1691E+12,No
EPD004464-EPD004464.pdf,Doe et al. v. Liberty Healthcare et al/00_All Cases/EPD1-4489/-2023-6227/BradleyDavis 202307271528 WFC1064046 187981264/EPD004464-EPD004464.pdf,Doe et al. v. Liberty Healthcare et al/00_All Cases/EPD1-4489/-2023-6227/BradleyDavis 202307271528 WFC1064046 187981264,.pdf,1,pdf_parsed,468.2,3/18/26,3/18/26,2.1691E+12,No
EPD004464-EPD004464.wgva,Doe et al. v. Liberty Healthcare et al/00_All Cases/EPD1-4489/-2023-6227/BradleyDavis 202307271528 WFC1064046 187981264/EPD004464-EPD004464.wgva,Doe et al. v. Liberty Healthcare et al/00_All Cases/EPD1-4489/-2023-6227/BradleyDavis 202307271528 WFC1064046 187981264,.wgva,1,bates_inferred,9.9,3/18/26,3/18/26,2.1691E+12,No
EPD004465-EPD004465.json,Doe et al. v. Liberty Healthcare et al/00_All Cases/EPD1-4489/-2023-6227/BradleyDavis 202307271528 WFC1064046 187981264/EPD004465-EPD004465.json,Doe et al. v. Liberty Healthcare et al/00_All Cases/EPD1-4489/-2023-6227/BradleyDavis 202307271528 WFC1064046 187981264,.json,1,bates_inferred,1001.3,3/18/26,3/18/26,2.1691E+12,No
EPD004465-EPD004465.pdf,Doe et al. v. Liberty Healthcare et al/00_All Cases/EPD1-4489/-2023-6227/BradleyDavis 202307271528 WFC1064046 187981264/EPD004465-EPD004465.pdf,Doe et al. v. Liberty Healthcare et al/00_All Cases/EPD1-4489/-2023-6227/BradleyDavis 202307271528 WFC1064046 187981264,.pdf,1,pdf_parsed,467.7,3/18/26,3/18/26,2.1691E+12,No
EPD004466-EPD004466.pdf,Doe et al. v. Liberty Healthcare et al/00_All Cases/EPD1-4489/-2023-6227/BradleyDavis 202307271528 WFC1064046 187981264/EPD004466-EPD004466.pdf,Doe et al. v. Liberty Healthcare et al/00_All Cases/EPD1-4489/-2023-6227/BradleyDavis 202307271528 WFC1064046 187981264,.pdf,1,pdf_parsed,466.6,3/18/26,3/18/26,2.1691E+12,No
EPD004466-EPD004466.xml,Doe et al. v. Liberty Healthcare et al/00_All Cases/EPD1-4489/-2023-6227/BradleyDavis 202307271528 WFC1064046 187981264/EPD004466-EPD004466.xml,Doe et al. v. Liberty Healthcare et al/00_All Cases/EPD1-4489/-2023-6227/BradleyDavis 202307271528 WFC1064046 187981264,.xml,1,bates_inferred,1.2,3/18/26,3/18/26,2.1691E+12,No
EPD004471-EPD004471.html,Doe et al. v. Liberty Healthcare et al/00_All Cases/EPD1-4489/-2023-6227/BradleyDavis 202307271539 WFC1064046 187981265/EPD004471-EPD004471.html,Doe et al. v. Liberty Healthcare et al/00_All Cases/EPD1-4489/-2023-6227/BradleyDavis 202307271539 WFC1064046 187981265,.html,1,bates_inferred,267.6,3/18/26,3/18/26,2.16909E+12,No
EPD004471-EPD004471.pdf,Doe et al. v. Liberty Healthcare et al/00_All Cases/EPD1-4489/-2023-6227/BradleyDavis 202307271539 WFC1064046 187981265/EPD004471-EPD004471.pdf,Doe et al. v. Liberty Healthcare et al/00_All Cases/EPD1-4489/-2023-6227/BradleyDavis 202307271539 WFC1064046 187981265,.pdf,1,pdf_parsed,466.7,3/18/26,3/18/26,2.1691E+12,No
EPD004472-EPD004472.pdf,Doe et al. v. Liberty Healthcare et al/00_All Cases/EPD1-4489/-2023-6227/BradleyDavis 202307271539 WFC1064046 187981265/EPD004472-EPD004472.pdf,Doe et al. v. Liberty Healthcare et al/00_All Cases/EPD1-4489/-2023-6227/BradleyDavis 202307271539 WFC1064046 187981265,.pdf,1,pdf_parsed,468,3/18/26,3/18/26,2.16912E+12,No
EPD004472-EPD004472.wgva,Doe et al. v. Liberty Healthcare et al/00_All Cases/EPD1-4489/-2023-6227/BradleyDavis 202307271539 WFC1064046 187981265/EPD004472-EPD004472.wgva,Doe et al. v. Liberty Healthcare et al/00_All Cases/EPD1-4489/-2023-6227/BradleyDavis 202307271539 WFC1064046 187981265,.wgva,1,bates_inferred,9.3,3/18/26,3/18/26,2.16912E+12,No
EPD004473-EPD004473.json,Doe et al. v. Liberty Healthcare et al/00_All Cases/EPD1-4489/-2023-6227/BradleyDavis 202307271539 WFC1064046 187981265/EPD004473-EPD004473.json,Doe et al. v. Liberty Healthcare et al/00_All Cases/EPD1-4489/-2023-6227/BradleyDavis 202307271539 WFC1064046 187981265,.json,1,bates_inferred,974.8,3/18/26,3/18/26,2.16911E+12,No
EPD004473-EPD004473.pdf,Doe et al. v. Liberty Healthcare et al/00_All Cases/EPD1-4489/-2023-6227/BradleyDavis 202307271539 WFC1064046 187981265/EPD004473-EPD004473.pdf,Doe et al. v. Liberty Healthcare et al/00_All Cases/EPD1-4489/-2023-6227/BradleyDavis 202307271539 WFC1064046 187981265,.pdf,1,pdf_parsed,467.8,3/18/26,3/18/26,2.16912E+12,No
EPD004474-EPD004474.pdf,Doe et al. v. Liberty Healthcare et al/00_All Cases/EPD1-4489/-2023-6227/BradleyDavis 202307271539 WFC1064046 187981265/EPD004474-EPD004474.pdf,Doe et al. v. Liberty Healthcare et al/00_All Cases/EPD1-4489/-2023-6227/BradleyDavis 202307271539 WFC1064046 187981265,.pdf,1,pdf_parsed,466.7,3/18/26,3/18/26,2.1691E+12,No
EPD004474-EPD004474.xml,Doe et al. v. Liberty Healthcare et al/00_All Cases/EPD1-4489/-2023-6227/BradleyDavis 202307271539 WFC1064046 187981265/EPD004474-EPD004474.xml,Doe et al. v. Liberty Healthcare et al/00_All Cases/EPD1-4489/-2023-6227/BradleyDavis 202307271539 WFC1064046 187981265,.xml,1,bates_inferred,1.2,3/18/26,3/18/26,2.1691E+12,No
EPD004479-EPD004479.html,Doe et al. v. Liberty Healthcare et al/00_All Cases/EPD1-4489/-2023-6227/GageHouston 202307271447 WFC1126515 122197103/EPD004479-EPD004479.html,Doe et al. v. Liberty Healthcare et al/00_All Cases/EPD1-4489/-2023-6227/GageHouston 202307271447 WFC1126515 122197103,.html,1,bates_inferred,313.2,3/18/26,3/18/26,2.1691E+12,No
EPD004479-EPD004479.pdf,Doe et al. v. Liberty Healthcare et al/00_All Cases/EPD1-4489/-2023-6227/GageHouston 202307271447 WFC1126515 122197103/EPD004479-EPD004479.pdf,Doe et al. v. Liberty Healthcare et al/00_All Cases/EPD1-4489/-2023-6227/GageHouston 202307271447 WFC1126515 122197103,.pdf,1,pdf_parsed,466.8,3/18/26,3/18/26,2.1691E+12,No
EPD004480-EPD004480.pdf,Doe et al. v. Liberty Healthcare et al/00_All Cases/EPD1-4489/-2023-6227/GageHouston 202307271447 WFC1126515 122197103/EPD004480-EPD004480.pdf,Doe et al. v. Liberty Healthcare et al/00_All Cases/EPD1-4489/-2023-6227/GageHouston 202307271447 WFC1126515 122197103,.pdf,1,pdf_parsed,468.1,3/18/26,3/18/26,2.1691E+12,No
EPD004480-EPD004480.wgva,Doe et al. v. Liberty Healthcare et al/00_All Cases/EPD1-4489/-2023-6227/GageHouston 202307271447 WFC1126515 122197103/EPD004480-EPD004480.wgva,Doe et al. v. Liberty Healthcare et al/00_All Cases/EPD1-4489/-2023-6227/GageHouston 202307271447 WFC1126515 122197103,.wgva,1,bates_inferred,25.6,3/18/26,3/18/26,2.1691E+12,No
EPD004481-EPD004481.json,Doe et al. v. Liberty Healthcare et al/00_All Cases/EPD1-4489/-2023-6227/GageHouston 202307271447 WFC1126515 122197103/EPD004481-EPD004481.json,Doe et al. v. Liberty Healthcare et al/00_All Cases/EPD1-4489/-2023-6227/GageHouston 202307271447 WFC1126515 122197103,.json,1,bates_inferred,11615.2,3/18/26,3/18/26,2.16909E+12,No
EPD004481-EPD004481.pdf,Doe et al. v. Liberty Healthcare et al/00_All Cases/EPD1-4489/-2023-6227/GageHouston 202307271447 WFC1126515 122197103/EPD004481-EPD004481.pdf,Doe et al. v. Liberty Healthcare et al/00_All Cases/EPD1-4489/-2023-6227/GageHouston 202307271447 WFC1126515 122197103,.pdf,1,pdf_parsed,467.9,3/18/26,3/18/26,2.1691E+12,No
EPD004482-EPD004482.pdf,Doe et al. v. Liberty Healthcare et al/00_All Cases/EPD1-4489/-2023-6227/GageHouston 202307271447 WFC1126515 122197103/EPD004482-EPD004482.pdf,Doe et al. v. Liberty Healthcare et al/00_All Cases/EPD1-4489/-2023-6227/GageHouston 202307271447 WFC1126515 122197103,.pdf,1,pdf_parsed,466.9,3/18/26,3/18/26,2.1691E+12,No
EPD004482-EPD004482.xml,Doe et al. v. Liberty Healthcare et al/00_All Cases/EPD1-4489/-2023-6227/GageHouston 202307271447 WFC1126515 122197103/EPD004482-EPD004482.xml,Doe et al. v. Liberty Healthcare et al/00_All Cases/EPD1-4489/-2023-6227/GageHouston 202307271447 WFC1126515 122197103,.xml,1,bates_inferred,1.2,3/18/26,3/18/26,2.1691E+12,No
EPD004487-EPD004487.html,Doe et al. v. Liberty Healthcare et al/00_All Cases/EPD1-4489/-2023-6227/MasonMonsees 202307271445 WFC1110694 186317233/EPD004487-EPD004487.html,Doe et al. v. Liberty Healthcare et al/00_All Cases/EPD1-4489/-2023-6227/MasonMonsees 202307271445 WFC1110694 186317233,.html,1,bates_inferred,300.5,3/18/26,3/18/26,2.16911E+12,No
EPD004487-EPD004487.pdf,Doe et al. v. Liberty Healthcare et al/00_All Cases/EPD1-4489/-2023-6227/MasonMonsees 202307271445 WFC1110694 186317233/EPD004487-EPD004487.pdf,Doe et al. v. Liberty Healthcare et al/00_All Cases/EPD1-4489/-2023-6227/MasonMonsees 202307271445 WFC1110694 186317233,.pdf,1,pdf_parsed,466.6,3/18/26,3/18/26,2.1691E+12,No
EPD004488-EPD004488.pdf,Doe et al. v. Liberty Healthcare et al/00_All Cases/EPD1-4489/-2023-6227/MasonMonsees 202307271445 WFC1110694 186317233/EPD004488-EPD004488.pdf,Doe et al. v. Liberty Healthcare et al/00_All Cases/EPD1-4489/-2023-6227/MasonMonsees 202307271445 WFC1110694 186317233,.pdf,1,pdf_parsed,467.9,3/18/26,3/18/26,2.16909E+12,No
EPD004488-EPD004488.wgva,Doe et al. v. Liberty Healthcare et al/00_All Cases/EPD1-4489/-2023-6227/MasonMonsees 202307271445 WFC1110694 186317233/EPD004488-EPD004488.wgva,Doe et al. v. Liberty Healthcare et al/00_All Cases/EPD1-4489/-2023-6227/MasonMonsees 202307271445 WFC1110694 186317233,.wgva,1,bates_inferred,22.5,3/18/26,3/18/26,2.16911E+12,No
EPD004490 - EPD026471.pdf,Doe et al. v. Liberty Healthcare et al/00_All Cases/EPD449-27331/CELL PHONE DOWNLOADS/ADLAI FLORES/EPD004490 - EPD026471.pdf,Doe et al. v. Liberty Healthcare et al/00_All Cases/EPD449-27331/CELL PHONE DOWNLOADS/ADLAI FLORES,.pdf,21982,pdf_parsed,191110.4,3/18/26,3/18/26,2.1691E+12,No
EPD026472.pdf,Doe et al. v. Liberty Healthcare et al/00_All Cases/EPD449-27331/CELL PHONE DOWNLOADS/ALEJANDRO RODRIGUEZ/EPD026472.pdf,Doe et al. v. Liberty Healthcare et al/00_All Cases/EPD449-27331/CELL PHONE DOWNLOADS/ALEJANDRO RODRIGUEZ,.pdf,1,pdf_parsed,502.1,3/18/26,3/18/26,2.16911E+12,No
EPD026473.pdf,Doe et al. v. Liberty Healthcare et al/00_All Cases/EPD449-27331/CELL PHONE DOWNLOADS/JHON NIETO/EPD026473.pdf,Doe et al. v. Liberty Healthcare et al/00_All Cases/EPD449-27331/CELL PHONE DOWNLOADS/JHON NIETO,.pdf,1,pdf_parsed,457.3,3/18/26,3/18/26,2.1691E+12,No
EPD026474.pdf,Doe et al. v. Liberty Healthcare et al/00_All Cases/EPD449-27331/CELL PHONE DOWNLOADS/JHON NIETO/EPD026474.pdf,Doe et al. v. Liberty Healthcare et al/00_All Cases/EPD449-27331/CELL PHONE DOWNLOADS/JHON NIETO,.pdf,1,pdf_parsed,455.3,3/18/26,3/18/26,2.1691E+12,No
EPD026475.pdf,Doe et al. v. Liberty Healthcare et al/00_All Cases/EPD449-27331/CELL PHONE DOWNLOADS/JHON NIETO/EPD026475.pdf,Doe et al. v. Liberty Healthcare et al/00_All Cases/EPD449-27331/CELL PHONE DOWNLOADS/JHON NIETO,.pdf,1,pdf_parsed,2455.3,3/18/26,3/18/26,2.1691E+12,No
EPD026476.pdf,Doe et al. v. Liberty Healthcare et al/00_All Cases/EPD449-27331/CELL PHONE DOWNLOADS/JHON NIETO/EPD026476.pdf,Doe et al. v. Liberty Healthcare et al/00_All Cases/EPD449-27331/CELL PHONE DOWNLOADS/JHON NIETO,.pdf,1,pdf_parsed,3561.8,3/18/26,3/18/26,2.16912E+12,No
EPD026477.pdf,Doe et al. v. Liberty Healthcare et al/00_All Cases/EPD449-27331/CELL PHONE DOWNLOADS/JHON NIETO/EPD026477.pdf,Doe et al. v. Liberty Healthcare et al/00_All Cases/EPD449-27331/CELL PHONE DOWNLOADS/JHON NIETO,.pdf,1,pdf_parsed,456.7,3/18/26,3/18/26,2.1691E+12,No
EPD026478.pdf,Doe et al. v. Liberty Healthcare et al/00_All Cases/EPD449-27331/CELL PHONE DOWNLOADS/JHON NIETO/EPD026478.pdf,Doe et al. v. Liberty Healthcare et al/00_All Cases/EPD449-27331/CELL PHONE DOWNLOADS/JHON NIETO,.pdf,1,pdf_parsed,896.6,3/18/26,3/18/26,2.1691E+12,No
EPD026479.pdf,Doe et al. v. Liberty Healthcare et al/00_All Cases/EPD449-27331/CELL PHONE DOWNLOADS/JHON NIETO/EPD026479.pdf,Doe et al. v. Liberty Healthcare et al/00_All Cases/EPD449-27331/CELL PHONE DOWNLOADS/JHON NIETO,.pdf,1,pdf_parsed,456.7,3/18/26,3/18/26,2.1691E+12,No
EPD026480.pdf,Doe et al. v. Liberty Healthcare et al/00_All Cases/EPD449-27331/CELL PHONE DOWNLOADS/JHON NIETO/EPD026480.pdf,Doe et al. v. Liberty Healthcare et al/00_All Cases/EPD449-27331/CELL PHONE DOWNLOADS/JHON NIETO,.pdf,1,pdf_parsed,2717.5,3/18/26,3/18/26,2.1691E+12,No
EPD026481.pdf,Doe et al. v. Liberty Healthcare et al/00_All Cases/EPD449-27331/CELL PHONE DOWNLOADS/JHON NIETO/EPD026481.pdf,Doe et al. v. Liberty Healthcare et al/00_All Cases/EPD449-27331/CELL PHONE DOWNLOADS/JHON NIETO,.pdf,1,pdf_parsed,2789.2,3/18/26,3/18/26,2.1691E+12,No
EPD026482.pdf,Doe et al. v. Liberty Healthcare et al/00_All Cases/EPD449-27331/CELL PHONE DOWNLOADS/JHON NIETO/EPD026482.pdf,Doe et al. v. Liberty Healthcare et al/00_All Cases/EPD449-27331/CELL PHONE DOWNLOADS/JHON NIETO,.pdf,1,pdf_parsed,2970.4,3/18/26,3/18/26,2.1691E+12,No
EPD026483.pdf,Doe et al. v. Liberty Healthcare et al/00_All Cases/EPD449-27331/CELL PHONE DOWNLOADS/JHON NIETO/EPD026483.pdf,Doe et al. v. Liberty Healthcare et al/00_All Cases/EPD449-27331/CELL PHONE DOWNLOADS/JHON NIETO,.pdf,1,pdf_parsed,2602.4,3/18/26,3/18/26,2.1691E+12,No
EPD026484.pdf,Doe et al. v. Liberty Healthcare et al/00_All Cases/EPD449-27331/CELL PHONE DOWNLOADS/JHON NIETO/EPD026484.pdf,Doe et al. v. Liberty Healthcare et al/00_All Cases/EPD449-27331/CELL PHONE DOWNLOADS/JHON NIETO,.pdf,1,pdf_parsed,2800.2,3/18/26,3/18/26,2.16909E+12,No
EPD026485.pdf,Doe et al. v. Liberty Healthcare et al/00_All Cases/EPD449-27331/CELL PHONE DOWNLOADS/JHON NIETO/EPD026485.pdf,Doe et al. v. Liberty Healthcare et al/00_All Cases/EPD449-27331/CELL PHONE DOWNLOADS/JHON NIETO,.pdf,1,pdf_parsed,2805.4,3/18/26,3/18/26,2.1691E+12,No
EPD026486.pdf,Doe et al. v. Liberty Healthcare et al/00_All Cases/EPD449-27331/CELL PHONE DOWNLOADS/JHON NIETO/EPD026486.pdf,Doe et al. v. Liberty Healthcare et al/00_All Cases/EPD449-27331/CELL PHONE DOWNLOADS/JHON NIETO,.pdf,1,pdf_parsed,2443.7,3/18/26,3/18/26,2.1691E+12,No
EPD026487.pdf,Doe et al. v. Liberty Healthcare et al/00_All Cases/EPD449-27331/CELL PHONE DOWNLOADS/JHON NIETO/EPD026487.pdf,Doe et al. v. Liberty Healthcare et al/00_All Cases/EPD449-27331/CELL PHONE DOWNLOADS/JHON NIETO,.pdf,1,pdf_parsed,3208,3/18/26,3/18/26,2.1691E+12,No
EPD026488.pdf,Doe et al. v. Liberty Healthcare et al/00_All Cases/EPD449-27331/CELL PHONE DOWNLOADS/JHON NIETO/EPD026488.pdf,Doe et al. v. Liberty Healthcare et al/00_All Cases/EPD449-27331/CELL PHONE DOWNLOADS/JHON NIETO,.pdf,1,pdf_parsed,3192.9,3/18/26,3/18/26,2.1691E+12,No
EPD026489.pdf,Doe et al. v. Liberty Healthcare et al/00_All Cases/EPD449-27331/CELL PHONE DOWNLOADS/JHON NIETO/EPD026489.pdf,Doe et al. v. Liberty Healthcare et al/00_All Cases/EPD449-27331/CELL PHONE DOWNLOADS/JHON NIETO,.pdf,1,pdf_parsed,3122.2,3/18/26,3/18/26,2.1691E+12,No
EPD026490.pdf,Doe et al. v. Liberty Healthcare et al/00_All Cases/EPD449-27331/CELL PHONE DOWNLOADS/JHON NIETO/EPD026490.pdf,Doe et al. v. Liberty Healthcare et al/00_All Cases/EPD449-27331/CELL PHONE DOWNLOADS/JHON NIETO,.pdf,1,pdf_parsed,3311.3,3/18/26,3/18/26,2.1691E+12,No
EPD026491.pdf,Doe et al. v. Liberty Healthcare et al/00_All Cases/EPD449-27331/CELL PHONE DOWNLOADS/JHON NIETO/EPD026491.pdf,Doe et al. v. Liberty Healthcare et al/00_All Cases/EPD449-27331/CELL PHONE DOWNLOADS/JHON NIETO,.pdf,1,pdf_parsed,3379.5,3/18/26,3/18/26,2.1691E+12,No
EPD026492.pdf,Doe et al. v. Liberty Healthcare et al/00_All Cases/EPD449-27331/CELL PHONE DOWNLOADS/JHON NIETO/EPD026492.pdf,Doe et al. v. Liberty Healthcare et al/00_All Cases/EPD449-27331/CELL PHONE DOWNLOADS/JHON NIETO,.pdf,1,pdf_parsed,3224.6,3/18/26,3/18/26,2.16911E+12,No
EPD026493.pdf,Doe et al. v. Liberty Healthcare et al/00_All Cases/EPD449-27331/CELL PHONE DOWNLOADS/JHON NIETO/EPD026493.pdf,Doe et al. v. Liberty Healthcare et al/00_All Cases/EPD449-27331/CELL PHONE DOWNLOADS/JHON NIETO,.pdf,1,pdf_parsed,3226.6,3/18/26,3/18/26,2.1691E+12,No
EPD026494.pdf,Doe et al. v. Liberty Healthcare et al/00_All Cases/EPD449-27331/CELL PHONE DOWNLOADS/JHON NIETO/EPD026494.pdf,Doe et al. v. Liberty Healthcare et al/00_All Cases/EPD449-27331/CELL PHONE DOWNLOADS/JHON NIETO,.pdf,1,pdf_parsed,3208,3/18/26,3/18/26,2.1691E+12,No
EPD026495.pdf,Doe et al. v. Liberty Healthcare et al/00_All Cases/EPD449-27331/CELL PHONE DOWNLOADS/JHON NIETO/EPD026495.pdf,Doe et al. v. Liberty Healthcare et al/00_All Cases/EPD449-27331/CELL PHONE DOWNLOADS/JHON NIETO,.pdf,1,pdf_parsed,3183,3/18/26,3/18/26,2.1691E+12,No
EPD026496.pdf,Doe et al. v. Liberty Healthcare et al/00_All Cases/EPD449-27331/CELL PHONE DOWNLOADS/JHON NIETO/EPD026496.pdf,Doe et al. v. Liberty Healthcare et al/00_All Cases/EPD449-27331/CELL PHONE DOWNLOADS/JHON NIETO,.pdf,1,pdf_parsed,3002.2,3/18/26,3/18/26,2.1691E+12,No
EPD026497.pdf,Doe et al. v. Liberty Healthcare et al/00_All Cases/EPD449-27331/CELL PHONE DOWNLOADS/JHON NIETO/EPD026497.pdf,Doe et al. v. Liberty Healthcare et al/00_All Cases/EPD449-27331/CELL PHONE DOWNLOADS/JHON NIETO,.pdf,1,pdf_parsed,2926.8,3/18/26,3/18/26,2.16911E+12,No
EPD026498 - EPD026603.pdf,Doe et al. v. Liberty Healthcare et al/00_All Cases/EPD449-27331/GREER INTERNAL INVESTIGATIONS (DO NOT RELEASE)/Adrian Cottner Investigation (Suspect)/EPD026498 - EPD026603.pdf,Doe et al. v. Liberty Healthcare et al/00_All Cases/EPD449-27331/GREER INTERNAL INVESTIGATIONS (DO NOT RELEASE)/Adrian Cottner Investigation (Suspect),.pdf,106,pdf_parsed,8046,3/18/26,3/18/26,2.1691E+12,No
EPD026604 - EPD026693.pdf,Doe et al. v. Liberty Healthcare et al/00_All Cases/EPD449-27331/GREER INTERNAL INVESTIGATIONS (DO NOT RELEASE)/Jonathan Colon Orozco Investigation (S/EPD026604 - EPD026693.pdf,Doe et al. v. Liberty Healthcare et al/00_All Cases/EPD449-27331/GREER INTERNAL INVESTIGATIONS (DO NOT RELEASE)/Jonathan Colon Orozco Investigation (S,.pdf,90,pdf_parsed,6620.1,3/18/26,3/18/26,2.1691E+12,No
EPD026694- EPD026829.pdf,Doe et al. v. Liberty Healthcare et al/00_All Cases/EPD449-27331/GREER INTERNAL INVESTIGATIONS (DO NOT RELEASE)/Jonathan Martinez Investigations (Susp/EPD026694- EPD026829.pdf,Doe et al. v. Liberty Healthcare et al/00_All Cases/EPD449-27331/GREER INTERNAL INVESTIGATIONS (DO NOT RELEASE)/Jonathan Martinez Investigations (Susp,.pdf,136,pdf_parsed,18912.9,3/18/26,3/18/26,2.1691E+12,No
EPD026830 - EPD026911.pdf,Doe et al. v. Liberty Healthcare et al/00_All Cases/EPD449-27331/GREER INTERNAL INVESTIGATIONS (DO NOT RELEASE)/Jonathan Martinez Investigations (Susp/EPD026830 - EPD026911.pdf,Doe et al. v. Liberty Healthcare et al/00_All Cases/EPD449-27331/GREER INTERNAL INVESTIGATIONS (DO NOT RELEASE)/Jonathan Martinez Investigations (Susp,.pdf,82,pdf_parsed,3884.7,3/18/26,3/18/26,2.16909E+12,No
EPD026912 - EPD026957.pdf,Doe et al. v. Liberty Healthcare et al/00_All Cases/EPD449-27331/GREER INTERNAL INVESTIGATIONS (DO NOT RELEASE)/Jonathan Martinez Investigations (Susp/EPD026912 - EPD026957.pdf,Doe et al. v. Liberty Healthcare et al/00_All Cases/EPD449-27331/GREER INTERNAL INVESTIGATIONS (DO NOT RELEASE)/Jonathan Martinez Investigations (Susp,.pdf,46,pdf_parsed,4825.9,3/18/26,3/18/26,2.1691E+12,No
EPD026958 - EPD027071.pdf,Doe et al. v. Liberty Healthcare et al/00_All Cases/EPD449-27331/GREER INTERNAL INVESTIGATIONS (DO NOT RELEASE)/Jonathan Martinez Investigations (Susp/EPD026958 - EPD027071.pdf,Doe et al. v. Liberty Healthcare et al/00_All Cases/EPD449-27331/GREER INTERNAL INVESTIGATIONS (DO NOT RELEASE)/Jonathan Martinez Investigations (Susp,.pdf,114,pdf_parsed,8161.2,3/18/26,3/18/26,2.1691E+12,No
EPD027072 - EPD027151.pdf,Doe et al. v. Liberty Healthcare et al/00_All Cases/EPD449-27331/GREER INTERNAL INVESTIGATIONS (DO NOT RELEASE)/Jonathan Martinez Investigations (Susp/EPD027072 - EPD027151.pdf,Doe et al. v. Liberty Healthcare et al/00_All Cases/EPD449-27331/GREER INTERNAL INVESTIGATIONS (DO NOT RELEASE)/Jonathan Martinez Investigations (Susp,.pdf,80,pdf_parsed,7783.1,3/18/26,3/18/26,2.1691E+12,No
EPD027152 - EPD027205.pdf,Doe et al. v. Liberty Healthcare et al/00_All Cases/EPD449-27331/GREER INTERNAL INVESTIGATIONS (DO NOT RELEASE)/Matthew Owens Investigations (Victim)/EPD027152 - EPD027205.pdf,Doe et al. v. Liberty Healthcare et al/00_All Cases/EPD449-27331/GREER INTERNAL INVESTIGATIONS (DO NOT RELEASE)/Matthew Owens Investigations (Victim),.pdf,54,pdf_parsed,4886.8,3/18/26,3/18/26,2.16909E+12,No
EPD027206 - EPD027325.pdf,Doe et al. v. Liberty Healthcare et al/00_All Cases/EPD449-27331/GREER INTERNAL INVESTIGATIONS (DO NOT RELEASE)/Matthew Owens Investigations (Victim)/EPD027206 - EPD027325.pdf,Doe et al. v. Liberty Healthcare et al/00_All Cases/EPD449-27331/GREER INTERNAL INVESTIGATIONS (DO NOT RELEASE)/Matthew Owens Investigations (Victim),.pdf,120,pdf_parsed,16461.3,3/18/26,3/18/26,2.1691E+12,No
EPD027326.pdf,Doe et al. v. Liberty Healthcare et al/00_All Cases/EPD449-27331/Kristal Pratt Interview 7-11-24/EPD027326.pdf,Doe et al. v. Liberty Healthcare et al/00_All Cases/EPD449-27331/Kristal Pratt Interview 7-11-24,.pdf,1,pdf_parsed,504.4,3/18/26,3/18/26,2.16908E+12,No
EPD027326.wmv,Doe et al. v. Liberty Healthcare et al/00_All Cases/EPD449-27331/Kristal Pratt Interview 7-11-24/EPD027326.wmv,Doe et al. v. Liberty Healthcare et al/00_All Cases/EPD449-27331/Kristal Pratt Interview 7-11-24,.wmv,N/A,N/A,845116.5,3/18/26,3/18/26,2.16909E+12,No
EPD027327.pdf,Doe et al. v. Liberty Healthcare et al/00_All Cases/EPD449-27331/Kristal Pratt Interview 7-11-24/EPD027327.pdf,Doe et al. v. Liberty Healthcare et al/00_All Cases/EPD449-27331/Kristal Pratt Interview 7-11-24,.pdf,1,pdf_parsed,492,3/18/26,3/18/26,2.16907E+12,No
EPD027327.wmv,Doe et al. v. Liberty Healthcare et al/00_All Cases/EPD449-27331/Kristal Pratt Interview 7-11-24/EPD027327.wmv,Doe et al. v. Liberty Healthcare et al/00_All Cases/EPD449-27331/Kristal Pratt Interview 7-11-24,.wmv,N/A,N/A,2352672.7,3/18/26,3/18/26,2.16909E+12,No
EPD027328.pdf,Doe et al. v. Liberty Healthcare et al/00_All Cases/EPD449-27331/Kristal Pratt Interview 7-11-24/EPD027328.pdf,Doe et al. v. Liberty Healthcare et al/00_All Cases/EPD449-27331/Kristal Pratt Interview 7-11-24,.pdf,1,pdf_parsed,492.4,3/18/26,3/18/26,2.16907E+12,No
EPD027328.wmv,Doe et al. v. Liberty Healthcare et al/00_All Cases/EPD449-27331/Kristal Pratt Interview 7-11-24/EPD027328.wmv,Doe et al. v. Liberty Healthcare et al/00_All Cases/EPD449-27331/Kristal Pratt Interview 7-11-24,.wmv,N/A,N/A,634114,3/18/26,3/18/26,2.16908E+12,No
EPD027329.pdf,Doe et al. v. Liberty Healthcare et al/00_All Cases/EPD449-27331/Cody Richardson Interview/EPD027329.pdf,Doe et al. v. Liberty Healthcare et al/00_All Cases/EPD449-27331/Cody Richardson Interview,.pdf,1,pdf_parsed,477,3/18/26,3/18/26,2.1691E+12,No
EPD027329.wmv,Doe et al. v. Liberty Healthcare et al/00_All Cases/EPD449-27331/Cody Richardson Interview/EPD027329.wmv,Doe et al. v. Liberty Healthcare et al/00_All Cases/EPD449-27331/Cody Richardson Interview,.wmv,N/A,N/A,41385.2,3/18/26,3/18/26,2.1691E+12,No
EPD027330.mp4,Doe et al. v. Liberty Healthcare et al/00_All Cases/EPD449-27331/Cody Richardson Interview/EPD027330.mp4,Doe et al. v. Liberty Healthcare et al/00_All Cases/EPD449-27331/Cody Richardson Interview,.mp4,N/A,N/A,4,3/18/26,3/18/26,2.1691E+12,No
EPD027330.pdf,Doe et al. v. Liberty Healthcare et al/00_All Cases/EPD449-27331/Cody Richardson Interview/EPD027330.pdf,Doe et al. v. Liberty Healthcare et al/00_All Cases/EPD449-27331/Cody Richardson Interview,.pdf,1,pdf_parsed,498.1,3/18/26,3/18/26,2.1691E+12,No
EPD027331.pdf,Doe et al. v. Liberty Healthcare et al/00_All Cases/EPD449-27331/Cody Richardson Interview/EPD027331.pdf,Doe et al. v. Liberty Healthcare et al/00_All Cases/EPD449-27331/Cody Richardson Interview,.pdf,1,pdf_parsed,477.3,3/18/26,3/18/26,2.1691E+12,No
EPD027331.wmv,Doe et al. v. Liberty Healthcare et al/00_All Cases/EPD449-27331/Cody Richardson Interview/EPD027331.wmv,Doe et al. v. Liberty Healthcare et al/00_All Cases/EPD449-27331/Cody Richardson Interview,.wmv,N/A,N/A,1447805.6,3/18/26,3/18/26,2.1691E+12,No
Files.zip,Doe et al. v. Liberty Healthcare et al/**Records Received in Original Format (by Attorney)**/Received on 03.17.2026/Files.zip,Doe et al. v. Liberty Healthcare et al/**Records Received in Original Format (by Attorney)**/Received on 03.17.2026,.zip,N/A,N/A,24992543.1,3/18/26,3/18/26,2.16904E+12,No
JANEDOE4B_LAKESIDE-000001.PDF,Doe et al. v. Liberty Healthcare et al/04b_Caitlin Spradling (Jane Doe 4B)/JANEDOE4B_LAKESIDE-000001.PDF,Doe et al. v. Liberty Healthcare et al/04b_Caitlin Spradling (Jane Doe 4B),.pdf,573,pdf_parsed,33779.1,3/18/26,3/18/26,2.1691E+12,No
JANEDOE4BGREER-000001.pdf,Doe et al. v. Liberty Healthcare et al/04b_Caitlin Spradling (Jane Doe 4B)/JANEDOE4BGREER-000001.pdf,Doe et al. v. Liberty Healthcare et al/04b_Caitlin Spradling (Jane Doe 4B),.pdf,14,pdf_parsed,5180.4,3/18/26,3/18/26,2.16909E+12,No
JANEDOE4BGREER-000015.pdf,Doe et al. v. Liberty Healthcare et al/04b_Caitlin Spradling (Jane Doe 4B)/JANEDOE4BGREER-000015.pdf,Doe et al. v. Liberty Healthcare et al/04b_Caitlin Spradling (Jane Doe 4B),.pdf,16,pdf_parsed,6136.2,3/18/26,3/18/26,2.1691E+12,No
JANEDOE4BGREER-000031.pdf,Doe et al. v. Liberty Healthcare et al/04b_Caitlin Spradling (Jane Doe 4B)/JANEDOE4BGREER-000031.pdf,Doe et al. v. Liberty Healthcare et al/04b_Caitlin Spradling (Jane Doe 4B),.pdf,54,pdf_parsed,16956.7,3/18/26,3/18/26,2.16909E+12,No
JANEDOE4BGREER-000085.pdf,Doe et al. v. Liberty Healthcare et al/04b_Caitlin Spradling (Jane Doe 4B)/JANEDOE4BGREER-000085.pdf,Doe et al. v. Liberty Healthcare et al/04b_Caitlin Spradling (Jane Doe 4B),.pdf,2,pdf_parsed,356.8,3/18/26,3/18/26,2.16912E+12,No
JANEDOE4BGREER-000087.pdf,Doe et al. v. Liberty Healthcare et al/04b_Caitlin Spradling (Jane Doe 4B)/JANEDOE4BGREER-000087.pdf,Doe et al. v. Liberty Healthcare et al/04b_Caitlin Spradling (Jane Doe 4B),.pdf,34,pdf_parsed,8403.9,3/18/26,3/18/26,2.16909E+12,No
JANEDOE4BGREER-000121.pdf,Doe et al. v. Liberty Healthcare et al/04b_Caitlin Spradling (Jane Doe 4B)/JANEDOE4BGREER-000121.pdf,Doe et al. v. Liberty Healthcare et al/04b_Caitlin Spradling (Jane Doe 4B),.pdf,22,pdf_parsed,7166.9,3/18/26,3/18/26,2.1691E+12,No
JANEDOE4BGREER-000143.pdf,Doe et al. v. Liberty Healthcare et al/04b_Caitlin Spradling (Jane Doe 4B)/JANEDOE4BGREER-000143.pdf,Doe et al. v. Liberty Healthcare et al/04b_Caitlin Spradling (Jane Doe 4B),.pdf,11,pdf_parsed,4098.6,3/18/26,3/18/26,2.1691E+12,No
JANEDOE4BGREER-000154.pdf,Doe et al. v. Liberty Healthcare et al/04b_Caitlin Spradling (Jane Doe 4B)/JANEDOE4BGREER-000154.pdf,Doe et al. v. Liberty Healthcare et al/04b_Caitlin Spradling (Jane Doe 4B),.pdf,7,pdf_parsed,1649.5,3/18/26,3/18/26,2.16909E+12,No
JANEDOE4BGREER-000161.pdf,Doe et al. v. Liberty Healthcare et al/04b_Caitlin Spradling (Jane Doe 4B)/JANEDOE4BGREER-000161.pdf,Doe et al. v. Liberty Healthcare et al/04b_Caitlin Spradling (Jane Doe 4B),.pdf,4,pdf_parsed,618.1,3/18/26,3/18/26,2.16909E+12,No
JANEDOE4BGREER-000165.pdf,Doe et al. v. Liberty Healthcare et al/04b_Caitlin Spradling (Jane Doe 4B)/JANEDOE4BGREER-000165.pdf,Doe et al. v. Liberty Healthcare et al/04b_Caitlin Spradling (Jane Doe 4B),.pdf,4,pdf_parsed,1009.7,3/18/26,3/18/26,2.1691E+12,No
JANEDOE4BGREER-000169.pdf,Doe et al. v. Liberty Healthcare et al/04b_Caitlin Spradling (Jane Doe 4B)/JANEDOE4BGREER-000169.pdf,Doe et al. v. Liberty Healthcare et al/04b_Caitlin Spradling (Jane Doe 4B),.pdf,1,pdf_parsed,214.6,3/18/26,3/18/26,2.1691E+12,No
JANEDOE4BGREER-000170.pdf,Doe et al. v. Liberty Healthcare et al/04b_Caitlin Spradling (Jane Doe 4B)/JANEDOE4BGREER-000170.pdf,Doe et al. v. Liberty Healthcare et al/04b_Caitlin Spradling (Jane Doe 4B),.pdf,4,pdf_parsed,1021.7,3/18/26,3/18/26,2.1691E+12,No
JANEDOE4BGREER-000174.pdf,Doe et al. v. Liberty Healthcare et al/04b_Caitlin Spradling (Jane Doe 4B)/JANEDOE4BGREER-000174.pdf,Doe et al. v. Liberty Healthcare et al/04b_Caitlin Spradling (Jane Doe 4B),.pdf,2,pdf_parsed,310.4,3/18/26,3/18/26,2.1691E+12,No
JANEDOE4BGREER-000176.pdf,Doe et al. v. Liberty Healthcare et al/04b_Caitlin Spradling (Jane Doe 4B)/JANEDOE4BGREER-000176.pdf,Doe et al. v. Liberty Healthcare et al/04b_Caitlin Spradling (Jane Doe 4B),.pdf,4,pdf_parsed,1283.7,3/18/26,3/18/26,2.1691E+12,No
JANEDOE4BGREER-000180.pdf,Doe et al. v. Liberty Healthcare et al/04b_Caitlin Spradling (Jane Doe 4B)/JANEDOE4BGREER-000180.pdf,Doe et al. v. Liberty Healthcare et al/04b_Caitlin Spradling (Jane Doe 4B),.pdf,4,pdf_parsed,456.5,3/18/26,3/18/26,2.1691E+12,No
JANEDOE4BGREER-000184.pdf,Doe et al. v. Liberty Healthcare et al/04b_Caitlin Spradling (Jane Doe 4B)/JANEDOE4BGREER-000184.pdf,Doe et al. v. Liberty Healthcare et al/04b_Caitlin Spradling (Jane Doe 4B),.pdf,4,pdf_parsed,1366,3/18/26,3/18/26,2.1691E+12,No
JANEDOE4BGREER-000188.pdf,Doe et al. v. Liberty Healthcare et al/04b_Caitlin Spradling (Jane Doe 4B)/JANEDOE4BGREER-000188.pdf,Doe et al. v. Liberty Healthcare et al/04b_Caitlin Spradling (Jane Doe 4B),.pdf,4,pdf_parsed,596.3,3/18/26,3/18/26,2.1691E+12,No
JANEDOE4BGREER-000192.pdf,Doe et al. v. Liberty Healthcare et al/04b_Caitlin Spradling (Jane Doe 4B)/JANEDOE4BGREER-000192.pdf,Doe et al. v. Liberty Healthcare et al/04b_Caitlin Spradling (Jane Doe 4B),.pdf,6,pdf_parsed,1505.7,3/18/26,3/18/26,2.1691E+12,No
JANEDOE4BGREER-000198.pdf,Doe et al. v. Liberty Healthcare et al/04b_Caitlin Spradling (Jane Doe 4B)/JANEDOE4BGREER-000198.pdf,Doe et al. v. Liberty Healthcare et al/04b_Caitlin Spradling (Jane Doe 4B),.pdf,8,pdf_parsed,993.9,3/18/26,3/18/26,2.16909E+12,No
JANEDOE4BGREER-000206.pdf,Doe et al. v. Liberty Healthcare et al/04b_Caitlin Spradling (Jane Doe 4B)/JANEDOE4BGREER-000206.pdf,Doe et al. v. Liberty Healthcare et al/04b_Caitlin Spradling (Jane Doe 4B),.pdf,6,pdf_parsed,1953.7,3/18/26,3/18/26,2.1691E+12,No
JANEDOE4BGREER-000212.pdf,Doe et al. v. Liberty Healthcare et al/04b_Caitlin Spradling (Jane Doe 4B)/JANEDOE4BGREER-000212.pdf,Doe et al. v. Liberty Healthcare et al/04b_Caitlin Spradling (Jane Doe 4B),.pdf,4,pdf_parsed,1113.8,3/18/26,3/18/26,2.1691E+12,No
JANEDOE4BGREER-000216.pdf,Doe et al. v. Liberty Healthcare et al/04b_Caitlin Spradling (Jane Doe 4B)/JANEDOE4BGREER-000216.pdf,Doe et al. v. Liberty Healthcare et al/04b_Caitlin Spradling (Jane Doe 4B),.pdf,6,pdf_parsed,1993.7,3/18/26,3/18/26,2.1691E+12,No
JANEDOE4BGREER-000222.pdf,Doe et al. v. Liberty Healthcare et al/04b_Caitlin Spradling (Jane Doe 4B)/JANEDOE4BGREER-000222.pdf,Doe et al. v. Liberty Healthcare et al/04b_Caitlin Spradling (Jane Doe 4B),.pdf,6,pdf_parsed,671.1,3/18/26,3/18/26,2.16909E+12,No
JANEDOE4BGREER-000228.pdf,Doe et al. v. Liberty Healthcare et al/04b_Caitlin Spradling (Jane Doe 4B)/JANEDOE4BGREER-000228.pdf,Doe et al. v. Liberty Healthcare et al/04b_Caitlin Spradling (Jane Doe 4B),.pdf,6,pdf_parsed,1672.1,3/18/26,3/18/26,2.16912E+12,No
JANEDOE4BGREER-000234.pdf,Doe et al. v. Liberty Healthcare et al/04b_Caitlin Spradling (Jane Doe 4B)/JANEDOE4BGREER-000234.pdf,Doe et al. v. Liberty Healthcare et al/04b_Caitlin Spradling (Jane Doe 4B),.pdf,1,pdf_parsed,210.8,3/18/26,3/18/26,2.1691E+12,No
JANEDOE4BGREER-000235.pdf,Doe et al. v. Liberty Healthcare et al/04b_Caitlin Spradling (Jane Doe 4B)/JANEDOE4BGREER-000235.pdf,Doe et al. v. Liberty Healthcare et al/04b_Caitlin Spradling (Jane Doe 4B),.pdf,2,pdf_parsed,336,3/18/26,3/18/26,2.16909E+12,No
JANEDOE4BGREER-000237.pdf,Doe et al. v. Liberty Healthcare et al/04b_Caitlin Spradling (Jane Doe 4B)/JANEDOE4BGREER-000237.pdf,Doe et al. v. Liberty Healthcare et al/04b_Caitlin Spradling (Jane Doe 4B),.pdf,8,pdf_parsed,2677.7,3/18/26,3/18/26,2.16909E+12,No
JANEDOE4BGREER-000245.pdf,Doe et al. v. Liberty Healthcare et al/04b_Caitlin Spradling (Jane Doe 4B)/JANEDOE4BGREER-000245.pdf,Doe et al. v. Liberty Healthcare et al/04b_Caitlin Spradling (Jane Doe 4B),.pdf,8,pdf_parsed,2969.7,3/18/26,3/18/26,2.1691E+12,No
JANEDOE4BGREER-000253.pdf,Doe et al. v. Liberty Healthcare et al/04b_Caitlin Spradling (Jane Doe 4B)/JANEDOE4BGREER-000253.pdf,Doe et al. v. Liberty Healthcare et al/04b_Caitlin Spradling (Jane Doe 4B),.pdf,12,pdf_parsed,1381.8,3/18/26,3/18/26,2.1691E+12,No
JANEDOE4BGREER-000265.pdf,Doe et al. v. Liberty Healthcare et al/04b_Caitlin Spradling (Jane Doe 4B)/JANEDOE4BGREER-000265.pdf,Doe et al. v. Liberty Healthcare et al/04b_Caitlin Spradling (Jane Doe 4B),.pdf,1,pdf_parsed,246.7,3/18/26,3/18/26,2.1691E+12,No
JANEDOE4BGREER-000266.pdf,Doe et al. v. Liberty Healthcare et al/04b_Caitlin Spradling (Jane Doe 4B)/JANEDOE4BGREER-000266.pdf,Doe et al. v. Liberty Healthcare et al/04b_Caitlin Spradling (Jane Doe 4B),.pdf,6,pdf_parsed,1752.7,3/18/26,3/18/26,2.16909E+12,No
JANEDOE4BGREER-000272.pdf,Doe et al. v. Liberty Healthcare et al/04b_Caitlin Spradling (Jane Doe 4B)/JANEDOE4BGREER-000272.pdf,Doe et al. v. Liberty Healthcare et al/04b_Caitlin Spradling (Jane Doe 4B),.pdf,4,pdf_parsed,1357.8,3/18/26,3/18/26,2.16912E+12,No
JANEDOE4BGREER-000276.pdf,Doe et al. v. Liberty Healthcare et al/04b_Caitlin Spradling (Jane Doe 4B)/JANEDOE4BGREER-000276.pdf,Doe et al. v. Liberty Healthcare et al/04b_Caitlin Spradling (Jane Doe 4B),.pdf,2,pdf_parsed,248.2,3/18/26,3/18/26,2.16909E+12,No
JANEDOE4BGREER-000278.pdf,Doe et al. v. Liberty Healthcare et al/04b_Caitlin Spradling (Jane Doe 4B)/JANEDOE4BGREER-000278.pdf,Doe et al. v. Liberty Healthcare et al/04b_Caitlin Spradling (Jane Doe 4B),.pdf,6,pdf_parsed,1319.2,3/18/26,3/18/26,2.16912E+12,No
JANEDOE4BGREER-000284.pdf,Doe et al. v. Liberty Healthcare et al/04b_Caitlin Spradling (Jane Doe 4B)/JANEDOE4BGREER-000284.pdf,Doe et al. v. Liberty Healthcare et al/04b_Caitlin Spradling (Jane Doe 4B),.pdf,1,pdf_parsed,47.3,3/18/26,3/18/26,2.16909E+12,No
JANEDOE4BGREER-000285.pdf,Doe et al. v. Liberty Healthcare et al/04b_Caitlin Spradling (Jane Doe 4B)/JANEDOE4BGREER-000285.pdf,Doe et al. v. Liberty Healthcare et al/04b_Caitlin Spradling (Jane Doe 4B),.pdf,2,pdf_parsed,85.5,3/18/26,3/18/26,2.1691E+12,No
JANEDOE4BGREER-000287.pdf,Doe et al. v. Liberty Healthcare et al/04b_Caitlin Spradling (Jane Doe 4B)/JANEDOE4BGREER-000287.pdf,Doe et al. v. Liberty Healthcare et al/04b_Caitlin Spradling (Jane Doe 4B),.pdf,2,pdf_parsed,117.9,3/18/26,3/18/26,2.16909E+12,No
JANEDOE4BGREER-000289.pdf,Doe et al. v. Liberty Healthcare et al/04b_Caitlin Spradling (Jane Doe 4B)/JANEDOE4BGREER-000289.pdf,Doe et al. v. Liberty Healthcare et al/04b_Caitlin Spradling (Jane Doe 4B),.pdf,1,pdf_parsed,60.3,3/18/26,3/18/26,2.16912E+12,No
JANEDOE4BGREER-000290.pdf,Doe et al. v. Liberty Healthcare et al/04b_Caitlin Spradling (Jane Doe 4B)/JANEDOE4BGREER-000290.pdf,Doe et al. v. Liberty Healthcare et al/04b_Caitlin Spradling (Jane Doe 4B),.pdf,1,pdf_parsed,67.6,3/18/26,3/18/26,2.16909E+12,No
JANEDOE4BGREER-000291.pdf,Doe et al. v. Liberty Healthcare et al/04b_Caitlin Spradling (Jane Doe 4B)/JANEDOE4BGREER-000291.pdf,Doe et al. v. Liberty Healthcare et al/04b_Caitlin Spradling (Jane Doe 4B),.pdf,1,pdf_parsed,47.6,3/18/26,3/18/26,2.1691E+12,No
JANEDOE4BGREER-000292.pdf,Doe et al. v. Liberty Healthcare et al/04b_Caitlin Spradling (Jane Doe 4B)/JANEDOE4BGREER-000292.pdf,Doe et al. v. Liberty Healthcare et al/04b_Caitlin Spradling (Jane Doe 4B),.pdf,4,pdf_parsed,495,3/18/26,3/18/26,2.1691E+12,No
JANEDOE4BGREER-000296.pdf,Doe et al. v. Liberty Healthcare et al/04b_Caitlin Spradling (Jane Doe 4B)/JANEDOE4BGREER-000296.pdf,Doe et al. v. Liberty Healthcare et al/04b_Caitlin Spradling (Jane Doe 4B),.pdf,3,pdf_parsed,268.3,3/18/26,3/18/26,2.1691E+12,No
JANEDOE4BGREER-000299.pdf,Doe et al. v. Liberty Healthcare et al/04b_Caitlin Spradling (Jane Doe 4B)/JANEDOE4BGREER-000299.pdf,Doe et al. v. Liberty Healthcare et al/04b_Caitlin Spradling (Jane Doe 4B),.pdf,1,pdf_parsed,40.2,3/18/26,3/18/26,2.1691E+12,No
JANEDOE4BGREER-000300.pdf,Doe et al. v. Liberty Healthcare et al/04b_Caitlin Spradling (Jane Doe 4B)/JANEDOE4BGREER-000300.pdf,Doe et al. v. Liberty Healthcare et al/04b_Caitlin Spradling (Jane Doe 4B),.pdf,1,pdf_parsed,45.7,3/18/26,3/18/26,2.1691E+12,No
JANEDOE4BGREER-000301.pdf,Doe et al. v. Liberty Healthcare et al/04b_Caitlin Spradling (Jane Doe 4B)/JANEDOE4BGREER-000301.pdf,Doe et al. v. Liberty Healthcare et al/04b_Caitlin Spradling (Jane Doe 4B),.pdf,1,pdf_parsed,67.9,3/18/26,3/18/26,2.1691E+12,No
JANEDOE4BGREER-000302.pdf,Doe et al. v. Liberty Healthcare et al/04b_Caitlin Spradling (Jane Doe 4B)/JANEDOE4BGREER-000302.pdf,Doe et al. v. Liberty Healthcare et al/04b_Caitlin Spradling (Jane Doe 4B),.pdf,2,pdf_parsed,123.3,3/18/26,3/18/26,2.1691E+12,No
JANEDOE4BGREER-000304.pdf,Doe et al. v. Liberty Healthcare et al/04b_Caitlin Spradling (Jane Doe 4B)/JANEDOE4BGREER-000304.pdf,Doe et al. v. Liberty Healthcare et al/04b_Caitlin Spradling (Jane Doe 4B),.pdf,1,pdf_parsed,52.1,3/18/26,3/18/26,2.16909E+12,No
JANEDOE4BGREER-000305.pdf,Doe et al. v. Liberty Healthcare et al/04b_Caitlin Spradling (Jane Doe 4B)/JANEDOE4BGREER-000305.pdf,Doe et al. v. Liberty Healthcare et al/04b_Caitlin Spradling (Jane Doe 4B),.pdf,1,pdf_parsed,84.3,3/18/26,3/18/26,2.1691E+12,No
JANEDOE4BGREER-000306.pdf,Doe et al. v. Liberty Healthcare et al/04b_Caitlin Spradling (Jane Doe 4B)/JANEDOE4BGREER-000306.pdf,Doe et al. v. Liberty Healthcare et al/04b_Caitlin Spradling (Jane Doe 4B),.pdf,12,pdf_parsed,703.9,3/18/26,3/18/26,2.16912E+12,No
JANEDOE4BGREER-000318.pdf,Doe et al. v. Liberty Healthcare et al/04b_Caitlin Spradling (Jane Doe 4B)/JANEDOE4BGREER-000318.pdf,Doe et al. v. Liberty Healthcare et al/04b_Caitlin Spradling (Jane Doe 4B),.pdf,1,pdf_parsed,82.2,3/18/26,3/18/26,2.1691E+12,No
JANEDOE4BGREER-000319.pdf,Doe et al. v. Liberty Healthcare et al/04b_Caitlin Spradling (Jane Doe 4B)/JANEDOE4BGREER-000319.pdf,Doe et al. v. Liberty Healthcare et al/04b_Caitlin Spradling (Jane Doe 4B),.pdf,2,pdf_parsed,105.8,3/18/26,3/18/26,2.1691E+12,No
JANEDOE4BGREER-000321.pdf,Doe et al. v. Liberty Healthcare et al/04b_Caitlin Spradling (Jane Doe 4B)/JANEDOE4BGREER-000321.pdf,Doe et al. v. Liberty Healthcare et al/04b_Caitlin Spradling (Jane Doe 4B),.pdf,2,pdf_parsed,27518.2,3/18/26,3/18/26,2.1691E+12,No
JANEDOE4BGREER-000323.pdf,Doe et al. v. Liberty Healthcare et al/04b_Caitlin Spradling (Jane Doe 4B)/JANEDOE4BGREER-000323.pdf,Doe et al. v. Liberty Healthcare et al/04b_Caitlin Spradling (Jane Doe 4B),.pdf,1,pdf_parsed,57.2,3/18/26,3/18/26,2.1691E+12,No
JANEDOE4BGREER-000324.pdf,Doe et al. v. Liberty Healthcare et al/04b_Caitlin Spradling (Jane Doe 4B)/JANEDOE4BGREER-000324.pdf,Doe et al. v. Liberty Healthcare et al/04b_Caitlin Spradling (Jane Doe 4B),.pdf,1,pdf_parsed,49.2,3/18/26,3/18/26,2.16909E+12,No
JANEDOE5BGREER-000001.PDF,Doe et al. v. Liberty Healthcare et al/05_Mickey McDade (Jane Doe 5)/JANEDOE5BGREER-000001.PDF,Doe et al. v. Liberty Healthcare et al/05_Mickey McDade (Jane Doe 5),.pdf,1,pdf_parsed,1125.5,3/18/26,3/18/26,2.16906E+12,No
JANEDOE7BGREER-000001.pdf,Doe et al. v. Liberty Healthcare et al/07b_Launa Richardson (Jane Doe 7B)/JANEDOE7BGREER-000001.pdf,Doe et al. v. Liberty Healthcare et al/07b_Launa Richardson (Jane Doe 7B),.pdf,1,pdf_parsed,69.3,3/18/26,3/18/26,2.16906E+12,No
JANEDOE7BGREER-000002.pdf,Doe et al. v. Liberty Healthcare et al/07b_Launa Richardson (Jane Doe 7B)/JANEDOE7BGREER-000002.pdf,Doe et al. v. Liberty Healthcare et al/07b_Launa Richardson (Jane Doe 7B),.pdf,2,pdf_parsed,100.2,3/18/26,3/18/26,2.16906E+12,No
JD10GREER-000001.PDF,Doe et al. v. Liberty Healthcare et al/10b_Bailey Call (John Doe 10B)/JD10GREER-000001.PDF,Doe et al. v. Liberty Healthcare et al/10b_Bailey Call (John Doe 10B),.pdf,5,pdf_parsed,27242.5,3/18/26,3/18/26,2.16907E+12,No
JD10GREER-000006.PDF,Doe et al. v. Liberty Healthcare et al/10b_Bailey Call (John Doe 10B)/JD10GREER-000006.PDF,Doe et al. v. Liberty Healthcare et al/10b_Bailey Call (John Doe 10B),.pdf,8,pdf_parsed,1883.5,3/18/26,3/18/26,2.16907E+12,No
JD10PEOPLEINC-000001.PDF,Doe et al. v. Liberty Healthcare et al/10b_Bailey Call (John Doe 10B)/JD10PEOPLEINC-000001.PDF,Doe et al. v. Liberty Healthcare et al/10b_Bailey Call (John Doe 10B),.pdf,430,pdf_parsed,328078.3,3/18/26,3/18/26,2.16907E+12,No
JD11DOC-000001.pdf,Doe et al. v. Liberty Healthcare et al/11_Richard Lott (John Doe 11)/JD11DOC-000001.pdf,Doe et al. v. Liberty Healthcare et al/11_Richard Lott (John Doe 11),.pdf,1,pdf_parsed,82.6,3/18/26,3/18/26,2.16907E+12,No
JD11DOC-000002.pdf,Doe et al. v. Liberty Healthcare et al/11_Richard Lott (John Doe 11)/JD11DOC-000002.pdf,Doe et al. v. Liberty Healthcare et al/11_Richard Lott (John Doe 11),.pdf,1,pdf_parsed,96.7,3/18/26,3/18/26,2.16908E+12,No
JD11DOC-000003.pdf,Doe et al. v. Liberty Healthcare et al/11_Richard Lott (John Doe 11)/JD11DOC-000003.pdf,Doe et al. v. Liberty Healthcare et al/11_Richard Lott (John Doe 11),.pdf,2,pdf_parsed,87.4,3/18/26,3/18/26,2.16908E+12,No
JD11DOC-000005.pdf,Doe et al. v. Liberty Healthcare et al/11_Richard Lott (John Doe 11)/JD11DOC-000005.pdf,Doe et al. v. Liberty Healthcare et al/11_Richard Lott (John Doe 11),.pdf,1,pdf_parsed,49.3,3/18/26,3/18/26,2.16908E+12,No
JD11DOC-000006.pdf,Doe et al. v. Liberty Healthcare et al/11_Richard Lott (John Doe 11)/JD11DOC-000006.pdf,Doe et al. v. Liberty Healthcare et al/11_Richard Lott (John Doe 11),.pdf,1,pdf_parsed,54.9,3/18/26,3/18/26,2.16908E+12,No
JD11DOC-000007.pdf,Doe et al. v. Liberty Healthcare et al/11_Richard Lott (John Doe 11)/JD11DOC-000007.pdf,Doe et al. v. Liberty Healthcare et al/11_Richard Lott (John Doe 11),.pdf,1,pdf_parsed,89.6,3/18/26,3/18/26,2.16908E+12,No
JD11DOC-000008.pdf,Doe et al. v. Liberty Healthcare et al/11_Richard Lott (John Doe 11)/JD11DOC-000008.pdf,Doe et al. v. Liberty Healthcare et al/11_Richard Lott (John Doe 11),.pdf,1,pdf_parsed,84.5,3/18/26,3/18/26,2.16907E+12,No
JD11DOC-000009.pdf,Doe et al. v. Liberty Healthcare et al/11_Richard Lott (John Doe 11)/JD11DOC-000009.pdf,Doe et al. v. Liberty Healthcare et al/11_Richard Lott (John Doe 11),.pdf,2,pdf_parsed,287.5,3/18/26,3/18/26,2.16908E+12,No
JD11DOC-000011.pdf,Doe et al. v. Liberty Healthcare et al/11_Richard Lott (John Doe 11)/JD11DOC-000011.pdf,Doe et al. v. Liberty Healthcare et al/11_Richard Lott (John Doe 11),.pdf,1,pdf_parsed,75.7,3/18/26,3/18/26,2.16908E+12,No
JD11DOC-000012.pdf,Doe et al. v. Liberty Healthcare et al/11_Richard Lott (John Doe 11)/JD11DOC-000012.pdf,Doe et al. v. Liberty Healthcare et al/11_Richard Lott (John Doe 11),.pdf,2,pdf_parsed,87.7,3/18/26,3/18/26,2.16908E+12,No
JD11DOC-000014.pdf,Doe et al. v. Liberty Healthcare et al/11_Richard Lott (John Doe 11)/JD11DOC-000014.pdf,Doe et al. v. Liberty Healthcare et al/11_Richard Lott (John Doe 11),.pdf,1,pdf_parsed,49.6,3/18/26,3/18/26,2.16908E+12,No
JD11DOC-000015.pdf,Doe et al. v. Liberty Healthcare et al/11_Richard Lott (John Doe 11)/JD11DOC-000015.pdf,Doe et al. v. Liberty Healthcare et al/11_Richard Lott (John Doe 11),.pdf,1,pdf_parsed,75.5,3/18/26,3/18/26,2.16907E+12,No
JD11DOC-000016.pdf,Doe et al. v. Liberty Healthcare et al/11_Richard Lott (John Doe 11)/JD11DOC-000016.pdf,Doe et al. v. Liberty Healthcare et al/11_Richard Lott (John Doe 11),.pdf,1,pdf_parsed,61.1,3/18/26,3/18/26,2.16908E+12,No
JD11DOC-000017.pdf,Doe et al. v. Liberty Healthcare et al/11_Richard Lott (John Doe 11)/JD11DOC-000017.pdf,Doe et al. v. Liberty Healthcare et al/11_Richard Lott (John Doe 11),.pdf,1,pdf_parsed,52,3/18/26,3/18/26,2.16908E+12,No
JD11DOC-000018.pdf,Doe et al. v. Liberty Healthcare et al/11_Richard Lott (John Doe 11)/JD11DOC-000018.pdf,Doe et al. v. Liberty Healthcare et al/11_Richard Lott (John Doe 11),.pdf,1,pdf_parsed,52.2,3/18/26,3/18/26,2.16908E+12,No
JD11DOC-000019.pdf,Doe et al. v. Liberty Healthcare et al/11_Richard Lott (John Doe 11)/JD11DOC-000019.pdf,Doe et al. v. Liberty Healthcare et al/11_Richard Lott (John Doe 11),.pdf,1,pdf_parsed,51.3,3/18/26,3/18/26,2.16907E+12,No
JD11DOC-000020.pdf,Doe et al. v. Liberty Healthcare et al/11_Richard Lott (John Doe 11)/JD11DOC-000020.pdf,Doe et al. v. Liberty Healthcare et al/11_Richard Lott (John Doe 11),.pdf,1,pdf_parsed,50.6,3/18/26,3/18/26,2.16907E+12,No
JD11DOC-000021.pdf,Doe et al. v. Liberty Healthcare et al/11_Richard Lott (John Doe 11)/JD11DOC-000021.pdf,Doe et al. v. Liberty Healthcare et al/11_Richard Lott (John Doe 11),.pdf,1,pdf_parsed,197,3/18/26,3/18/26,2.16908E+12,No
JD11DOC-000022.pdf,Doe et al. v. Liberty Healthcare et al/11_Richard Lott (John Doe 11)/JD11DOC-000022.pdf,Doe et al. v. Liberty Healthcare et al/11_Richard Lott (John Doe 11),.pdf,1,pdf_parsed,52.7,3/18/26,3/18/26,2.16908E+12,No
JD11DOC-000023.pdf,Doe et al. v. Liberty Healthcare et al/11_Richard Lott (John Doe 11)/JD11DOC-000023.pdf,Doe et al. v. Liberty Healthcare et al/11_Richard Lott (John Doe 11),.pdf,1,pdf_parsed,78,3/18/26,3/18/26,2.16908E+12,No
JD11DOC-000024.pdf,Doe et al. v. Liberty Healthcare et al/11_Richard Lott (John Doe 11)/JD11DOC-000024.pdf,Doe et al. v. Liberty Healthcare et al/11_Richard Lott (John Doe 11),.pdf,2,pdf_parsed,109.3,3/18/26,3/18/26,2.16908E+12,No
JD11DOC-000026.pdf,Doe et al. v. Liberty Healthcare et al/11_Richard Lott (John Doe 11)/JD11DOC-000026.pdf,Doe et al. v. Liberty Healthcare et al/11_Richard Lott (John Doe 11),.pdf,4,pdf_parsed,141.4,3/18/26,3/18/26,2.16908E+12,No
JD11DOC-000030.pdf,Doe et al. v. Liberty Healthcare et al/11_Richard Lott (John Doe 11)/JD11DOC-000030.pdf,Doe et al. v. Liberty Healthcare et al/11_Richard Lott (John Doe 11),.pdf,1,pdf_parsed,116.9,3/18/26,3/18/26,2.16908E+12,No
JD11DOC-000031.pdf,Doe et al. v. Liberty Healthcare et al/11_Richard Lott (John Doe 11)/JD11DOC-000031.pdf,Doe et al. v. Liberty Healthcare et al/11_Richard Lott (John Doe 11),.pdf,5,pdf_parsed,203.8,3/18/26,3/18/26,2.16908E+12,No
JD11DOC-000036.pdf,Doe et al. v. Liberty Healthcare et al/11_Richard Lott (John Doe 11)/JD11DOC-000036.pdf,Doe et al. v. Liberty Healthcare et al/11_Richard Lott (John Doe 11),.pdf,1,pdf_parsed,73.8,3/18/26,3/18/26,2.16907E+12,No
JD11DOC-000037.pdf,Doe et al. v. Liberty Healthcare et al/11_Richard Lott (John Doe 11)/JD11DOC-000037.pdf,Doe et al. v. Liberty Healthcare et al/11_Richard Lott (John Doe 11),.pdf,1,pdf_parsed,76.2,3/18/26,3/18/26,2.16908E+12,No
JD11DOC-000038.pdf,Doe et al. v. Liberty Healthcare et al/11_Richard Lott (John Doe 11)/JD11DOC-000038.pdf,Doe et al. v. Liberty Healthcare et al/11_Richard Lott (John Doe 11),.pdf,1,pdf_parsed,99.2,3/18/26,3/18/26,2.16908E+12,No
JD11DOC-000039.pdf,Doe et al. v. Liberty Healthcare et al/11_Richard Lott (John Doe 11)/JD11DOC-000039.pdf,Doe et al. v. Liberty Healthcare et al/11_Richard Lott (John Doe 11),.pdf,1,pdf_parsed,39.4,3/18/26,3/18/26,2.16908E+12,No
JD11DOC-000040.pdf,Doe et al. v. Liberty Healthcare et al/11_Richard Lott (John Doe 11)/JD11DOC-000040.pdf,Doe et al. v. Liberty Healthcare et al/11_Richard Lott (John Doe 11),.pdf,1,pdf_parsed,74,3/18/26,3/18/26,2.16907E+12,No
JD11DOC-000041.pdf,Doe et al. v. Liberty Healthcare et al/11_Richard Lott (John Doe 11)/JD11DOC-000041.pdf,Doe et al. v. Liberty Healthcare et al/11_Richard Lott (John Doe 11),.pdf,1,pdf_parsed,76.7,3/18/26,3/18/26,2.16907E+12,No
JD11DOC-000042.pdf,Doe et al. v. Liberty Healthcare et al/11_Richard Lott (John Doe 11)/JD11DOC-000042.pdf,Doe et al. v. Liberty Healthcare et al/11_Richard Lott (John Doe 11),.pdf,1,pdf_parsed,102.5,3/18/26,3/18/26,2.16908E+12,No
JD11DOC-000043.pdf,Doe et al. v. Liberty Healthcare et al/11_Richard Lott (John Doe 11)/JD11DOC-000043.pdf,Doe et al. v. Liberty Healthcare et al/11_Richard Lott (John Doe 11),.pdf,1,pdf_parsed,111.2,3/18/26,3/18/26,2.16908E+12,No
JD11DOC-000044.pdf,Doe et al. v. Liberty Healthcare et al/11_Richard Lott (John Doe 11)/JD11DOC-000044.pdf,Doe et al. v. Liberty Healthcare et al/11_Richard Lott (John Doe 11),.pdf,1,pdf_parsed,104.2,3/18/26,3/18/26,2.16908E+12,No
JD11DOC-000045.pdf,Doe et al. v. Liberty Healthcare et al/11_Richard Lott (John Doe 11)/JD11DOC-000045.pdf,Doe et al. v. Liberty Healthcare et al/11_Richard Lott (John Doe 11),.pdf,1,pdf_parsed,65.5,3/18/26,3/18/26,2.16907E+12,No
JD11DOC-000046.pdf,Doe et al. v. Liberty Healthcare et al/11_Richard Lott (John Doe 11)/JD11DOC-000046.pdf,Doe et al. v. Liberty Healthcare et al/11_Richard Lott (John Doe 11),.pdf,1,pdf_parsed,66.6,3/18/26,3/18/26,2.16908E+12,No
JD11DOC-000047.pdf,Doe et al. v. Liberty Healthcare et al/11_Richard Lott (John Doe 11)/JD11DOC-000047.pdf,Doe et al. v. Liberty Healthcare et al/11_Richard Lott (John Doe 11),.pdf,4,pdf_parsed,326,3/18/26,3/18/26,2.16908E+12,No
JD11DOC-000051.pdf,Doe et al. v. Liberty Healthcare et al/11_Richard Lott (John Doe 11)/JD11DOC-000051.pdf,Doe et al. v. Liberty Healthcare et al/11_Richard Lott (John Doe 11),.pdf,1,pdf_parsed,75.5,3/18/26,3/18/26,2.16908E+12,No
JD11DOC-000052.pdf,Doe et al. v. Liberty Healthcare et al/11_Richard Lott (John Doe 11)/JD11DOC-000052.pdf,Doe et al. v. Liberty Healthcare et al/11_Richard Lott (John Doe 11),.pdf,1,pdf_parsed,67.6,3/18/26,3/18/26,2.16908E+12,No
JD11DOC-000053.pdf,Doe et al. v. Liberty Healthcare et al/11_Richard Lott (John Doe 11)/JD11DOC-000053.pdf,Doe et al. v. Liberty Healthcare et al/11_Richard Lott (John Doe 11),.pdf,1,pdf_parsed,102.4,3/18/26,3/18/26,2.16908E+12,No
JD11DOC-000054.pdf,Doe et al. v. Liberty Healthcare et al/11_Richard Lott (John Doe 11)/JD11DOC-000054.pdf,Doe et al. v. Liberty Healthcare et al/11_Richard Lott (John Doe 11),.pdf,1,pdf_parsed,120.6,3/18/26,3/18/26,2.16907E+12,No
JD11DOC-000055.pdf,Doe et al. v. Liberty Healthcare et al/11_Richard Lott (John Doe 11)/JD11DOC-000055.pdf,Doe et al. v. Liberty Healthcare et al/11_Richard Lott (John Doe 11),.pdf,5,pdf_parsed,717.2,3/18/26,3/18/26,2.16907E+12,No
JD11DOC-000060.pdf,Doe et al. v. Liberty Healthcare et al/11_Richard Lott (John Doe 11)/JD11DOC-000060.pdf,Doe et al. v. Liberty Healthcare et al/11_Richard Lott (John Doe 11),.pdf,1,pdf_parsed,148.9,3/18/26,3/18/26,2.16907E+12,No
JD11DOC-000061.pdf,Doe et al. v. Liberty Healthcare et al/11_Richard Lott (John Doe 11)/JD11DOC-000061.pdf,Doe et al. v. Liberty Healthcare et al/11_Richard Lott (John Doe 11),.pdf,142,pdf_parsed,9969.9,3/18/26,3/18/26,2.16908E+12,No
JD11DOC-000203.pdf,Doe et al. v. Liberty Healthcare et al/11_Richard Lott (John Doe 11)/JD11DOC-000203.pdf,Doe et al. v. Liberty Healthcare et al/11_Richard Lott (John Doe 11),.pdf,2,pdf_parsed,99,3/18/26,3/18/26,2.16907E+12,No
JD11DOC-000205.pdf,Doe et al. v. Liberty Healthcare et al/11_Richard Lott (John Doe 11)/JD11DOC-000205.pdf,Doe et al. v. Liberty Healthcare et al/11_Richard Lott (John Doe 11),.pdf,1,pdf_parsed,61.4,3/18/26,3/18/26,2.16908E+12,No
JD11DOC-000206.pdf,Doe et al. v. Liberty Healthcare et al/11_Richard Lott (John Doe 11)/JD11DOC-000206.pdf,Doe et al. v. Liberty Healthcare et al/11_Richard Lott (John Doe 11),.pdf,1,pdf_parsed,59.2,3/18/26,3/18/26,2.16908E+12,No
JD11DOC-000207.pdf,Doe et al. v. Liberty Healthcare et al/11_Richard Lott (John Doe 11)/JD11DOC-000207.pdf,Doe et al. v. Liberty Healthcare et al/11_Richard Lott (John Doe 11),.pdf,1,pdf_parsed,59.6,3/18/26,3/18/26,2.16908E+12,No
JD11DOC-000208.pdf,Doe et al. v. Liberty Healthcare et al/11_Richard Lott (John Doe 11)/JD11DOC-000208.pdf,Doe et al. v. Liberty Healthcare et al/11_Richard Lott (John Doe 11),.pdf,5,pdf_parsed,161.3,3/18/26,3/18/26,2.16907E+12,No
JD12GREER000001.pdf,Doe et al. v. Liberty Healthcare et al/12b_Waylon Cauthon (John Doe 12B)/JD12GREER000001.pdf,Doe et al. v. Liberty Healthcare et al/12b_Waylon Cauthon (John Doe 12B),.pdf,1,pdf_parsed,468.6,3/18/26,3/18/26,2.16907E+12,No
JD12GREER000002.pdf,Doe et al. v. Liberty Healthcare et al/12b_Waylon Cauthon (John Doe 12B)/JD12GREER000002.pdf,Doe et al. v. Liberty Healthcare et al/12b_Waylon Cauthon (John Doe 12B),.pdf,1,pdf_parsed,227.7,3/18/26,3/18/26,2.16908E+12,No
JD12GREER000003.pdf,Doe et al. v. Liberty Healthcare et al/12b_Waylon Cauthon (John Doe 12B)/JD12GREER000003.pdf,Doe et al. v. Liberty Healthcare et al/12b_Waylon Cauthon (John Doe 12B),.pdf,2,pdf_parsed,300.7,3/18/26,3/18/26,2.16908E+12,No
JD12GREER000005.pdf,Doe et al. v. Liberty Healthcare et al/12b_Waylon Cauthon (John Doe 12B)/JD12GREER000005.pdf,Doe et al. v. Liberty Healthcare et al/12b_Waylon Cauthon (John Doe 12B),.pdf,4,pdf_parsed,949.9,3/18/26,3/18/26,2.16908E+12,No
JD12GREER000009.pdf,Doe et al. v. Liberty Healthcare et al/12b_Waylon Cauthon (John Doe 12B)/JD12GREER000009.pdf,Doe et al. v. Liberty Healthcare et al/12b_Waylon Cauthon (John Doe 12B),.pdf,3,pdf_parsed,278.4,3/18/26,3/18/26,2.16908E+12,No
JD12GREER000012.pdf,Doe et al. v. Liberty Healthcare et al/12b_Waylon Cauthon (John Doe 12B)/JD12GREER000012.pdf,Doe et al. v. Liberty Healthcare et al/12b_Waylon Cauthon (John Doe 12B),.pdf,2,pdf_parsed,130.8,3/18/26,3/18/26,2.16908E+12,No
JD12GREER000014.pdf,Doe et al. v. Liberty Healthcare et al/12b_Waylon Cauthon (John Doe 12B)/JD12GREER000014.pdf,Doe et al. v. Liberty Healthcare et al/12b_Waylon Cauthon (John Doe 12B),.pdf,1,pdf_parsed,93,3/18/26,3/18/26,2.16908E+12,No
JD12GREER000015.pdf,Doe et al. v. Liberty Healthcare et al/12b_Waylon Cauthon (John Doe 12B)/JD12GREER000015.pdf,Doe et al. v. Liberty Healthcare et al/12b_Waylon Cauthon (John Doe 12B),.pdf,1,pdf_parsed,84.2,3/18/26,3/18/26,2.16908E+12,No
JD12GREER000016.pdf,Doe et al. v. Liberty Healthcare et al/12b_Waylon Cauthon (John Doe 12B)/JD12GREER000016.pdf,Doe et al. v. Liberty Healthcare et al/12b_Waylon Cauthon (John Doe 12B),.pdf,34,pdf_parsed,335,3/18/26,3/18/26,2.16909E+12,No
JD12GREER000050.pdf,Doe et al. v. Liberty Healthcare et al/12b_Waylon Cauthon (John Doe 12B)/JD12GREER000050.pdf,Doe et al. v. Liberty Healthcare et al/12b_Waylon Cauthon (John Doe 12B),.pdf,6,pdf_parsed,3508,3/18/26,3/18/26,2.16908E+12,No
JD12GREER000056.pdf,Doe et al. v. Liberty Healthcare et al/12b_Waylon Cauthon (John Doe 12B)/JD12GREER000056.pdf,Doe et al. v. Liberty Healthcare et al/12b_Waylon Cauthon (John Doe 12B),.pdf,46,pdf_parsed,4308.8,3/18/26,3/18/26,2.16908E+12,No
JD1GREER-000769-000772.PDF,Doe et al. v. Liberty Healthcare et al/01_Cody Richardson (JD1)/JD1GREER-000769-000772.PDF,Doe et al. v. Liberty Healthcare et al/01_Cody Richardson (JD1),.pdf,4,pdf_parsed,1476.5,3/18/26,3/18/26,2.16908E+12,No
JD1GREER-000773.PDF,Doe et al. v. Liberty Healthcare et al/04b_Caitlin Spradling (Jane Doe 4B)/JD1GREER-000773.PDF,Doe et al. v. Liberty Healthcare et al/04b_Caitlin Spradling (Jane Doe 4B),.pdf,2,pdf_parsed,975.5,3/18/26,3/18/26,2.1691E+12,No
JD2BGREER-000001-JD2BGREER-000001.PDF,Doe et al. v. Liberty Healthcare et al/02b_MacArthur Finley (JD2B)/JD2BGREER-000001-JD2BGREER-000001.PDF,Doe et al. v. Liberty Healthcare et al/02b_MacArthur Finley (JD2B),.pdf,1,pdf_parsed,1158.5,3/18/26,3/18/26,2.1691E+12,No
JD2BGREER-000002-JD2BGREER-000004.PDF,Doe et al. v. Liberty Healthcare et al/02b_MacArthur Finley (JD2B)/JD2BGREER-000002-JD2BGREER-000004.PDF,Doe et al. v. Liberty Healthcare et al/02b_MacArthur Finley (JD2B),.pdf,3,pdf_parsed,1167.4,3/18/26,3/18/26,2.1691E+12,No
JD2BGREER-000005-JD2BGREER-000009.PDF,Doe et al. v. Liberty Healthcare et al/02b_MacArthur Finley (JD2B)/JD2BGREER-000005-JD2BGREER-000009.PDF,Doe et al. v. Liberty Healthcare et al/02b_MacArthur Finley (JD2B),.pdf,5,pdf_parsed,1767.8,3/18/26,3/18/26,2.16909E+12,No
JD3BGREER-000001-JD3BGREER-000003.pdf,Doe et al. v. Liberty Healthcare et al/03b_Theodore Clark (JD3B)/JD3BGREER-000001-JD3BGREER-000003.pdf,Doe et al. v. Liberty Healthcare et al/03b_Theodore Clark (JD3B),.pdf,3,pdf_parsed,3071.2,3/18/26,3/18/26,2.16906E+12,No
JD3BGREER-000004-JD3BGREER-000004.pdf,Doe et al. v. Liberty Healthcare et al/03b_Theodore Clark (JD3B)/JD3BGREER-000004-JD3BGREER-000004.pdf,Doe et al. v. Liberty Healthcare et al/03b_Theodore Clark (JD3B),.pdf,1,pdf_parsed,1073,3/18/26,3/18/26,2.16906E+12,No
JD3BGREER-000005-JD3BGREER-000006.pdf,Doe et al. v. Liberty Healthcare et al/03b_Theodore Clark (JD3B)/JD3BGREER-000005-JD3BGREER-000006.pdf,Doe et al. v. Liberty Healthcare et al/03b_Theodore Clark (JD3B),.pdf,2,pdf_parsed,1643.4,3/18/26,3/18/26,2.16905E+12,No
JD3BGREER-000007-JD3BGREER-000037.pdf,Doe et al. v. Liberty Healthcare et al/03b_Theodore Clark (JD3B)/JD3BGREER-000007-JD3BGREER-000037.pdf,Doe et al. v. Liberty Healthcare et al/03b_Theodore Clark (JD3B),.pdf,31,pdf_parsed,29204.9,3/18/26,3/18/26,2.16905E+12,No
JD3BGREER-000038-JD3BGREER-000038.pdf,Doe et al. v. Liberty Healthcare et al/03b_Theodore Clark (JD3B)/JD3BGREER-000038-JD3BGREER-000038.pdf,Doe et al. v. Liberty Healthcare et al/03b_Theodore Clark (JD3B),.pdf,1,pdf_parsed,562.4,3/18/26,3/18/26,2.16906E+12,No
JD3BGREER-000039-JD3BGREER-000041.pdf,Doe et al. v. Liberty Healthcare et al/03b_Theodore Clark (JD3B)/JD3BGREER-000039-JD3BGREER-000041.pdf,Doe et al. v. Liberty Healthcare et al/03b_Theodore Clark (JD3B),.pdf,3,pdf_parsed,2974.1,3/18/26,3/18/26,2.16906E+12,No
JD3BGREER-000042-JD3BGREER-000042.pdf,Doe et al. v. Liberty Healthcare et al/03b_Theodore Clark (JD3B)/JD3BGREER-000042-JD3BGREER-000042.pdf,Doe et al. v. Liberty Healthcare et al/03b_Theodore Clark (JD3B),.pdf,1,pdf_parsed,994.6,3/18/26,3/18/26,2.16906E+12,No
JD3BGREER-000043-JD3BGREER-000045.pdf,Doe et al. v. Liberty Healthcare et al/03b_Theodore Clark (JD3B)/JD3BGREER-000043-JD3BGREER-000045.pdf,Doe et al. v. Liberty Healthcare et al/03b_Theodore Clark (JD3B),.pdf,3,pdf_parsed,712.2,3/18/26,3/18/26,2.16906E+12,No
JD3BGREER-000046-JD3BGREER-000048.pdf,Doe et al. v. Liberty Healthcare et al/03b_Theodore Clark (JD3B)/JD3BGREER-000046-JD3BGREER-000048.pdf,Doe et al. v. Liberty Healthcare et al/03b_Theodore Clark (JD3B),.pdf,3,pdf_parsed,649.8,3/18/26,3/18/26,2.16905E+12,No
JD3BGREER-000049-JD3BGREER-000049.pdf,Doe et al. v. Liberty Healthcare et al/03b_Theodore Clark (JD3B)/JD3BGREER-000049-JD3BGREER-000049.pdf,Doe et al. v. Liberty Healthcare et al/03b_Theodore Clark (JD3B),.pdf,1,pdf_parsed,634.2,3/18/26,3/18/26,2.16906E+12,No
JD3BGREER-000050-JD3BGREER-000050.pdf,Doe et al. v. Liberty Healthcare et al/03b_Theodore Clark (JD3B)/JD3BGREER-000050-JD3BGREER-000050.pdf,Doe et al. v. Liberty Healthcare et al/03b_Theodore Clark (JD3B),.pdf,1,pdf_parsed,724.9,3/18/26,3/18/26,2.16906E+12,No
JD3BGREER-000051-JD3BGREER-000066.pdf,Doe et al. v. Liberty Healthcare et al/03b_Theodore Clark (JD3B)/JD3BGREER-000051-JD3BGREER-000066.pdf,Doe et al. v. Liberty Healthcare et al/03b_Theodore Clark (JD3B),.pdf,16,pdf_parsed,1205.8,3/18/26,3/18/26,2.16905E+12,No
JD3BGREER-000067-JD3BGREER-000071.pdf,Doe et al. v. Liberty Healthcare et al/03b_Theodore Clark (JD3B)/JD3BGREER-000067-JD3BGREER-000071.pdf,Doe et al. v. Liberty Healthcare et al/03b_Theodore Clark (JD3B),.pdf,5,pdf_parsed,5620.6,3/18/26,3/18/26,2.16905E+12,No
JD3BGREER-000072-JD3BGREER-000076.pdf,Doe et al. v. Liberty Healthcare et al/03b_Theodore Clark (JD3B)/JD3BGREER-000072-JD3BGREER-000076.pdf,Doe et al. v. Liberty Healthcare et al/03b_Theodore Clark (JD3B),.pdf,5,pdf_parsed,5273.9,3/18/26,3/18/26,2.16906E+12,No
JD3BGREER-000077-JD3BGREER-000081.pdf,Doe et al. v. Liberty Healthcare et al/03b_Theodore Clark (JD3B)/JD3BGREER-000077-JD3BGREER-000081.pdf,Doe et al. v. Liberty Healthcare et al/03b_Theodore Clark (JD3B),.pdf,5,pdf_parsed,5824.7,3/18/26,3/18/26,2.16906E+12,No
JD3BGREER-000082-JD3BGREER-000086.pdf,Doe et al. v. Liberty Healthcare et al/03b_Theodore Clark (JD3B)/JD3BGREER-000082-JD3BGREER-000086.pdf,Doe et al. v. Liberty Healthcare et al/03b_Theodore Clark (JD3B),.pdf,5,pdf_parsed,5837,3/18/26,3/18/26,2.16906E+12,No
JD3BGREER-000087-JD3BGREER-000091.pdf,Doe et al. v. Liberty Healthcare et al/03b_Theodore Clark (JD3B)/JD3BGREER-000087-JD3BGREER-000091.pdf,Doe et al. v. Liberty Healthcare et al/03b_Theodore Clark (JD3B),.pdf,5,pdf_parsed,6172.9,3/18/26,3/18/26,2.16905E+12,No
JD3BGREER-000092-JD3BGREER-000096.pdf,Doe et al. v. Liberty Healthcare et al/03b_Theodore Clark (JD3B)/JD3BGREER-000092-JD3BGREER-000096.pdf,Doe et al. v. Liberty Healthcare et al/03b_Theodore Clark (JD3B),.pdf,5,pdf_parsed,6123.4,3/18/26,3/18/26,2.16906E+12,No
JD3BGREER-000097-JD3BGREER-000101.pdf,Doe et al. v. Liberty Healthcare et al/03b_Theodore Clark (JD3B)/JD3BGREER-000097-JD3BGREER-000101.pdf,Doe et al. v. Liberty Healthcare et al/03b_Theodore Clark (JD3B),.pdf,5,pdf_parsed,5985.9,3/18/26,3/18/26,2.16905E+12,No
JD3BGREER-000102-JD3BGREER-000106.pdf,Doe et al. v. Liberty Healthcare et al/03b_Theodore Clark (JD3B)/JD3BGREER-000102-JD3BGREER-000106.pdf,Doe et al. v. Liberty Healthcare et al/03b_Theodore Clark (JD3B),.pdf,5,pdf_parsed,6053.6,3/18/26,3/18/26,2.16906E+12,No
JD3BGREER-000107-JD3BGREER-000111.pdf,Doe et al. v. Liberty Healthcare et al/03b_Theodore Clark (JD3B)/JD3BGREER-000107-JD3BGREER-000111.pdf,Doe et al. v. Liberty Healthcare et al/03b_Theodore Clark (JD3B),.pdf,5,pdf_parsed,6148.8,3/18/26,3/18/26,2.16905E+12,No
JD3BGREER-000112-JD3BGREER-000116.pdf,Doe et al. v. Liberty Healthcare et al/03b_Theodore Clark (JD3B)/JD3BGREER-000112-JD3BGREER-000116.pdf,Doe et al. v. Liberty Healthcare et al/03b_Theodore Clark (JD3B),.pdf,5,pdf_parsed,6320.6,3/18/26,3/18/26,2.16906E+12,No
JD3BGREER-000117-JD3BGREER-000121.pdf,Doe et al. v. Liberty Healthcare et al/03b_Theodore Clark (JD3B)/JD3BGREER-000117-JD3BGREER-000121.pdf,Doe et al. v. Liberty Healthcare et al/03b_Theodore Clark (JD3B),.pdf,5,pdf_parsed,6063.1,3/18/26,3/18/26,2.16906E+12,No
JD3BGREER-000122-JD3BGREER-000126.pdf,Doe et al. v. Liberty Healthcare et al/03b_Theodore Clark (JD3B)/JD3BGREER-000122-JD3BGREER-000126.pdf,Doe et al. v. Liberty Healthcare et al/03b_Theodore Clark (JD3B),.pdf,5,pdf_parsed,6166.2,3/18/26,3/18/26,2.16905E+12,No
JD3BGREER-000127-JD3BGREER-000132.pdf,Doe et al. v. Liberty Healthcare et al/03b_Theodore Clark (JD3B)/JD3BGREER-000127-JD3BGREER-000132.pdf,Doe et al. v. Liberty Healthcare et al/03b_Theodore Clark (JD3B),.pdf,6,pdf_parsed,6262,3/18/26,3/18/26,2.16905E+12,No
JD5BGREER-000001.pdf,Doe et al. v. Liberty Healthcare et al/05b_Noah Zoellner (JD5B)/JD5BGREER-000001.pdf,Doe et al. v. Liberty Healthcare et al/05b_Noah Zoellner (JD5B),.pdf,1,pdf_parsed,45.8,3/18/26,3/18/26,2.16907E+12,No
JD5BGREER-000002.pdf,Doe et al. v. Liberty Healthcare et al/05b_Noah Zoellner (JD5B)/JD5BGREER-000002.pdf,Doe et al. v. Liberty Healthcare et al/05b_Noah Zoellner (JD5B),.pdf,1,pdf_parsed,296.9,3/18/26,3/18/26,2.16907E+12,No
JD5BGREER-000003.pdf,Doe et al. v. Liberty Healthcare et al/05b_Noah Zoellner (JD5B)/JD5BGREER-000003.pdf,Doe et al. v. Liberty Healthcare et al/05b_Noah Zoellner (JD5B),.pdf,1,pdf_parsed,46.9,3/18/26,3/18/26,2.16906E+12,No
JD5BGREER-000004.pdf,Doe et al. v. Liberty Healthcare et al/05b_Noah Zoellner (JD5B)/JD5BGREER-000004.pdf,Doe et al. v. Liberty Healthcare et al/05b_Noah Zoellner (JD5B),.pdf,2,pdf_parsed,64.1,3/18/26,3/18/26,2.16906E+12,No
JD5BGREER-000005.pdf,Doe et al. v. Liberty Healthcare et al/05b_Noah Zoellner (JD5B)/JD5BGREER-000005.pdf,Doe et al. v. Liberty Healthcare et al/05b_Noah Zoellner (JD5B),.pdf,1,pdf_parsed,1018.3,3/18/26,3/18/26,2.16907E+12,No
JD5BGREER-000006.pdf,Doe et al. v. Liberty Healthcare et al/05b_Noah Zoellner (JD5B)/JD5BGREER-000006.pdf,Doe et al. v. Liberty Healthcare et al/05b_Noah Zoellner (JD5B),.pdf,1,pdf_parsed,728.2,3/18/26,3/18/26,2.16906E+12,No
JD6BGREER-000001.PDF,Doe et al. v. Liberty Healthcare et al/06b_Nathan Stinnett (John Doe 6B)/JD6BGREER-000001.PDF,Doe et al. v. Liberty Healthcare et al/06b_Nathan Stinnett (John Doe 6B),.pdf,1,pdf_parsed,1121.8,3/18/26,3/18/26,2.16909E+12,No
JD7BGREER-000003.pdf,Doe et al. v. Liberty Healthcare et al/07b_Richard Peters (John Doe 7B)/JD7BGREER-000003.pdf,Doe et al. v. Liberty Healthcare et al/07b_Richard Peters (John Doe 7B),.pdf,1,pdf_parsed,78.9,3/18/26,3/18/26,2.16907E+12,No
JD7BGREER-000004.pdf,Doe et al. v. Liberty Healthcare et al/07b_Richard Peters (John Doe 7B)/JD7BGREER-000004.pdf,Doe et al. v. Liberty Healthcare et al/07b_Richard Peters (John Doe 7B),.pdf,2,pdf_parsed,244.2,3/18/26,3/18/26,2.16906E+12,No
JD7BGREER-000006.pdf,Doe et al. v. Liberty Healthcare et al/07b_Richard Peters (John Doe 7B)/JD7BGREER-000006.pdf,Doe et al. v. Liberty Healthcare et al/07b_Richard Peters (John Doe 7B),.pdf,2,pdf_parsed,78.6,3/18/26,3/18/26,2.16906E+12,No
JD7BGREER-000008.pdf,Doe et al. v. Liberty Healthcare et al/07b_Richard Peters (John Doe 7B)/JD7BGREER-000008.pdf,Doe et al. v. Liberty Healthcare et al/07b_Richard Peters (John Doe 7B),.pdf,1,pdf_parsed,195.7,3/18/26,3/18/26,2.16906E+12,No
JD7BGREER-000009.pdf,Doe et al. v. Liberty Healthcare et al/07b_Richard Peters (John Doe 7B)/JD7BGREER-000009.pdf,Doe et al. v. Liberty Healthcare et al/07b_Richard Peters (John Doe 7B),.pdf,2,pdf_parsed,269.6,3/18/26,3/18/26,2.16907E+12,No
JD7BGREER-000011.pdf,Doe et al. v. Liberty Healthcare et al/07b_Richard Peters (John Doe 7B)/JD7BGREER-000011.pdf,Doe et al. v. Liberty Healthcare et al/07b_Richard Peters (John Doe 7B),.pdf,3,pdf_parsed,220.4,3/18/26,3/18/26,2.16907E+12,No
JD8BGREER-000001.pdf,Doe et al. v. Liberty Healthcare et al/08b_Gage Luke (John Doe 8B)/JD8BGREER-000001.pdf,Doe et al. v. Liberty Healthcare et al/08b_Gage Luke (John Doe 8B),.pdf,1,pdf_parsed,205.3,3/18/26,3/18/26,2.16906E+12,No
JD8BGREER-000002.pdf,Doe et al. v. Liberty Healthcare et al/08b_Gage Luke (John Doe 8B)/JD8BGREER-000002.pdf,Doe et al. v. Liberty Healthcare et al/08b_Gage Luke (John Doe 8B),.pdf,2,pdf_parsed,167.9,3/18/26,3/18/26,2.16905E+12,No
JD9BGREER-000001.pdf,Doe et al. v. Liberty Healthcare et al/09b_Robert Alba (John Doe 9B)/JD9BGREER-000001.pdf,Doe et al. v. Liberty Healthcare et al/09b_Robert Alba (John Doe 9B),.pdf,2,pdf_parsed,205.5,3/18/26,3/18/26,2.16905E+12,No
JD9BGREER-000003.pdf,Doe et al. v. Liberty Healthcare et al/09b_Robert Alba (John Doe 9B)/JD9BGREER-000003.pdf,Doe et al. v. Liberty Healthcare et al/09b_Robert Alba (John Doe 9B),.pdf,4,pdf_parsed,415.9,3/18/26,3/18/26,2.16905E+12,No
JD9BGREER-000007.PDF,Doe et al. v. Liberty Healthcare et al/09b_Robert Alba (John Doe 9B)/JD9BGREER-000007.PDF,Doe et al. v. Liberty Healthcare et al/09b_Robert Alba (John Doe 9B),.pdf,451,pdf_parsed,251529.7,3/18/26,3/18/26,2.16905E+12,No
LOC 1-12 MANUAL TABLE OF CONTENTS.pdf,Doe et al. v. Liberty Healthcare et al/00_All Cases/LOC Docs/LOC 1-12 MANUAL TABLE OF CONTENTS.pdf,Doe et al. v. Liberty Healthcare et al/00_All Cases/LOC Docs,.pdf,12,pdf_parsed,280,3/18/26,3/18/26,2.16907E+12,No
LOC 13-86 Volume I-Facility Services Manual.pdf,Doe et al. v. Liberty Healthcare et al/00_All Cases/LOC Docs/LOC 13-86 Volume I-Facility Services Manual.pdf,Doe et al. v. Liberty Healthcare et al/00_All Cases/LOC Docs,.pdf,74,pdf_parsed,1583.1,3/18/26,3/18/26,2.16907E+12,No
LOC 14882-16668 C. Richardson Vol. 5_Redacted.pdf,Doe et al. v. Liberty Healthcare et al/01_Cody Richardson (JD1)/LOC 14882-16668 C. Richardson Vol. 5_Redacted.pdf,Doe et al. v. Liberty Healthcare et al/01_Cody Richardson (JD1),.pdf,1787,pdf_parsed,146788.6,3/18/26,3/18/26,2.16909E+12,No
LOC 188-221 Volume III-Facility Services Manual.pdf,Doe et al. v. Liberty Healthcare et al/00_All Cases/LOC Docs/LOC 188-221 Volume III-Facility Services Manual.pdf,Doe et al. v. Liberty Healthcare et al/00_All Cases/LOC Docs,.pdf,34,pdf_parsed,1133.6,3/18/26,3/18/26,2.16907E+12,No
LOC 19147-19220 Education.pdf,Doe et al. v. Liberty Healthcare et al/00_All Cases/LOC Docs/LOC 19147-19220 Education.pdf,Doe et al. v. Liberty Healthcare et al/00_All Cases/LOC Docs,.pdf,74,pdf_parsed,2165.7,3/18/26,3/18/26,2.16907E+12,No
LOC 19314-20093 DHS-DDSD Annual Reviews 2000-2018.pdf,Doe et al. v. Liberty Healthcare et al/00_All Cases/LOC Docs/LOC 19314-20093 DHS-DDSD Annual Reviews 2000-2018.pdf,Doe et al. v. Liberty Healthcare et al/00_All Cases/LOC Docs,.pdf,390,pdf_parsed,57837.5,3/18/26,3/18/26,2.16907E+12,No
LOC 20094-20095 OIG Compliance Review.pdf,Doe et al. v. Liberty Healthcare et al/00_All Cases/LOC Docs/LOC 20094-20095 OIG Compliance Review.pdf,Doe et al. v. Liberty Healthcare et al/00_All Cases/LOC Docs,.pdf,2,pdf_parsed,630.2,3/18/26,3/18/26,2.16907E+12,No
LOC 20098-20108 NADD.pdf,Doe et al. v. Liberty Healthcare et al/00_All Cases/LOC Docs/LOC 20098-20108 NADD.pdf,Doe et al. v. Liberty Healthcare et al/00_All Cases/LOC Docs,.pdf,11,pdf_parsed,1094.7,3/18/26,3/18/26,2.16907E+12,No
LOC 20115-20999 Education sign-in sheets.pdf,Doe et al. v. Liberty Healthcare et al/00_All Cases/LOC Docs/LOC 20115-20999 Education sign-in sheets.pdf,Doe et al. v. Liberty Healthcare et al/00_All Cases/LOC Docs,.pdf,885,pdf_parsed,141794.1,3/18/26,3/18/26,2.16907E+12,No
LOC 21000-21087 In-Person Education Materials.pdf,Doe et al. v. Liberty Healthcare et al/00_All Cases/LOC Docs/LOC 21000-21087 In-Person Education Materials.pdf,Doe et al. v. Liberty Healthcare et al/00_All Cases/LOC Docs,.pdf,88,pdf_parsed,2708,3/18/26,3/18/26,2.16907E+12,No
LOC 21088-21203 CIRs_Redacted.pdf,Doe et al. v. Liberty Healthcare et al/00_All Cases/LOC Docs/LOC 21088-21203 CIRs_Redacted.pdf,Doe et al. v. Liberty Healthcare et al/00_All Cases/LOC Docs,.pdf,116,pdf_parsed,91324.7,3/18/26,3/18/26,2.16908E+12,No
LOC 222-313 Volume IV-Facility Services Manual.pdf,Doe et al. v. Liberty Healthcare et al/00_All Cases/LOC Docs/LOC 222-313 Volume IV-Facility Services Manual.pdf,Doe et al. v. Liberty Healthcare et al/00_All Cases/LOC Docs,.pdf,92,pdf_parsed,1965.9,3/18/26,3/18/26,2.16907E+12,No
LOC 2446-4051 C. Richardson Vol. 2_Redacted.pdf,Doe et al. v. Liberty Healthcare et al/01_Cody Richardson (JD1)/LOC 2446-4051 C. Richardson Vol. 2_Redacted.pdf,Doe et al. v. Liberty Healthcare et al/01_Cody Richardson (JD1),.pdf,1606,pdf_parsed,353351,3/18/26,3/18/26,2.16909E+12,No
LOC 314-350 Volume V-Facility Services Manual.pdf,Doe et al. v. Liberty Healthcare et al/00_All Cases/LOC Docs/LOC 314-350 Volume V-Facility Services Manual.pdf,Doe et al. v. Liberty Healthcare et al/00_All Cases/LOC Docs,.pdf,37,pdf_parsed,926.5,3/18/26,3/18/26,2.16907E+12,No
LOC 351-498 Volume VI-Facility Services Manual.pdf,Doe et al. v. Liberty Healthcare et al/00_All Cases/LOC Docs/LOC 351-498 Volume VI-Facility Services Manual.pdf,Doe et al. v. Liberty Healthcare et al/00_All Cases/LOC Docs,.pdf,148,pdf_parsed,5153.7,3/18/26,3/18/26,2.16907E+12,No
LOC 4052-8585 C. Richardson Vol. 3_Redacted.pdf,Doe et al. v. Liberty Healthcare et al/01_Cody Richardson (JD1)/LOC 4052-8585 C. Richardson Vol. 3_Redacted.pdf,Doe et al. v. Liberty Healthcare et al/01_Cody Richardson (JD1),.pdf,4534,pdf_parsed,944584.2,3/18/26,3/18/26,2.1691E+12,No
LOC 499-520 Volume VII-Facility Services Manual.pdf,Doe et al. v. Liberty Healthcare et al/00_All Cases/LOC Docs/LOC 499-520 Volume VII-Facility Services Manual.pdf,Doe et al. v. Liberty Healthcare et al/00_All Cases/LOC Docs,.pdf,22,pdf_parsed,595.7,3/18/26,3/18/26,2.16907E+12,No
LOC 521-562 Volume VIII-Facility Services Manual.pdf,Doe et al. v. Liberty Healthcare et al/00_All Cases/LOC Docs/LOC 521-562 Volume VIII-Facility Services Manual.pdf,Doe et al. v. Liberty Healthcare et al/00_All Cases/LOC Docs,.pdf,42,pdf_parsed,1032.3,3/18/26,3/18/26,2.16907E+12,No
LOC 563-606 Volume IX-Facility Services Manual.pdf,Doe et al. v. Liberty Healthcare et al/00_All Cases/LOC Docs/LOC 563-606 Volume IX-Facility Services Manual.pdf,Doe et al. v. Liberty Healthcare et al/00_All Cases/LOC Docs,.pdf,44,pdf_parsed,2010.5,3/18/26,3/18/26,2.16907E+12,No
LOC 607-751 Volume X-Facility Services Manual.pdf,Doe et al. v. Liberty Healthcare et al/00_All Cases/LOC Docs/LOC 607-751 Volume X-Facility Services Manual.pdf,Doe et al. v. Liberty Healthcare et al/00_All Cases/LOC Docs,.pdf,145,pdf_parsed,5123.5,3/18/26,3/18/26,2.16907E+12,No
LOC 752-811 Volume XI-Facility Services Manual.pdf,Doe et al. v. Liberty Healthcare et al/00_All Cases/LOC Docs/LOC 752-811 Volume XI-Facility Services Manual.pdf,Doe et al. v. Liberty Healthcare et al/00_All Cases/LOC Docs,.pdf,60,pdf_parsed,1715.4,3/18/26,3/18/26,2.16907E+12,No
LOC 812-843 Volume XII-Facility Services Manual.pdf,Doe et al. v. Liberty Healthcare et al/00_All Cases/LOC Docs/LOC 812-843 Volume XII-Facility Services Manual.pdf,Doe et al. v. Liberty Healthcare et al/00_All Cases/LOC Docs,.pdf,32,pdf_parsed,1610.7,3/18/26,3/18/26,2.16907E+12,No
LOC 844-2445 C. Richardson Vol. 1_Redacted.pdf,Doe et al. v. Liberty Healthcare et al/01_Cody Richardson (JD1)/LOC 844-2445 C. Richardson Vol. 1_Redacted.pdf,Doe et al. v. Liberty Healthcare et al/01_Cody Richardson (JD1),.pdf,1602,pdf_parsed,313877.2,3/18/26,3/18/26,2.16909E+12,No
LOC 8586-14881 C. Richardson Vol. 4_Redacted.pdf,Doe et al. v. Liberty Healthcare et al/01_Cody Richardson (JD1)/LOC 8586-14881 C. Richardson Vol. 4_Redacted.pdf,Doe et al. v. Liberty Healthcare et al/01_Cody Richardson (JD1),.pdf,6296,pdf_parsed,1103543.9,3/18/26,3/18/26,2.1691E+12,No
LOC 87-187 Volume II-Facility Services Manual.pdf,Doe et al. v. Liberty Healthcare et al/00_All Cases/LOC Docs/LOC 87-187 Volume II-Facility Services Manual.pdf,Doe et al. v. Liberty Healthcare et al/00_All Cases/LOC Docs,.pdf,101,pdf_parsed,3716.2,3/18/26,3/18/26,2.16907E+12,No
LOC_025634.pdf,Doe et al. v. Liberty Healthcare et al/00_All Cases/External Surveys and Reports/CARF/LOC_025634.pdf,Doe et al. v. Liberty Healthcare et al/00_All Cases/External Surveys and Reports/CARF,.pdf,24,pdf_parsed,3842.1,3/18/26,3/18/26,2.16909E+12,No
LOC_025658.pdf,Doe et al. v. Liberty Healthcare et al/00_All Cases/External Surveys and Reports/CARF/LOC_025658.pdf,Doe et al. v. Liberty Healthcare et al/00_All Cases/External Surveys and Reports/CARF,.pdf,19,pdf_parsed,218.5,3/18/26,3/18/26,2.1691E+12,No
LOC_025677.pdf,Doe et al. v. Liberty Healthcare et al/00_All Cases/External Surveys and Reports/CARF/LOC_025677.pdf,Doe et al. v. Liberty Healthcare et al/00_All Cases/External Surveys and Reports/CARF,.pdf,2,pdf_parsed,84.9,3/18/26,3/18/26,2.1691E+12,No
LOC_025679.pdf,Doe et al. v. Liberty Healthcare et al/00_All Cases/External Surveys and Reports/CARF/LOC_025679.pdf,Doe et al. v. Liberty Healthcare et al/00_All Cases/External Surveys and Reports/CARF,.pdf,19,pdf_parsed,176.7,3/18/26,3/18/26,2.1691E+12,No
LOC_025698.pdf,Doe et al. v. Liberty Healthcare et al/00_All Cases/External Surveys and Reports/CARF/LOC_025698.pdf,Doe et al. v. Liberty Healthcare et al/00_All Cases/External Surveys and Reports/CARF,.pdf,2,pdf_parsed,35.7,3/18/26,3/18/26,2.1691E+12,No
LOC_025700.pdf,Doe et al. v. Liberty Healthcare et al/00_All Cases/External Surveys and Reports/CARF/LOC_025700.pdf,Doe et al. v. Liberty Healthcare et al/00_All Cases/External Surveys and Reports/CARF,.pdf,2,pdf_parsed,77.2,3/18/26,3/18/26,2.1691E+12,No
LOC_025702.pdf,Doe et al. v. Liberty Healthcare et al/00_All Cases/External Surveys and Reports/CARF/LOC_025702.pdf,Doe et al. v. Liberty Healthcare et al/00_All Cases/External Surveys and Reports/CARF,.pdf,2,pdf_parsed,153.2,3/18/26,3/18/26,2.1691E+12,No
LOC_025704.pdf,Doe et al. v. Liberty Healthcare et al/00_All Cases/External Surveys and Reports/CARF/LOC_025704.pdf,Doe et al. v. Liberty Healthcare et al/00_All Cases/External Surveys and Reports/CARF,.pdf,20,pdf_parsed,230.7,3/18/26,3/18/26,2.1691E+12,No
LOC_025724.pdf,Doe et al. v. Liberty Healthcare et al/00_All Cases/External Surveys and Reports/CARF/LOC_025724.pdf,Doe et al. v. Liberty Healthcare et al/00_All Cases/External Surveys and Reports/CARF,.pdf,20,pdf_parsed,259.2,3/18/26,3/18/26,2.1691E+12,No
LOC_025744.pdf,Doe et al. v. Liberty Healthcare et al/00_All Cases/External Surveys and Reports/CARF/LOC_025744.pdf,Doe et al. v. Liberty Healthcare et al/00_All Cases/External Surveys and Reports/CARF,.pdf,2,pdf_parsed,105.6,3/18/26,3/18/26,2.1691E+12,No
LOC_025746.pdf,Doe et al. v. Liberty Healthcare et al/00_All Cases/External Surveys and Reports/CARF/LOC_025746.pdf,Doe et al. v. Liberty Healthcare et al/00_All Cases/External Surveys and Reports/CARF,.pdf,22,pdf_parsed,332.2,3/18/26,3/18/26,2.1691E+12,No
LOC_025768.pdf,Doe et al. v. Liberty Healthcare et al/00_All Cases/External Surveys and Reports/CARF/LOC_025768.pdf,Doe et al. v. Liberty Healthcare et al/00_All Cases/External Surveys and Reports/CARF,.pdf,2,pdf_parsed,87.9,3/18/26,3/18/26,2.1691E+12,No
LOC_025770.pdf,Doe et al. v. Liberty Healthcare et al/00_All Cases/External Surveys and Reports/CARF/LOC_025770.pdf,Doe et al. v. Liberty Healthcare et al/00_All Cases/External Surveys and Reports/CARF,.pdf,19,pdf_parsed,380,3/18/26,3/18/26,2.1691E+12,No
LOC_025789.pdf,Doe et al. v. Liberty Healthcare et al/00_All Cases/External Surveys and Reports/CARF/LOC_025789.pdf,Doe et al. v. Liberty Healthcare et al/00_All Cases/External Surveys and Reports/CARF,.pdf,1,pdf_parsed,73,3/18/26,3/18/26,2.1691E+12,No
LOC_025790.pdf,Doe et al. v. Liberty Healthcare et al/00_All Cases/External Surveys and Reports/CARF/LOC_025790.pdf,Doe et al. v. Liberty Healthcare et al/00_All Cases/External Surveys and Reports/CARF,.pdf,2,pdf_parsed,174.3,3/18/26,3/18/26,2.16912E+12,No
LOC_025792.pdf,Doe et al. v. Liberty Healthcare et al/00_All Cases/External Surveys and Reports/CARF/LOC_025792.pdf,Doe et al. v. Liberty Healthcare et al/00_All Cases/External Surveys and Reports/CARF,.pdf,1,pdf_parsed,73,3/18/26,3/18/26,2.1691E+12,No
LOC_025793.pdf,Doe et al. v. Liberty Healthcare et al/00_All Cases/External Surveys and Reports/CARF/LOC_025793.pdf,Doe et al. v. Liberty Healthcare et al/00_All Cases/External Surveys and Reports/CARF,.pdf,125,pdf_parsed,1829.6,3/18/26,3/18/26,2.1691E+12,No
LOC_025918.pdf,Doe et al. v. Liberty Healthcare et al/00_All Cases/External Surveys and Reports/CARF/LOC_025918.pdf,Doe et al. v. Liberty Healthcare et al/00_All Cases/External Surveys and Reports/CARF,.pdf,1,pdf_parsed,118.2,3/18/26,3/18/26,2.1691E+12,No
LOC_025919.pdf,Doe et al. v. Liberty Healthcare et al/00_All Cases/External Surveys and Reports/CARF/LOC_025919.pdf,Doe et al. v. Liberty Healthcare et al/00_All Cases/External Surveys and Reports/CARF,.pdf,1,pdf_parsed,126.8,3/18/26,3/18/26,2.16909E+12,No
LOC_025920.pdf,Doe et al. v. Liberty Healthcare et al/00_All Cases/External Surveys and Reports/CARF/LOC_025920.pdf,Doe et al. v. Liberty Healthcare et al/00_All Cases/External Surveys and Reports/CARF,.pdf,125,pdf_parsed,1829.6,3/18/26,3/18/26,2.16912E+12,No
LOC_026045.pdf,Doe et al. v. Liberty Healthcare et al/00_All Cases/External Surveys and Reports/CARF/LOC_026045.pdf,Doe et al. v. Liberty Healthcare et al/00_All Cases/External Surveys and Reports/CARF,.pdf,2,pdf_parsed,184.1,3/18/26,3/18/26,2.1691E+12,No
LOC_026047.pdf,Doe et al. v. Liberty Healthcare et al/00_All Cases/External Surveys and Reports/CARF/LOC_026047.pdf,Doe et al. v. Liberty Healthcare et al/00_All Cases/External Surveys and Reports/CARF,.pdf,1,pdf_parsed,126.8,3/18/26,3/18/26,2.16909E+12,No
LOC_026048.pdf,Doe et al. v. Liberty Healthcare et al/00_All Cases/External Surveys and Reports/CARF/LOC_026048.pdf,Doe et al. v. Liberty Healthcare et al/00_All Cases/External Surveys and Reports/CARF,.pdf,1,pdf_parsed,118.2,3/18/26,3/18/26,2.1691E+12,No
LOC_026049.pdf,Doe et al. v. Liberty Healthcare et al/00_All Cases/External Surveys and Reports/CARF/LOC_026049.pdf,Doe et al. v. Liberty Healthcare et al/00_All Cases/External Surveys and Reports/CARF,.pdf,4,pdf_parsed,217.8,3/18/26,3/18/26,2.16909E+12,No
LOC_026053.pdf,Doe et al. v. Liberty Healthcare et al/00_All Cases/External Surveys and Reports/CARF/LOC_026053.pdf,Doe et al. v. Liberty Healthcare et al/00_All Cases/External Surveys and Reports/CARF,.pdf,2,pdf_parsed,264.3,3/18/26,3/18/26,2.16912E+12,No
LOC_026055.pdf,Doe et al. v. Liberty Healthcare et al/00_All Cases/External Surveys and Reports/CARF/LOC_026055.pdf,Doe et al. v. Liberty Healthcare et al/00_All Cases/External Surveys and Reports/CARF,.pdf,1,pdf_parsed,136.4,3/18/26,3/18/26,2.1691E+12,No
LOC_026056.pdf,Doe et al. v. Liberty Healthcare et al/00_All Cases/External Surveys and Reports/CARF/LOC_026056.pdf,Doe et al. v. Liberty Healthcare et al/00_All Cases/External Surveys and Reports/CARF,.pdf,3,pdf_parsed,159.1,3/18/26,3/18/26,2.1691E+12,No
LOC_026059.pdf,Doe et al. v. Liberty Healthcare et al/00_All Cases/External Surveys and Reports/CARF/LOC_026059.pdf,Doe et al. v. Liberty Healthcare et al/00_All Cases/External Surveys and Reports/CARF,.pdf,4,pdf_parsed,217.8,3/18/26,3/18/26,2.16909E+12,No
LOC_026063.pdf,Doe et al. v. Liberty Healthcare et al/00_All Cases/External Surveys and Reports/CARF/LOC_026063.pdf,Doe et al. v. Liberty Healthcare et al/00_All Cases/External Surveys and Reports/CARF,.pdf,2,pdf_parsed,264.3,3/18/26,3/18/26,2.1691E+12,No
LOC_026065.pdf,Doe et al. v. Liberty Healthcare et al/00_All Cases/External Surveys and Reports/CARF/LOC_026065.pdf,Doe et al. v. Liberty Healthcare et al/00_All Cases/External Surveys and Reports/CARF,.pdf,1,pdf_parsed,136.5,3/18/26,3/18/26,2.1691E+12,No
LOC_026066.pdf,Doe et al. v. Liberty Healthcare et al/00_All Cases/External Surveys and Reports/CARF/LOC_026066.pdf,Doe et al. v. Liberty Healthcare et al/00_All Cases/External Surveys and Reports/CARF,.pdf,3,pdf_parsed,159.2,3/18/26,3/18/26,2.1691E+12,No
LOC_026069.pdf,Doe et al. v. Liberty Healthcare et al/00_All Cases/External Surveys and Reports/CARF/LOC_026069.pdf,Doe et al. v. Liberty Healthcare et al/00_All Cases/External Surveys and Reports/CARF,.pdf,1,pdf_parsed,334.3,3/18/26,3/18/26,2.1691E+12,No
LOC_026070.pdf,Doe et al. v. Liberty Healthcare et al/00_All Cases/External Surveys and Reports/DHS-DDSD/Annual Reviews/LOC_026070.pdf,Doe et al. v. Liberty Healthcare et al/00_All Cases/External Surveys and Reports/DHS-DDSD/Annual Reviews,.pdf,9,pdf_parsed,605.4,3/18/26,3/18/26,2.1691E+12,No
LOC_026079.pdf,Doe et al. v. Liberty Healthcare et al/00_All Cases/External Surveys and Reports/DHS-DDSD/Annual Reviews/LOC_026079.pdf,Doe et al. v. Liberty Healthcare et al/00_All Cases/External Surveys and Reports/DHS-DDSD/Annual Reviews,.pdf,2,pdf_parsed,62.5,3/18/26,3/18/26,2.1691E+12,No
LOC_026081.pdf,Doe et al. v. Liberty Healthcare et al/00_All Cases/External Surveys and Reports/DHS-DDSD/Annual Reviews/LOC_026081.pdf,Doe et al. v. Liberty Healthcare et al/00_All Cases/External Surveys and Reports/DHS-DDSD/Annual Reviews,.pdf,17,pdf_parsed,946.5,3/18/26,3/18/26,2.1691E+12,No
LOC_026098.pdf,Doe et al. v. Liberty Healthcare et al/00_All Cases/External Surveys and Reports/DHS-DDSD/Annual Reviews/LOC_026098.pdf,Doe et al. v. Liberty Healthcare et al/00_All Cases/External Surveys and Reports/DHS-DDSD/Annual Reviews,.pdf,18,pdf_parsed,1019.5,3/18/26,3/18/26,2.1691E+12,No
LOC_026116.pdf,Doe et al. v. Liberty Healthcare et al/00_All Cases/External Surveys and Reports/DHS-DDSD/Annual Reviews/LOC_026116.pdf,Doe et al. v. Liberty Healthcare et al/00_All Cases/External Surveys and Reports/DHS-DDSD/Annual Reviews,.pdf,9,pdf_parsed,396.4,3/18/26,3/18/26,2.1691E+12,No
LOC_026125.pdf,Doe et al. v. Liberty Healthcare et al/00_All Cases/External Surveys and Reports/DHS-DDSD/Annual Reviews/LOC_026125.pdf,Doe et al. v. Liberty Healthcare et al/00_All Cases/External Surveys and Reports/DHS-DDSD/Annual Reviews,.pdf,41,pdf_parsed,1849.4,3/18/26,3/18/26,2.1691E+12,No
LOC_026166.pdf,Doe et al. v. Liberty Healthcare et al/00_All Cases/External Surveys and Reports/DHS-DDSD/Annual Reviews/LOC_026166.pdf,Doe et al. v. Liberty Healthcare et al/00_All Cases/External Surveys and Reports/DHS-DDSD/Annual Reviews,.pdf,10,pdf_parsed,838.2,3/18/26,3/18/26,2.16911E+12,No
LOC_026176.pdf,Doe et al. v. Liberty Healthcare et al/00_All Cases/External Surveys and Reports/DHS-DDSD/Annual Reviews/LOC_026176.pdf,Doe et al. v. Liberty Healthcare et al/00_All Cases/External Surveys and Reports/DHS-DDSD/Annual Reviews,.pdf,28,pdf_parsed,1509.4,3/18/26,3/18/26,2.1691E+12,No
LOC_026204.pdf,Doe et al. v. Liberty Healthcare et al/00_All Cases/External Surveys and Reports/DHS-DDSD/Annual Reviews/LOC_026204.pdf,Doe et al. v. Liberty Healthcare et al/00_All Cases/External Surveys and Reports/DHS-DDSD/Annual Reviews,.pdf,15,pdf_parsed,647.7,3/18/26,3/18/26,2.1691E+12,No
LOC_026219.pdf,Doe et al. v. Liberty Healthcare et al/00_All Cases/External Surveys and Reports/DHS-DDSD/Annual Reviews/LOC_026219.pdf,Doe et al. v. Liberty Healthcare et al/00_All Cases/External Surveys and Reports/DHS-DDSD/Annual Reviews,.pdf,2,pdf_parsed,109.3,3/18/26,3/18/26,2.1691E+12,No
LOC_026221.pdf,Doe et al. v. Liberty Healthcare et al/00_All Cases/External Surveys and Reports/DHS-DDSD/Annual Reviews/LOC_026221.pdf,Doe et al. v. Liberty Healthcare et al/00_All Cases/External Surveys and Reports/DHS-DDSD/Annual Reviews,.pdf,17,pdf_parsed,1143.7,3/18/26,3/18/26,2.1691E+12,No
LOC_026238.pdf,Doe et al. v. Liberty Healthcare et al/00_All Cases/External Surveys and Reports/DHS-DDSD/Annual Reviews/LOC_026238.pdf,Doe et al. v. Liberty Healthcare et al/00_All Cases/External Surveys and Reports/DHS-DDSD/Annual Reviews,.pdf,4,pdf_parsed,197.4,3/18/26,3/18/26,2.1691E+12,No
LOC_026242.pdf,Doe et al. v. Liberty Healthcare et al/00_All Cases/External Surveys and Reports/DHS-DDSD/Annual Reviews/LOC_026242.pdf,Doe et al. v. Liberty Healthcare et al/00_All Cases/External Surveys and Reports/DHS-DDSD/Annual Reviews,.pdf,11,pdf_parsed,578.8,3/18/26,3/18/26,2.1691E+12,No
LOC_026253.pdf,Doe et al. v. Liberty Healthcare et al/00_All Cases/External Surveys and Reports/DHS-DDSD/Annual Reviews/LOC_026253.pdf,Doe et al. v. Liberty Healthcare et al/00_All Cases/External Surveys and Reports/DHS-DDSD/Annual Reviews,.pdf,2,pdf_parsed,119.5,3/18/26,3/18/26,2.16912E+12,No
LOC_026255.pdf,Doe et al. v. Liberty Healthcare et al/00_All Cases/External Surveys and Reports/DHS-DDSD/Annual Reviews/LOC_026255.pdf,Doe et al. v. Liberty Healthcare et al/00_All Cases/External Surveys and Reports/DHS-DDSD/Annual Reviews,.pdf,17,pdf_parsed,1062.1,3/18/26,3/18/26,2.1691E+12,No
LOC_026272.pdf,Doe et al. v. Liberty Healthcare et al/00_All Cases/External Surveys and Reports/DHS-DDSD/Annual Reviews/LOC_026272.pdf,Doe et al. v. Liberty Healthcare et al/00_All Cases/External Surveys and Reports/DHS-DDSD/Annual Reviews,.pdf,13,pdf_parsed,904.8,3/18/26,3/18/26,2.1691E+12,No
LOC_026285.pdf,Doe et al. v. Liberty Healthcare et al/00_All Cases/External Surveys and Reports/DHS-DDSD/Annual Reviews/LOC_026285.pdf,Doe et al. v. Liberty Healthcare et al/00_All Cases/External Surveys and Reports/DHS-DDSD/Annual Reviews,.pdf,1,pdf_parsed,49.8,3/18/26,3/18/26,2.16912E+12,No
LOC_026286.pdf,Doe et al. v. Liberty Healthcare et al/00_All Cases/External Surveys and Reports/DHS-DDSD/Annual Reviews/LOC_026286.pdf,Doe et al. v. Liberty Healthcare et al/00_All Cases/External Surveys and Reports/DHS-DDSD/Annual Reviews,.pdf,1,pdf_parsed,77.2,3/18/26,3/18/26,2.1691E+12,No
LOC_026287.pdf,Doe et al. v. Liberty Healthcare et al/00_All Cases/External Surveys and Reports/DHS-DDSD/Annual Reviews/LOC_026287.pdf,Doe et al. v. Liberty Healthcare et al/00_All Cases/External Surveys and Reports/DHS-DDSD/Annual Reviews,.pdf,13,pdf_parsed,1661.7,3/18/26,3/18/26,2.1691E+12,No
LOC_026300.pdf,Doe et al. v. Liberty Healthcare et al/00_All Cases/External Surveys and Reports/DHS-DDSD/Annual Reviews/LOC_026300.pdf,Doe et al. v. Liberty Healthcare et al/00_All Cases/External Surveys and Reports/DHS-DDSD/Annual Reviews,.pdf,1,pdf_parsed,106.6,3/18/26,3/18/26,2.16912E+12,No
LOC_026301.pdf,Doe et al. v. Liberty Healthcare et al/00_All Cases/External Surveys and Reports/DHS-DDSD/Annual Reviews/LOC_026301.pdf,Doe et al. v. Liberty Healthcare et al/00_All Cases/External Surveys and Reports/DHS-DDSD/Annual Reviews,.pdf,1,pdf_parsed,48.5,3/18/26,3/18/26,2.1691E+12,No
LOC_026302.pdf,Doe et al. v. Liberty Healthcare et al/00_All Cases/External Surveys and Reports/DHS-DDSD/Annual Reviews/LOC_026302.pdf,Doe et al. v. Liberty Healthcare et al/00_All Cases/External Surveys and Reports/DHS-DDSD/Annual Reviews,.pdf,4,pdf_parsed,100.4,3/18/26,3/18/26,2.1691E+12,No
LOC_026306.pdf,Doe et al. v. Liberty Healthcare et al/00_All Cases/External Surveys and Reports/DHS-DDSD/Annual Reviews/LOC_026306.pdf,Doe et al. v. Liberty Healthcare et al/00_All Cases/External Surveys and Reports/DHS-DDSD/Annual Reviews,.pdf,3,pdf_parsed,175.5,3/18/26,3/18/26,2.1691E+12,No
LOC_026309.pdf,Doe et al. v. Liberty Healthcare et al/00_All Cases/External Surveys and Reports/DHS-DDSD/Annual Reviews/LOC_026309.pdf,Doe et al. v. Liberty Healthcare et al/00_All Cases/External Surveys and Reports/DHS-DDSD/Annual Reviews,.pdf,56,pdf_parsed,6028.3,3/18/26,3/18/26,2.16912E+12,No
LOC_026365.pdf,Doe et al. v. Liberty Healthcare et al/00_All Cases/External Surveys and Reports/DHS-DDSD/Annual Reviews/LOC_026365.pdf,Doe et al. v. Liberty Healthcare et al/00_All Cases/External Surveys and Reports/DHS-DDSD/Annual Reviews,.pdf,20,pdf_parsed,586.9,3/18/26,3/18/26,2.1691E+12,No
LOC_026385.pdf,Doe et al. v. Liberty Healthcare et al/00_All Cases/External Surveys and Reports/DHS-DDSD/Annual Reviews/LOC_026385.pdf,Doe et al. v. Liberty Healthcare et al/00_All Cases/External Surveys and Reports/DHS-DDSD/Annual Reviews,.pdf,6,pdf_parsed,946.3,3/18/26,3/18/26,2.1691E+12,No
LOC_026391.pdf,Doe et al. v. Liberty Healthcare et al/00_All Cases/External Surveys and Reports/DHS-DDSD/Annual Reviews/LOC_026391.pdf,Doe et al. v. Liberty Healthcare et al/00_All Cases/External Surveys and Reports/DHS-DDSD/Annual Reviews,.pdf,3,pdf_parsed,499.4,3/18/26,3/18/26,2.1691E+12,No
LOC_026394.pdf,Doe et al. v. Liberty Healthcare et al/00_All Cases/External Surveys and Reports/DHS-DDSD/Annual Reviews/LOC_026394.pdf,Doe et al. v. Liberty Healthcare et al/00_All Cases/External Surveys and Reports/DHS-DDSD/Annual Reviews,.pdf,14,pdf_parsed,2245.1,3/18/26,3/18/26,2.1691E+12,No
LOC_026408.pdf,Doe et al. v. Liberty Healthcare et al/00_All Cases/External Surveys and Reports/DHS-DDSD/Annual Reviews/LOC_026408.pdf,Doe et al. v. Liberty Healthcare et al/00_All Cases/External Surveys and Reports/DHS-DDSD/Annual Reviews,.pdf,4,pdf_parsed,71.3,3/18/26,3/18/26,2.1691E+12,No
LOC_026412.pdf,Doe et al. v. Liberty Healthcare et al/00_All Cases/External Surveys and Reports/DHS-DDSD/Annual Reviews/LOC_026412.pdf,Doe et al. v. Liberty Healthcare et al/00_All Cases/External Surveys and Reports/DHS-DDSD/Annual Reviews,.pdf,1,pdf_parsed,55.5,3/18/26,3/18/26,2.1691E+12,No
LOC_026413.pdf,Doe et al. v. Liberty Healthcare et al/00_All Cases/External Surveys and Reports/DHS-DDSD/Annual Reviews/LOC_026413.pdf,Doe et al. v. Liberty Healthcare et al/00_All Cases/External Surveys and Reports/DHS-DDSD/Annual Reviews,.pdf,10,pdf_parsed,109.5,3/18/26,3/18/26,2.1691E+12,No
LOC_026423.pdf,Doe et al. v. Liberty Healthcare et al/00_All Cases/External Surveys and Reports/DHS-DDSD/Annual Reviews/LOC_026423.pdf,Doe et al. v. Liberty Healthcare et al/00_All Cases/External Surveys and Reports/DHS-DDSD/Annual Reviews,.pdf,14,pdf_parsed,1059.9,3/18/26,3/18/26,2.1691E+12,No
LOC_026437.pdf,Doe et al. v. Liberty Healthcare et al/00_All Cases/External Surveys and Reports/DHS-DDSD/Annual Reviews/LOC_026437.pdf,Doe et al. v. Liberty Healthcare et al/00_All Cases/External Surveys and Reports/DHS-DDSD/Annual Reviews,.pdf,13,pdf_parsed,10411.9,3/18/26,3/18/26,2.1691E+12,No
LOC_026450.pdf,Doe et al. v. Liberty Healthcare et al/00_All Cases/External Surveys and Reports/DHS-DDSD/Annual Reviews/LOC_026450.pdf,Doe et al. v. Liberty Healthcare et al/00_All Cases/External Surveys and Reports/DHS-DDSD/Annual Reviews,.pdf,13,pdf_parsed,5787.2,3/18/26,3/18/26,2.1691E+12,No
LOC_026463.pdf,Doe et al. v. Liberty Healthcare et al/00_All Cases/External Surveys and Reports/DHS-DDSD/Annual Reviews/LOC_026463.pdf,Doe et al. v. Liberty Healthcare et al/00_All Cases/External Surveys and Reports/DHS-DDSD/Annual Reviews,.pdf,13,pdf_parsed,5608,3/18/26,3/18/26,2.1691E+12,No
LOC_026476.pdf,Doe et al. v. Liberty Healthcare et al/00_All Cases/External Surveys and Reports/DHS-DDSD/Annual Reviews/LOC_026476.pdf,Doe et al. v. Liberty Healthcare et al/00_All Cases/External Surveys and Reports/DHS-DDSD/Annual Reviews,.pdf,14,pdf_parsed,2218.9,3/18/26,3/18/26,2.1691E+12,No
LOC_026490.pdf,Doe et al. v. Liberty Healthcare et al/00_All Cases/External Surveys and Reports/DHS-DDSD/Annual Reviews/LOC_026490.pdf,Doe et al. v. Liberty Healthcare et al/00_All Cases/External Surveys and Reports/DHS-DDSD/Annual Reviews,.pdf,15,pdf_parsed,6572.8,3/18/26,3/18/26,2.1691E+12,No
LOC_026505.pdf,Doe et al. v. Liberty Healthcare et al/00_All Cases/External Surveys and Reports/DHS-DDSD/Annual Reviews/LOC_026505.pdf,Doe et al. v. Liberty Healthcare et al/00_All Cases/External Surveys and Reports/DHS-DDSD/Annual Reviews,.pdf,14,pdf_parsed,5851.8,3/18/26,3/18/26,2.1691E+12,No
LOC_026519.pdf,Doe et al. v. Liberty Healthcare et al/00_All Cases/External Surveys and Reports/DHS-DDSD/Annual Reviews/LOC_026519.pdf,Doe et al. v. Liberty Healthcare et al/00_All Cases/External Surveys and Reports/DHS-DDSD/Annual Reviews,.pdf,21,pdf_parsed,380.7,3/18/26,3/18/26,2.1691E+12,No
LOC_026540.pdf,Doe et al. v. Liberty Healthcare et al/00_All Cases/External Surveys and Reports/DHS-DDSD/Annual Reviews/LOC_026540.pdf,Doe et al. v. Liberty Healthcare et al/00_All Cases/External Surveys and Reports/DHS-DDSD/Annual Reviews,.pdf,16,pdf_parsed,334.8,3/18/26,3/18/26,2.16912E+12,No
LOC_026556.pdf,Doe et al. v. Liberty Healthcare et al/00_All Cases/External Surveys and Reports/DHS-DDSD/OIG Reports/LOC_026556.pdf,Doe et al. v. Liberty Healthcare et al/00_All Cases/External Surveys and Reports/DHS-DDSD/OIG Reports,.pdf,1,pdf_parsed,86.6,3/18/26,3/18/26,2.16911E+12,No
LOC_026557.pdf,Doe et al. v. Liberty Healthcare et al/00_All Cases/External Surveys and Reports/DHS-DDSD/OIG Reports/LOC_026557.pdf,Doe et al. v. Liberty Healthcare et al/00_All Cases/External Surveys and Reports/DHS-DDSD/OIG Reports,.pdf,2,pdf_parsed,554.2,3/18/26,3/18/26,2.1691E+12,No
LOC_026559.pdf,Doe et al. v. Liberty Healthcare et al/00_All Cases/External Surveys and Reports/DHS-DDSD/OIG Reports/LOC_026559.pdf,Doe et al. v. Liberty Healthcare et al/00_All Cases/External Surveys and Reports/DHS-DDSD/OIG Reports,.pdf,3,pdf_parsed,89.4,3/18/26,3/18/26,2.1691E+12,No
LOC_026562.pdf,Doe et al. v. Liberty Healthcare et al/00_All Cases/External Surveys and Reports/DHS-DDSD/LOC_026562.pdf,Doe et al. v. Liberty Healthcare et al/00_All Cases/External Surveys and Reports/DHS-DDSD,.pdf,2,pdf_parsed,81,3/18/26,3/18/26,2.16909E+12,No
LOC_026564.pdf,Doe et al. v. Liberty Healthcare et al/00_All Cases/External Surveys and Reports/LOC_026564.pdf,Doe et al. v. Liberty Healthcare et al/00_All Cases/External Surveys and Reports,.pdf,1,pdf_parsed,714.6,3/18/26,3/18/26,2.16906E+12,No
LOC_026565.pdf,Doe et al. v. Liberty Healthcare et al/00_All Cases/External Surveys and Reports/NADD/LOC_026565.pdf,Doe et al. v. Liberty Healthcare et al/00_All Cases/External Surveys and Reports/NADD,.pdf,9,pdf_parsed,113.3,3/18/26,3/18/26,2.1691E+12,No
LOC_026574.pdf,Doe et al. v. Liberty Healthcare et al/00_All Cases/External Surveys and Reports/NADD/LOC_026574.pdf,Doe et al. v. Liberty Healthcare et al/00_All Cases/External Surveys and Reports/NADD,.pdf,3,pdf_parsed,168.5,3/18/26,3/18/26,2.16909E+12,No
LOC_026577.pdf,Doe et al. v. Liberty Healthcare et al/00_All Cases/External Surveys and Reports/NADD/LOC_026577.pdf,Doe et al. v. Liberty Healthcare et al/00_All Cases/External Surveys and Reports/NADD,.pdf,2,pdf_parsed,36.2,3/18/26,3/18/26,2.16909E+12,No
LOC_026579.pdf,Doe et al. v. Liberty Healthcare et al/00_All Cases/External Surveys and Reports/NADD/LOC_026579.pdf,Doe et al. v. Liberty Healthcare et al/00_All Cases/External Surveys and Reports/NADD,.pdf,10,pdf_parsed,125.4,3/18/26,3/18/26,2.16909E+12,No
LOC_026589.pdf,Doe et al. v. Liberty Healthcare et al/00_All Cases/External Surveys and Reports/NADD/LOC_026589.pdf,Doe et al. v. Liberty Healthcare et al/00_All Cases/External Surveys and Reports/NADD,.pdf,1,pdf_parsed,763,3/18/26,3/18/26,2.16909E+12,No
LOC_026590.pdf,Doe et al. v. Liberty Healthcare et al/00_All Cases/External Surveys and Reports/NADD/LOC_026590.pdf,Doe et al. v. Liberty Healthcare et al/00_All Cases/External Surveys and Reports/NADD,.pdf,2,pdf_parsed,868.6,3/18/26,3/18/26,2.16909E+12,No
LOC_026592.pdf,Doe et al. v. Liberty Healthcare et al/00_All Cases/External Surveys and Reports/NADD/LOC_026592.pdf,Doe et al. v. Liberty Healthcare et al/00_All Cases/External Surveys and Reports/NADD,.pdf,2,pdf_parsed,42.5,3/18/26,3/18/26,2.1691E+12,No
LOC_026594.pdf,Doe et al. v. Liberty Healthcare et al/00_All Cases/External Surveys and Reports/OHS/LOC_026594.pdf,Doe et al. v. Liberty Healthcare et al/00_All Cases/External Surveys and Reports/OHS,.pdf,1,pdf_parsed,99.6,3/18/26,3/18/26,2.16908E+12,No
LOC_026595.pdf,Doe et al. v. Liberty Healthcare et al/00_All Cases/External Surveys and Reports/OHS/Office of Client Advocacy/LOC_026595.pdf,Doe et al. v. Liberty Healthcare et al/00_All Cases/External Surveys and Reports/OHS/Office of Client Advocacy,.pdf,2,pdf_parsed,112.7,3/18/26,3/18/26,2.1691E+12,No
LOC_026597.pdf,Doe et al. v. Liberty Healthcare et al/00_All Cases/External Surveys and Reports/OHS/Office of Client Advocacy/LOC_026597.pdf,Doe et al. v. Liberty Healthcare et al/00_All Cases/External Surveys and Reports/OHS/Office of Client Advocacy,.pdf,2,pdf_parsed,112,3/18/26,3/18/26,2.1691E+12,No
LOC_026599.pdf,Doe et al. v. Liberty Healthcare et al/00_All Cases/External Surveys and Reports/OHS/Office of Client Advocacy/LOC_026599.pdf,Doe et al. v. Liberty Healthcare et al/00_All Cases/External Surveys and Reports/OHS/Office of Client Advocacy,.pdf,2,pdf_parsed,91.7,3/18/26,3/18/26,2.1691E+12,No
LOC_026601.pdf,Doe et al. v. Liberty Healthcare et al/00_All Cases/External Surveys and Reports/OHS/Office of Client Advocacy/LOC_026601.pdf,Doe et al. v. Liberty Healthcare et al/00_All Cases/External Surveys and Reports/OHS/Office of Client Advocacy,.pdf,2,pdf_parsed,88.7,3/18/26,3/18/26,2.16909E+12,No
LOC_026603.pdf,Doe et al. v. Liberty Healthcare et al/00_All Cases/External Surveys and Reports/OHS/Office of Client Advocacy/LOC_026603.pdf,Doe et al. v. Liberty Healthcare et al/00_All Cases/External Surveys and Reports/OHS/Office of Client Advocacy,.pdf,2,pdf_parsed,77.5,3/18/26,3/18/26,2.1691E+12,No
LOC_026605.pdf,Doe et al. v. Liberty Healthcare et al/00_All Cases/External Surveys and Reports/OHS/Office of Client Advocacy/LOC_026605.pdf,Doe et al. v. Liberty Healthcare et al/00_All Cases/External Surveys and Reports/OHS/Office of Client Advocacy,.pdf,2,pdf_parsed,111.5,3/18/26,3/18/26,2.1691E+12,No
LOC_026607.pdf,Doe et al. v. Liberty Healthcare et al/00_All Cases/External Surveys and Reports/OHS/Office of Client Advocacy/LOC_026607.pdf,Doe et al. v. Liberty Healthcare et al/00_All Cases/External Surveys and Reports/OHS/Office of Client Advocacy,.pdf,2,pdf_parsed,111.3,3/18/26,3/18/26,2.16909E+12,No
LOC_026609.pdf,Doe et al. v. Liberty Healthcare et al/00_All Cases/External Surveys and Reports/OHS/Requests/LOC_026609.pdf,Doe et al. v. Liberty Healthcare et al/00_All Cases/External Surveys and Reports/OHS/Requests,.pdf,3,pdf_parsed,194.3,3/18/26,3/18/26,2.1691E+12,No
LOC_026612.pdf,Doe et al. v. Liberty Healthcare et al/00_All Cases/External Surveys and Reports/OHS/Requests/LOC_026612.pdf,Doe et al. v. Liberty Healthcare et al/00_All Cases/External Surveys and Reports/OHS/Requests,.pdf,4,pdf_parsed,203.3,3/18/26,3/18/26,2.1691E+12,No
LOC_026616.pdf,Doe et al. v. Liberty Healthcare et al/00_All Cases/External Surveys and Reports/OHS/Requests/LOC_026616.pdf,Doe et al. v. Liberty Healthcare et al/00_All Cases/External Surveys and Reports/OHS/Requests,.pdf,5,pdf_parsed,219.4,3/18/26,3/18/26,2.16912E+12,No
LOC_026621.pdf,Doe et al. v. Liberty Healthcare et al/00_All Cases/External Surveys and Reports/OHS/Requests/LOC_026621.pdf,Doe et al. v. Liberty Healthcare et al/00_All Cases/External Surveys and Reports/OHS/Requests,.pdf,5,pdf_parsed,251.1,3/18/26,3/18/26,2.16911E+12,No
LOC_026626.pdf,Doe et al. v. Liberty Healthcare et al/00_All Cases/External Surveys and Reports/OHS/LOC_026626.pdf,Doe et al. v. Liberty Healthcare et al/00_All Cases/External Surveys and Reports/OHS,.pdf,1,pdf_parsed,196.3,3/18/26,3/18/26,2.16908E+12,No
LOC_026627.pdf,Doe et al. v. Liberty Healthcare et al/00_All Cases/External Surveys and Reports/OK Dept of Health/LOC_026627.pdf,Doe et al. v. Liberty Healthcare et al/00_All Cases/External Surveys and Reports/OK Dept of Health,.pdf,1,pdf_parsed,1988.6,3/18/26,3/18/26,2.16908E+12,No
LOC_026628.pdf,Doe et al. v. Liberty Healthcare et al/00_All Cases/External Surveys and Reports/OK Dept of Health/LOC_026628.pdf,Doe et al. v. Liberty Healthcare et al/00_All Cases/External Surveys and Reports/OK Dept of Health,.pdf,1,pdf_parsed,1898.7,3/18/26,3/18/26,2.16908E+12,No
LOC_026629.pdf,Doe et al. v. Liberty Healthcare et al/00_All Cases/External Surveys and Reports/OK Dept of Health/LOC_026629.pdf,Doe et al. v. Liberty Healthcare et al/00_All Cases/External Surveys and Reports/OK Dept of Health,.pdf,1,pdf_parsed,304.6,3/18/26,3/18/26,2.16908E+12,No
LOC_026630.pdf,Doe et al. v. Liberty Healthcare et al/00_All Cases/External Surveys and Reports/OK Dept of Health/LOC_026630.pdf,Doe et al. v. Liberty Healthcare et al/00_All Cases/External Surveys and Reports/OK Dept of Health,.pdf,1,pdf_parsed,2456.8,3/18/26,3/18/26,2.16908E+12,No
LOC_026631.pdf,Doe et al. v. Liberty Healthcare et al/00_All Cases/External Surveys and Reports/OK Dept of Health/LOC_026631.pdf,Doe et al. v. Liberty Healthcare et al/00_All Cases/External Surveys and Reports/OK Dept of Health,.pdf,5,pdf_parsed,3369,3/18/26,3/18/26,2.16908E+12,No
LOC_026636.pdf,Doe et al. v. Liberty Healthcare et al/00_All Cases/External Surveys and Reports/OK Dept of Health/LOC_026636.pdf,Doe et al. v. Liberty Healthcare et al/00_All Cases/External Surveys and Reports/OK Dept of Health,.pdf,1,pdf_parsed,2124.3,3/18/26,3/18/26,2.16907E+12,No
LOC_026637.pdf,Doe et al. v. Liberty Healthcare et al/00_All Cases/External Surveys and Reports/OK Dept of Health/LOC_026637.pdf,Doe et al. v. Liberty Healthcare et al/00_All Cases/External Surveys and Reports/OK Dept of Health,.pdf,1,pdf_parsed,53.9,3/18/26,3/18/26,2.16908E+12,No
LOC_026638.pdf,Doe et al. v. Liberty Healthcare et al/00_All Cases/External Surveys and Reports/OK Dept of Health/LOC_026638.pdf,Doe et al. v. Liberty Healthcare et al/00_All Cases/External Surveys and Reports/OK Dept of Health,.pdf,4,pdf_parsed,2444.9,3/18/26,3/18/26,2.16908E+12,No
LOC_026642.pdf,Doe et al. v. Liberty Healthcare et al/00_All Cases/External Surveys and Reports/OK Dept of Health/LOC_026642.pdf,Doe et al. v. Liberty Healthcare et al/00_All Cases/External Surveys and Reports/OK Dept of Health,.pdf,1,pdf_parsed,2196,3/18/26,3/18/26,2.16908E+12,No
LOC_026643.pdf,Doe et al. v. Liberty Healthcare et al/00_All Cases/External Surveys and Reports/OK Dept of Health/LOC_026643.pdf,Doe et al. v. Liberty Healthcare et al/00_All Cases/External Surveys and Reports/OK Dept of Health,.pdf,1,pdf_parsed,115.2,3/18/26,3/18/26,2.16907E+12,No
LOC_026644.pdf,Doe et al. v. Liberty Healthcare et al/00_All Cases/External Surveys and Reports/OK Dept of Health/LOC_026644.pdf,Doe et al. v. Liberty Healthcare et al/00_All Cases/External Surveys and Reports/OK Dept of Health,.pdf,1,pdf_parsed,1726.9,3/18/26,3/18/26,2.16908E+12,No
LOC_026645.pdf,Doe et al. v. Liberty Healthcare et al/00_All Cases/External Surveys and Reports/OK Dept of Health/LOC_026645.pdf,Doe et al. v. Liberty Healthcare et al/00_All Cases/External Surveys and Reports/OK Dept of Health,.pdf,1,pdf_parsed,1687.2,3/18/26,3/18/26,2.16908E+12,No
LOC_026646.pdf,Doe et al. v. Liberty Healthcare et al/00_All Cases/External Surveys and Reports/OK Dept of Health/LOC_026646.pdf,Doe et al. v. Liberty Healthcare et al/00_All Cases/External Surveys and Reports/OK Dept of Health,.pdf,6,pdf_parsed,965.3,3/18/26,3/18/26,2.16907E+12,No
LOC_026652.pdf,Doe et al. v. Liberty Healthcare et al/00_All Cases/External Surveys and Reports/OK Dept of Health/LOC_026652.pdf,Doe et al. v. Liberty Healthcare et al/00_All Cases/External Surveys and Reports/OK Dept of Health,.pdf,1,pdf_parsed,1743.1,3/18/26,3/18/26,2.16908E+12,No
LOC_026653.pdf,Doe et al. v. Liberty Healthcare et al/00_All Cases/External Surveys and Reports/OK Dept of Health/LOC_026653.pdf,Doe et al. v. Liberty Healthcare et al/00_All Cases/External Surveys and Reports/OK Dept of Health,.pdf,1,pdf_parsed,53.3,3/18/26,3/18/26,2.16908E+12,No
LOC_026654.pdf,Doe et al. v. Liberty Healthcare et al/00_All Cases/External Surveys and Reports/OK Dept of Health/LOC_026654.pdf,Doe et al. v. Liberty Healthcare et al/00_All Cases/External Surveys and Reports/OK Dept of Health,.pdf,1,pdf_parsed,1802.4,3/18/26,3/18/26,2.16908E+12,No
LOC_026655.pdf,Doe et al. v. Liberty Healthcare et al/00_All Cases/External Surveys and Reports/OK Dept of Health/LOC_026655.pdf,Doe et al. v. Liberty Healthcare et al/00_All Cases/External Surveys and Reports/OK Dept of Health,.pdf,22,pdf_parsed,771.2,3/18/26,3/18/26,2.16908E+12,No
LOC_026677.pdf,Doe et al. v. Liberty Healthcare et al/00_All Cases/External Surveys and Reports/OK Dept of Health/LOC_026677.pdf,Doe et al. v. Liberty Healthcare et al/00_All Cases/External Surveys and Reports/OK Dept of Health,.pdf,12,pdf_parsed,362.7,3/18/26,3/18/26,2.16908E+12,No
LOC_026689.pdf,Doe et al. v. Liberty Healthcare et al/00_All Cases/External Surveys and Reports/OK Dept of Health/LOC_026689.pdf,Doe et al. v. Liberty Healthcare et al/00_All Cases/External Surveys and Reports/OK Dept of Health,.pdf,14,pdf_parsed,528.2,3/18/26,3/18/26,2.16907E+12,No
LOC_026703.pdf,Doe et al. v. Liberty Healthcare et al/00_All Cases/External Surveys and Reports/OK Dept of Health/LOC_026703.pdf,Doe et al. v. Liberty Healthcare et al/00_All Cases/External Surveys and Reports/OK Dept of Health,.pdf,32,pdf_parsed,1243.4,3/18/26,3/18/26,2.16908E+12,No
LOC_026735.pdf,Doe et al. v. Liberty Healthcare et al/00_All Cases/External Surveys and Reports/OK Dept of Health/LOC_026735.pdf,Doe et al. v. Liberty Healthcare et al/00_All Cases/External Surveys and Reports/OK Dept of Health,.pdf,1,pdf_parsed,478.3,3/18/26,3/18/26,2.16908E+12,No
LOC_026736.pdf,Doe et al. v. Liberty Healthcare et al/00_All Cases/External Surveys and Reports/OK Dept of Health/LOC_026736.pdf,Doe et al. v. Liberty Healthcare et al/00_All Cases/External Surveys and Reports/OK Dept of Health,.pdf,14,pdf_parsed,484.7,3/18/26,3/18/26,2.16908E+12,No
LOC_026750.pdf,Doe et al. v. Liberty Healthcare et al/00_All Cases/External Surveys and Reports/OK Dept of Health/LOC_026750.pdf,Doe et al. v. Liberty Healthcare et al/00_All Cases/External Surveys and Reports/OK Dept of Health,.pdf,21,pdf_parsed,759.8,3/18/26,3/18/26,2.16907E+12,No
LOC_026771.pdf,Doe et al. v. Liberty Healthcare et al/00_All Cases/External Surveys and Reports/OK Dept of Health/LOC_026771.pdf,Doe et al. v. Liberty Healthcare et al/00_All Cases/External Surveys and Reports/OK Dept of Health,.pdf,2,pdf_parsed,305.6,3/18/26,3/18/26,2.16908E+12,No
LOC_026773.pdf,Doe et al. v. Liberty Healthcare et al/00_All Cases/External Surveys and Reports/OK Dept of Health/LOC_026773.pdf,Doe et al. v. Liberty Healthcare et al/00_All Cases/External Surveys and Reports/OK Dept of Health,.pdf,3,pdf_parsed,154,3/18/26,3/18/26,2.16908E+12,No
LOC_026776.pdf,Doe et al. v. Liberty Healthcare et al/00_All Cases/External Surveys and Reports/OK Dept of Health/LOC_026776.pdf,Doe et al. v. Liberty Healthcare et al/00_All Cases/External Surveys and Reports/OK Dept of Health,.pdf,1,pdf_parsed,44.1,3/18/26,3/18/26,2.16907E+12,No
LOC_026777.pdf,Doe et al. v. Liberty Healthcare et al/00_All Cases/External Surveys and Reports/OK Dept of Health/LOC_026777.pdf,Doe et al. v. Liberty Healthcare et al/00_All Cases/External Surveys and Reports/OK Dept of Health,.pdf,1,pdf_parsed,46.8,3/18/26,3/18/26,2.16908E+12,No
LOC_026778.pdf,Doe et al. v. Liberty Healthcare et al/00_All Cases/External Surveys and Reports/OK Dept of Health/LOC_026778.pdf,Doe et al. v. Liberty Healthcare et al/00_All Cases/External Surveys and Reports/OK Dept of Health,.pdf,2,pdf_parsed,963.2,3/18/26,3/18/26,2.16908E+12,No
LOC_026780.pdf,Doe et al. v. Liberty Healthcare et al/00_All Cases/External Surveys and Reports/OK Dept of Health/LOC_026780.pdf,Doe et al. v. Liberty Healthcare et al/00_All Cases/External Surveys and Reports/OK Dept of Health,.pdf,1,pdf_parsed,251,3/18/26,3/18/26,2.16907E+12,No
LOC_026781.pdf,Doe et al. v. Liberty Healthcare et al/00_All Cases/External Surveys and Reports/OK Dept of Health/LOC_026781.pdf,Doe et al. v. Liberty Healthcare et al/00_All Cases/External Surveys and Reports/OK Dept of Health,.pdf,2,pdf_parsed,463.1,3/18/26,3/18/26,2.16908E+12,No
LOC_026783.pdf,Doe et al. v. Liberty Healthcare et al/00_All Cases/External Surveys and Reports/OK Dept of Health/LOC_026783.pdf,Doe et al. v. Liberty Healthcare et al/00_All Cases/External Surveys and Reports/OK Dept of Health,.pdf,2,pdf_parsed,79.8,3/18/26,3/18/26,2.16908E+12,No
LOC_026785.pdf,Doe et al. v. Liberty Healthcare et al/00_All Cases/External Surveys and Reports/OK Dept of Health/LOC_026785.pdf,Doe et al. v. Liberty Healthcare et al/00_All Cases/External Surveys and Reports/OK Dept of Health,.pdf,3,pdf_parsed,145.7,3/18/26,3/18/26,2.16908E+12,No
LOC_026788.pdf,Doe et al. v. Liberty Healthcare et al/00_All Cases/External Surveys and Reports/OK Dept of Health/LOC_026788.pdf,Doe et al. v. Liberty Healthcare et al/00_All Cases/External Surveys and Reports/OK Dept of Health,.pdf,1,pdf_parsed,27.3,3/18/26,3/18/26,2.16907E+12,No
LOC_026789.pdf,Doe et al. v. Liberty Healthcare et al/00_All Cases/External Surveys and Reports/OK Dept of Health/LOC_026789.pdf,Doe et al. v. Liberty Healthcare et al/00_All Cases/External Surveys and Reports/OK Dept of Health,.pdf,2,pdf_parsed,30.8,3/18/26,3/18/26,2.16908E+12,No
LOC_026791.pdf,Doe et al. v. Liberty Healthcare et al/00_All Cases/External Surveys and Reports/OK Dept of Health/LOC_026791.pdf,Doe et al. v. Liberty Healthcare et al/00_All Cases/External Surveys and Reports/OK Dept of Health,.pdf,2,pdf_parsed,959.2,3/18/26,3/18/26,2.16908E+12,No
LOC_026793.pdf,Doe et al. v. Liberty Healthcare et al/00_All Cases/External Surveys and Reports/OK Dept of Health/LOC_026793.pdf,Doe et al. v. Liberty Healthcare et al/00_All Cases/External Surveys and Reports/OK Dept of Health,.pdf,14,pdf_parsed,675.4,3/18/26,3/18/26,2.16908E+12,No
LOC_026807.pdf,Doe et al. v. Liberty Healthcare et al/00_All Cases/External Surveys and Reports/OK Dept of Health/LOC_026807.pdf,Doe et al. v. Liberty Healthcare et al/00_All Cases/External Surveys and Reports/OK Dept of Health,.pdf,2,pdf_parsed,59.9,3/18/26,3/18/26,2.16908E+12,No
LOC_026809.pdf,Doe et al. v. Liberty Healthcare et al/00_All Cases/External Surveys and Reports/OK Dept of Health/LOC_026809.pdf,Doe et al. v. Liberty Healthcare et al/00_All Cases/External Surveys and Reports/OK Dept of Health,.pdf,99,pdf_parsed,1010.8,3/18/26,3/18/26,2.16908E+12,No
LOC_026908.pdf,Doe et al. v. Liberty Healthcare et al/00_All Cases/External Surveys and Reports/OK Dept of Health/LOC_026908.pdf,Doe et al. v. Liberty Healthcare et al/00_All Cases/External Surveys and Reports/OK Dept of Health,.pdf,125,pdf_parsed,1829.3,3/18/26,3/18/26,2.16907E+12,No
LOC_027033.pdf,Doe et al. v. Liberty Healthcare et al/00_All Cases/External Surveys and Reports/OK Dept of Health/LOC_027033.pdf,Doe et al. v. Liberty Healthcare et al/00_All Cases/External Surveys and Reports/OK Dept of Health,.pdf,98,pdf_parsed,512.9,3/18/26,3/18/26,2.16908E+12,No
LOC_027131.pdf,Doe et al. v. Liberty Healthcare et al/00_All Cases/External Surveys and Reports/OK Dept of Health/LOC_027131.pdf,Doe et al. v. Liberty Healthcare et al/00_All Cases/External Surveys and Reports/OK Dept of Health,.pdf,2,pdf_parsed,289.7,3/18/26,3/18/26,2.16907E+12,No
LOC_027133.pdf,Doe et al. v. Liberty Healthcare et al/00_All Cases/External Surveys and Reports/OK Dept of Health/LOC_027133.pdf,Doe et al. v. Liberty Healthcare et al/00_All Cases/External Surveys and Reports/OK Dept of Health,.pdf,4,pdf_parsed,180.8,3/18/26,3/18/26,2.16907E+12,No
LOC_027137.pdf,Doe et al. v. Liberty Healthcare et al/00_All Cases/External Surveys and Reports/OK Dept of Health/LOC_027137.pdf,Doe et al. v. Liberty Healthcare et al/00_All Cases/External Surveys and Reports/OK Dept of Health,.pdf,7,pdf_parsed,224.7,3/18/26,3/18/26,2.16908E+12,No
LOC_027144.pdf,Doe et al. v. Liberty Healthcare et al/00_All Cases/External Surveys and Reports/OK Dept of Health/LOC_027144.pdf,Doe et al. v. Liberty Healthcare et al/00_All Cases/External Surveys and Reports/OK Dept of Health,.pdf,6,pdf_parsed,309.6,3/18/26,3/18/26,2.16908E+12,No
LOC_027150.pdf,Doe et al. v. Liberty Healthcare et al/00_All Cases/External Surveys and Reports/OK Dept of Health/LOC_027150.pdf,Doe et al. v. Liberty Healthcare et al/00_All Cases/External Surveys and Reports/OK Dept of Health,.pdf,1,pdf_parsed,196.1,3/18/26,3/18/26,2.16908E+12,No
LOC_027151.pdf,Doe et al. v. Liberty Healthcare et al/00_All Cases/External Surveys and Reports/OK Dept of Health/LOC_027151.pdf,Doe et al. v. Liberty Healthcare et al/00_All Cases/External Surveys and Reports/OK Dept of Health,.pdf,1,pdf_parsed,118.2,3/18/26,3/18/26,2.16908E+12,No
LOC_027152.pdf,Doe et al. v. Liberty Healthcare et al/00_All Cases/External Surveys and Reports/OK Dept of Health/LOC_027152.pdf,Doe et al. v. Liberty Healthcare et al/00_All Cases/External Surveys and Reports/OK Dept of Health,.pdf,1,pdf_parsed,104.2,3/18/26,3/18/26,2.16907E+12,No
LOC_027153.pdf,Doe et al. v. Liberty Healthcare et al/00_All Cases/External Surveys and Reports/OK Dept of Health/LOC_027153.pdf,Doe et al. v. Liberty Healthcare et al/00_All Cases/External Surveys and Reports/OK Dept of Health,.pdf,1,pdf_parsed,75.6,3/18/26,3/18/26,2.16907E+12,No
LOC_027154.pdf,Doe et al. v. Liberty Healthcare et al/00_All Cases/External Surveys and Reports/OK Dept of Health/LOC_027154.pdf,Doe et al. v. Liberty Healthcare et al/00_All Cases/External Surveys and Reports/OK Dept of Health,.pdf,1,pdf_parsed,47.7,3/18/26,3/18/26,2.16908E+12,No
LOC_027155.pdf,Doe et al. v. Liberty Healthcare et al/00_All Cases/External Surveys and Reports/OK Dept of Health/LOC_027155.pdf,Doe et al. v. Liberty Healthcare et al/00_All Cases/External Surveys and Reports/OK Dept of Health,.pdf,1,pdf_parsed,45.2,3/18/26,3/18/26,2.16907E+12,No
LOC_027156.pdf,Doe et al. v. Liberty Healthcare et al/00_All Cases/External Surveys and Reports/OK Dept of Health/LOC_027156.pdf,Doe et al. v. Liberty Healthcare et al/00_All Cases/External Surveys and Reports/OK Dept of Health,.pdf,1,pdf_parsed,44.2,3/18/26,3/18/26,2.16908E+12,No
LOC_027157.pdf,Doe et al. v. Liberty Healthcare et al/00_All Cases/External Surveys and Reports/OK Dept of Health/LOC_027157.pdf,Doe et al. v. Liberty Healthcare et al/00_All Cases/External Surveys and Reports/OK Dept of Health,.pdf,1,pdf_parsed,46.5,3/18/26,3/18/26,2.16908E+12,No
LOC_027158.pdf,Doe et al. v. Liberty Healthcare et al/00_All Cases/External Surveys and Reports/OK Dept of Health/LOC_027158.pdf,Doe et al. v. Liberty Healthcare et al/00_All Cases/External Surveys and Reports/OK Dept of Health,.pdf,1,pdf_parsed,196.1,3/18/26,3/18/26,2.16908E+12,No
LOC_027159.pdf,Doe et al. v. Liberty Healthcare et al/00_All Cases/External Surveys and Reports/OK Dept of Health/LOC_027159.pdf,Doe et al. v. Liberty Healthcare et al/00_All Cases/External Surveys and Reports/OK Dept of Health,.pdf,1,pdf_parsed,43.8,3/18/26,3/18/26,2.16907E+12,No
LOC_027160.pdf,Doe et al. v. Liberty Healthcare et al/00_All Cases/External Surveys and Reports/OK Dept of Health/LOC_027160.pdf,Doe et al. v. Liberty Healthcare et al/00_All Cases/External Surveys and Reports/OK Dept of Health,.pdf,1,pdf_parsed,46.5,3/18/26,3/18/26,2.16908E+12,No
LOC_027161.pdf,Doe et al. v. Liberty Healthcare et al/00_All Cases/External Surveys and Reports/OK Dept of Health/LOC_027161.pdf,Doe et al. v. Liberty Healthcare et al/00_All Cases/External Surveys and Reports/OK Dept of Health,.pdf,1,pdf_parsed,196.2,3/18/26,3/18/26,2.16907E+12,No
LOC_027162.pdf,Doe et al. v. Liberty Healthcare et al/00_All Cases/External Surveys and Reports/OK Dept of Health/LOC_027162.pdf,Doe et al. v. Liberty Healthcare et al/00_All Cases/External Surveys and Reports/OK Dept of Health,.pdf,2,pdf_parsed,350.7,3/18/26,3/18/26,2.16908E+12,No
LOC_027164.pdf,Doe et al. v. Liberty Healthcare et al/00_All Cases/External Surveys and Reports/OK Dept of Health/LOC_027164.pdf,Doe et al. v. Liberty Healthcare et al/00_All Cases/External Surveys and Reports/OK Dept of Health,.pdf,2,pdf_parsed,150.4,3/18/26,3/18/26,2.16907E+12,No
LOC_027166.pdf,Doe et al. v. Liberty Healthcare et al/00_All Cases/External Surveys and Reports/OK Dept of Health/LOC_027166.pdf,Doe et al. v. Liberty Healthcare et al/00_All Cases/External Surveys and Reports/OK Dept of Health,.pdf,2,pdf_parsed,149.5,3/18/26,3/18/26,2.16908E+12,No
LOC_027168.pdf,Doe et al. v. Liberty Healthcare et al/00_All Cases/External Surveys and Reports/OK Dept of Health/LOC_027168.pdf,Doe et al. v. Liberty Healthcare et al/00_All Cases/External Surveys and Reports/OK Dept of Health,.pdf,1,pdf_parsed,209.6,3/18/26,3/18/26,2.16907E+12,No
LOC_027169.pdf,Doe et al. v. Liberty Healthcare et al/00_All Cases/External Surveys and Reports/OK Dept of Health/LOC_027169.pdf,Doe et al. v. Liberty Healthcare et al/00_All Cases/External Surveys and Reports/OK Dept of Health,.pdf,1,pdf_parsed,405.9,3/18/26,3/18/26,2.16908E+12,No
LOC_027170.pdf,Doe et al. v. Liberty Healthcare et al/00_All Cases/External Surveys and Reports/OK Dept of Health/LOC_027170.pdf,Doe et al. v. Liberty Healthcare et al/00_All Cases/External Surveys and Reports/OK Dept of Health,.pdf,4,pdf_parsed,633.5,3/18/26,3/18/26,2.16907E+12,No
LOC_027174.pdf,Doe et al. v. Liberty Healthcare et al/00_All Cases/External Surveys and Reports/OK Dept of Health/LOC_027174.pdf,Doe et al. v. Liberty Healthcare et al/00_All Cases/External Surveys and Reports/OK Dept of Health,.pdf,3,pdf_parsed,227.2,3/18/26,3/18/26,2.16908E+12,No
LOC_027177.pdf,Doe et al. v. Liberty Healthcare et al/00_All Cases/External Surveys and Reports/OK Dept of Health/LOC_027177.pdf,Doe et al. v. Liberty Healthcare et al/00_All Cases/External Surveys and Reports/OK Dept of Health,.pdf,2,pdf_parsed,290.6,3/18/26,3/18/26,2.16907E+12,No
LOC_027179.pdf,Doe et al. v. Liberty Healthcare et al/00_All Cases/External Surveys and Reports/OK Dept of Health/LOC_027179.pdf,Doe et al. v. Liberty Healthcare et al/00_All Cases/External Surveys and Reports/OK Dept of Health,.pdf,2,pdf_parsed,150.3,3/18/26,3/18/26,2.16907E+12,No
LOC_027181.pdf,Doe et al. v. Liberty Healthcare et al/00_All Cases/External Surveys and Reports/OK Dept of Health/LOC_027181.pdf,Doe et al. v. Liberty Healthcare et al/00_All Cases/External Surveys and Reports/OK Dept of Health,.pdf,2,pdf_parsed,149.4,3/18/26,3/18/26,2.16907E+12,No
LOC_027183.pdf,Doe et al. v. Liberty Healthcare et al/00_All Cases/External Surveys and Reports/OK Dept of Health/LOC_027183.pdf,Doe et al. v. Liberty Healthcare et al/00_All Cases/External Surveys and Reports/OK Dept of Health,.pdf,1,pdf_parsed,209.7,3/18/26,3/18/26,2.16908E+12,No
LOC_027184.pdf,Doe et al. v. Liberty Healthcare et al/00_All Cases/External Surveys and Reports/OK Dept of Health/LOC_027184.pdf,Doe et al. v. Liberty Healthcare et al/00_All Cases/External Surveys and Reports/OK Dept of Health,.pdf,1,pdf_parsed,405.9,3/18/26,3/18/26,2.16908E+12,No
LOC_027185.pdf,Doe et al. v. Liberty Healthcare et al/00_All Cases/External Surveys and Reports/OK Dept of Health/LOC_027185.pdf,Doe et al. v. Liberty Healthcare et al/00_All Cases/External Surveys and Reports/OK Dept of Health,.pdf,4,pdf_parsed,562.4,3/18/26,3/18/26,2.16908E+12,No
LOC_027189.pdf,Doe et al. v. Liberty Healthcare et al/00_All Cases/External Surveys and Reports/OK Dept of Health/LOC_027189.pdf,Doe et al. v. Liberty Healthcare et al/00_All Cases/External Surveys and Reports/OK Dept of Health,.pdf,3,pdf_parsed,227.4,3/18/26,3/18/26,2.16908E+12,No
LOC_027192.pdf,Doe et al. v. Liberty Healthcare et al/00_All Cases/External Surveys and Reports/OK Dept of Health/LOC_027192.pdf,Doe et al. v. Liberty Healthcare et al/00_All Cases/External Surveys and Reports/OK Dept of Health,.pdf,1,pdf_parsed,340.4,3/18/26,3/18/26,2.16908E+12,No
LOC_027193.pdf,Doe et al. v. Liberty Healthcare et al/00_All Cases/External Surveys and Reports/OK Dept of Health/LOC_027193.pdf,Doe et al. v. Liberty Healthcare et al/00_All Cases/External Surveys and Reports/OK Dept of Health,.pdf,14,pdf_parsed,237.7,3/18/26,3/18/26,2.16908E+12,No
LOC_027207.pdf,Doe et al. v. Liberty Healthcare et al/00_All Cases/External Surveys and Reports/OK Dept of Health/LOC_027207.pdf,Doe et al. v. Liberty Healthcare et al/00_All Cases/External Surveys and Reports/OK Dept of Health,.pdf,1,pdf_parsed,128.6,3/18/26,3/18/26,2.16908E+12,No
LOC_027208.pdf,Doe et al. v. Liberty Healthcare et al/00_All Cases/External Surveys and Reports/OK Dept of Health/LOC_027208.pdf,Doe et al. v. Liberty Healthcare et al/00_All Cases/External Surveys and Reports/OK Dept of Health,.pdf,4,pdf_parsed,310.4,3/18/26,3/18/26,2.16907E+12,No
LOC_027212.pdf,Doe et al. v. Liberty Healthcare et al/00_All Cases/External Surveys and Reports/OK Dept of Health/LOC_027212.pdf,Doe et al. v. Liberty Healthcare et al/00_All Cases/External Surveys and Reports/OK Dept of Health,.pdf,1,pdf_parsed,45,3/18/26,3/18/26,2.16908E+12,No
LOC_027213.pdf,Doe et al. v. Liberty Healthcare et al/00_All Cases/External Surveys and Reports/OK Dept of Health/LOC_027213.pdf,Doe et al. v. Liberty Healthcare et al/00_All Cases/External Surveys and Reports/OK Dept of Health,.pdf,1,pdf_parsed,48.1,3/18/26,3/18/26,2.16908E+12,No
LOC_027214.pdf,Doe et al. v. Liberty Healthcare et al/00_All Cases/External Surveys and Reports/OK Dept of Health/LOC_027214.pdf,Doe et al. v. Liberty Healthcare et al/00_All Cases/External Surveys and Reports/OK Dept of Health,.pdf,1,pdf_parsed,96.1,3/18/26,3/18/26,2.16908E+12,No
LOC_027215.pdf,Doe et al. v. Liberty Healthcare et al/00_All Cases/External Surveys and Reports/OK Dept of Health/LOC_027215.pdf,Doe et al. v. Liberty Healthcare et al/00_All Cases/External Surveys and Reports/OK Dept of Health,.pdf,1,pdf_parsed,73.3,3/18/26,3/18/26,2.16908E+12,No
LOC_027216.pdf,Doe et al. v. Liberty Healthcare et al/00_All Cases/External Surveys and Reports/OK Dept of Health/LOC_027216.pdf,Doe et al. v. Liberty Healthcare et al/00_All Cases/External Surveys and Reports/OK Dept of Health,.pdf,1,pdf_parsed,44.7,3/18/26,3/18/26,2.16908E+12,No
LOC_027217.pdf,Doe et al. v. Liberty Healthcare et al/00_All Cases/External Surveys and Reports/OK Dept of Health/LOC_027217.pdf,Doe et al. v. Liberty Healthcare et al/00_All Cases/External Surveys and Reports/OK Dept of Health,.pdf,8,pdf_parsed,70.2,3/18/26,3/18/26,2.16908E+12,No
LOC_027225.pdf,Doe et al. v. Liberty Healthcare et al/00_All Cases/External Surveys and Reports/OK Dept of Health/LOC_027225.pdf,Doe et al. v. Liberty Healthcare et al/00_All Cases/External Surveys and Reports/OK Dept of Health,.pdf,1,pdf_parsed,50.6,3/18/26,3/18/26,2.16908E+12,No
LOC_027226.pdf,Doe et al. v. Liberty Healthcare et al/00_All Cases/External Surveys and Reports/OK Dept of Health/LOC_027226.pdf,Doe et al. v. Liberty Healthcare et al/00_All Cases/External Surveys and Reports/OK Dept of Health,.pdf,3,pdf_parsed,159.1,3/18/26,3/18/26,2.16908E+12,No
LOC_027229.pdf,Doe et al. v. Liberty Healthcare et al/00_All Cases/External Surveys and Reports/OK Dept of Health/LOC_027229.pdf,Doe et al. v. Liberty Healthcare et al/00_All Cases/External Surveys and Reports/OK Dept of Health,.pdf,1,pdf_parsed,191.2,3/18/26,3/18/26,2.16907E+12,No
LOC_027230.pdf,Doe et al. v. Liberty Healthcare et al/00_All Cases/External Surveys and Reports/OK Dept of Health/LOC_027230.pdf,Doe et al. v. Liberty Healthcare et al/00_All Cases/External Surveys and Reports/OK Dept of Health,.pdf,14,pdf_parsed,385.4,3/18/26,3/18/26,2.16908E+12,No
LOC_027244.pdf,Doe et al. v. Liberty Healthcare et al/00_All Cases/External Surveys and Reports/OK Dept of Health/LOC_027244.pdf,Doe et al. v. Liberty Healthcare et al/00_All Cases/External Surveys and Reports/OK Dept of Health,.pdf,1,pdf_parsed,225.9,3/18/26,3/18/26,2.16907E+12,No
LOC_027245.pdf,Doe et al. v. Liberty Healthcare et al/00_All Cases/External Surveys and Reports/OK Dept of Health/LOC_027245.pdf,Doe et al. v. Liberty Healthcare et al/00_All Cases/External Surveys and Reports/OK Dept of Health,.pdf,1,pdf_parsed,225.9,3/18/26,3/18/26,2.16908E+12,No
LOC_027246.pdf,Doe et al. v. Liberty Healthcare et al/00_All Cases/External Surveys and Reports/OK Dept of Health/LOC_027246.pdf,Doe et al. v. Liberty Healthcare et al/00_All Cases/External Surveys and Reports/OK Dept of Health,.pdf,1,pdf_parsed,44.4,3/18/26,3/18/26,2.16907E+12,No
LOC_027247.pdf,Doe et al. v. Liberty Healthcare et al/00_All Cases/External Surveys and Reports/OK Dept of Health/LOC_027247.pdf,Doe et al. v. Liberty Healthcare et al/00_All Cases/External Surveys and Reports/OK Dept of Health,.pdf,1,pdf_parsed,46.9,3/18/26,3/18/26,2.16908E+12,No
LOC_027248.pdf,Doe et al. v. Liberty Healthcare et al/00_All Cases/External Surveys and Reports/OK Dept of Health/LOC_027248.pdf,Doe et al. v. Liberty Healthcare et al/00_All Cases/External Surveys and Reports/OK Dept of Health,.pdf,1,pdf_parsed,50.6,3/18/26,3/18/26,2.16908E+12,No
LOC_027249.pdf,Doe et al. v. Liberty Healthcare et al/00_All Cases/External Surveys and Reports/OK Dept of Health/LOC_027249.pdf,Doe et al. v. Liberty Healthcare et al/00_All Cases/External Surveys and Reports/OK Dept of Health,.pdf,1,pdf_parsed,136.5,3/18/26,3/18/26,2.16908E+12,No
LOC_027250.pdf,Doe et al. v. Liberty Healthcare et al/00_All Cases/External Surveys and Reports/OK Dept of Health/LOC_027250.pdf,Doe et al. v. Liberty Healthcare et al/00_All Cases/External Surveys and Reports/OK Dept of Health,.pdf,2,pdf_parsed,264.3,3/18/26,3/18/26,2.16908E+12,No
LOC_027252.pdf,Doe et al. v. Liberty Healthcare et al/00_All Cases/External Surveys and Reports/OK Dept of Health/LOC_027252.pdf,Doe et al. v. Liberty Healthcare et al/00_All Cases/External Surveys and Reports/OK Dept of Health,.pdf,1,pdf_parsed,163.3,3/18/26,3/18/26,2.16908E+12,No
LOC_027253.pdf,Doe et al. v. Liberty Healthcare et al/00_All Cases/External Surveys and Reports/OK Dept of Health/LOC_027253.pdf,Doe et al. v. Liberty Healthcare et al/00_All Cases/External Surveys and Reports/OK Dept of Health,.pdf,1,pdf_parsed,166,3/18/26,3/18/26,2.16907E+12,No
LOC_027254.pdf,Doe et al. v. Liberty Healthcare et al/00_All Cases/External Surveys and Reports/OK Dept of Health/LOC_027254.pdf,Doe et al. v. Liberty Healthcare et al/00_All Cases/External Surveys and Reports/OK Dept of Health,.pdf,2,pdf_parsed,254.3,3/18/26,3/18/26,2.16908E+12,No
LOC_027256.pdf,Doe et al. v. Liberty Healthcare et al/00_All Cases/External Surveys and Reports/OK Dept of Health/LOC_027256.pdf,Doe et al. v. Liberty Healthcare et al/00_All Cases/External Surveys and Reports/OK Dept of Health,.pdf,2,pdf_parsed,272.6,3/18/26,3/18/26,2.16908E+12,No
LOC_027258.pdf,Doe et al. v. Liberty Healthcare et al/00_All Cases/External Surveys and Reports/OK Dept of Health/LOC_027258.pdf,Doe et al. v. Liberty Healthcare et al/00_All Cases/External Surveys and Reports/OK Dept of Health,.pdf,2,pdf_parsed,263.2,3/18/26,3/18/26,2.16908E+12,No
LOC_027260.pdf,Doe et al. v. Liberty Healthcare et al/00_All Cases/External Surveys and Reports/OK Dept of Health/LOC_027260.pdf,Doe et al. v. Liberty Healthcare et al/00_All Cases/External Surveys and Reports/OK Dept of Health,.pdf,2,pdf_parsed,246.6,3/18/26,3/18/26,2.16908E+12,No
LOC_027262.pdf,Doe et al. v. Liberty Healthcare et al/00_All Cases/External Surveys and Reports/OK Dept of Health/LOC_027262.pdf,Doe et al. v. Liberty Healthcare et al/00_All Cases/External Surveys and Reports/OK Dept of Health,.pdf,5,pdf_parsed,60.1,3/18/26,3/18/26,2.16908E+12,No
LOC_027267.pdf,Doe et al. v. Liberty Healthcare et al/00_All Cases/External Surveys and Reports/OK Dept of Health/LOC_027267.pdf,Doe et al. v. Liberty Healthcare et al/00_All Cases/External Surveys and Reports/OK Dept of Health,.pdf,2,pdf_parsed,51.5,3/18/26,3/18/26,2.16908E+12,No
LOC_027269.pdf,Doe et al. v. Liberty Healthcare et al/00_All Cases/External Surveys and Reports/OK Dept of Health/LOC_027269.pdf,Doe et al. v. Liberty Healthcare et al/00_All Cases/External Surveys and Reports/OK Dept of Health,.pdf,3,pdf_parsed,146.4,3/18/26,3/18/26,2.16908E+12,No
LOC_027272.pdf,Doe et al. v. Liberty Healthcare et al/00_All Cases/External Surveys and Reports/OK Dept of Health/LOC_027272.pdf,Doe et al. v. Liberty Healthcare et al/00_All Cases/External Surveys and Reports/OK Dept of Health,.pdf,1,pdf_parsed,191.9,3/18/26,3/18/26,2.16907E+12,No
LOC_027273.pdf,Doe et al. v. Liberty Healthcare et al/00_All Cases/External Surveys and Reports/OK Dept of Health/LOC_027273.pdf,Doe et al. v. Liberty Healthcare et al/00_All Cases/External Surveys and Reports/OK Dept of Health,.pdf,5,pdf_parsed,86,3/18/26,3/18/26,2.16908E+12,No
LOC_027278.pdf,Doe et al. v. Liberty Healthcare et al/00_All Cases/External Surveys and Reports/OK Dept of Health/LOC_027278.pdf,Doe et al. v. Liberty Healthcare et al/00_All Cases/External Surveys and Reports/OK Dept of Health,.pdf,1,pdf_parsed,73,3/18/26,3/18/26,2.16908E+12,No
LOC_027279.pdf,Doe et al. v. Liberty Healthcare et al/00_All Cases/External Surveys and Reports/OK Dept of Health/LOC_027279.pdf,Doe et al. v. Liberty Healthcare et al/00_All Cases/External Surveys and Reports/OK Dept of Health,.pdf,1,pdf_parsed,73,3/18/26,3/18/26,2.16907E+12,No
LOC_027280.pdf,Doe et al. v. Liberty Healthcare et al/00_All Cases/External Surveys and Reports/OK Dept of Health/LOC_027280.pdf,Doe et al. v. Liberty Healthcare et al/00_All Cases/External Surveys and Reports/OK Dept of Health,.pdf,1,pdf_parsed,73.1,3/18/26,3/18/26,2.16908E+12,No
LOC_027281.pdf,Doe et al. v. Liberty Healthcare et al/00_All Cases/External Surveys and Reports/OK Dept of Health/LOC_027281.pdf,Doe et al. v. Liberty Healthcare et al/00_All Cases/External Surveys and Reports/OK Dept of Health,.pdf,1,pdf_parsed,73,3/18/26,3/18/26,2.16907E+12,No
LOC_027282.pdf,Doe et al. v. Liberty Healthcare et al/00_All Cases/External Surveys and Reports/OK Dept of Health/LOC_027282.pdf,Doe et al. v. Liberty Healthcare et al/00_All Cases/External Surveys and Reports/OK Dept of Health,.pdf,1,pdf_parsed,179.8,3/18/26,3/18/26,2.16907E+12,No
LOC_027283.pdf,Doe et al. v. Liberty Healthcare et al/00_All Cases/External Surveys and Reports/OK Dept of Health/LOC_027283.pdf,Doe et al. v. Liberty Healthcare et al/00_All Cases/External Surveys and Reports/OK Dept of Health,.pdf,1,pdf_parsed,184.6,3/18/26,3/18/26,2.16907E+12,No
LOC_027284.pdf,Doe et al. v. Liberty Healthcare et al/00_All Cases/External Surveys and Reports/OK Dept of Health/LOC_027284.pdf,Doe et al. v. Liberty Healthcare et al/00_All Cases/External Surveys and Reports/OK Dept of Health,.pdf,1,pdf_parsed,186.4,3/18/26,3/18/26,2.16908E+12,No
LOC_027285.pdf,Doe et al. v. Liberty Healthcare et al/00_All Cases/External Surveys and Reports/OK Dept of Health/LOC_027285.pdf,Doe et al. v. Liberty Healthcare et al/00_All Cases/External Surveys and Reports/OK Dept of Health,.pdf,49,pdf_parsed,216.4,3/18/26,3/18/26,2.16908E+12,No
LOC_027334.pdf,Doe et al. v. Liberty Healthcare et al/00_All Cases/External Surveys and Reports/OK Dept of Health/LOC_027334.pdf,Doe et al. v. Liberty Healthcare et al/00_All Cases/External Surveys and Reports/OK Dept of Health,.pdf,6,pdf_parsed,246.4,3/18/26,3/18/26,2.16907E+12,No
LOC_027340.pdf,Doe et al. v. Liberty Healthcare et al/00_All Cases/External Surveys and Reports/OK Dept of Health/LOC_027340.pdf,Doe et al. v. Liberty Healthcare et al/00_All Cases/External Surveys and Reports/OK Dept of Health,.pdf,1,pdf_parsed,120.3,3/18/26,3/18/26,2.16908E+12,No
LOC_027341.pdf,Doe et al. v. Liberty Healthcare et al/00_All Cases/External Surveys and Reports/OK Dept of Health/LOC_027341.pdf,Doe et al. v. Liberty Healthcare et al/00_All Cases/External Surveys and Reports/OK Dept of Health,.pdf,64,pdf_parsed,4551.6,3/18/26,3/18/26,2.16908E+12,No
LOC_027405.pdf,Doe et al. v. Liberty Healthcare et al/00_All Cases/External Surveys and Reports/OK Dept of Health/LOC_027405.pdf,Doe et al. v. Liberty Healthcare et al/00_All Cases/External Surveys and Reports/OK Dept of Health,.pdf,1,pdf_parsed,120.3,3/18/26,3/18/26,2.16907E+12,No
LOC_027406.pdf,Doe et al. v. Liberty Healthcare et al/00_All Cases/External Surveys and Reports/OK Dept of Health/LOC_027406.pdf,Doe et al. v. Liberty Healthcare et al/00_All Cases/External Surveys and Reports/OK Dept of Health,.pdf,3,pdf_parsed,147.7,3/18/26,3/18/26,2.16908E+12,No
LOC_027409.pdf,Doe et al. v. Liberty Healthcare et al/00_All Cases/External Surveys and Reports/OK Dept of Health/LOC_027409.pdf,Doe et al. v. Liberty Healthcare et al/00_All Cases/External Surveys and Reports/OK Dept of Health,.pdf,13,pdf_parsed,224.6,3/18/26,3/18/26,2.16907E+12,No
LOC_027422.pdf,Doe et al. v. Liberty Healthcare et al/00_All Cases/External Surveys and Reports/OK Dept of Health/LOC_027422.pdf,Doe et al. v. Liberty Healthcare et al/00_All Cases/External Surveys and Reports/OK Dept of Health,.pdf,1,pdf_parsed,114,3/18/26,3/18/26,2.16908E+12,No
LOC_027423.pdf,Doe et al. v. Liberty Healthcare et al/00_All Cases/External Surveys and Reports/OK Dept of Health/LOC_027423.pdf,Doe et al. v. Liberty Healthcare et al/00_All Cases/External Surveys and Reports/OK Dept of Health,.pdf,1,pdf_parsed,44.1,3/18/26,3/18/26,2.16908E+12,No
LOC_027424.pdf,Doe et al. v. Liberty Healthcare et al/00_All Cases/External Surveys and Reports/OK Dept of Health/LOC_027424.pdf,Doe et al. v. Liberty Healthcare et al/00_All Cases/External Surveys and Reports/OK Dept of Health,.pdf,1,pdf_parsed,46.5,3/18/26,3/18/26,2.16908E+12,No
LOC_027425.pdf,Doe et al. v. Liberty Healthcare et al/00_All Cases/External Surveys and Reports/OK Dept of Health/LOC_027425.pdf,Doe et al. v. Liberty Healthcare et al/00_All Cases/External Surveys and Reports/OK Dept of Health,.pdf,1,pdf_parsed,74.5,3/18/26,3/18/26,2.16908E+12,No
LOC_027426.pdf,Doe et al. v. Liberty Healthcare et al/00_All Cases/External Surveys and Reports/OK Dept of Health/LOC_027426.pdf,Doe et al. v. Liberty Healthcare et al/00_All Cases/External Surveys and Reports/OK Dept of Health,.pdf,1,pdf_parsed,114.3,3/18/26,3/18/26,2.16908E+12,No
LOC_027427.pdf,Doe et al. v. Liberty Healthcare et al/00_All Cases/External Surveys and Reports/OK Dept of Health/LOC_027427.pdf,Doe et al. v. Liberty Healthcare et al/00_All Cases/External Surveys and Reports/OK Dept of Health,.pdf,1,pdf_parsed,45.2,3/18/26,3/18/26,2.16908E+12,No
LOC_027428.pdf,Doe et al. v. Liberty Healthcare et al/00_All Cases/External Surveys and Reports/OK Dept of Health/LOC_027428.pdf,Doe et al. v. Liberty Healthcare et al/00_All Cases/External Surveys and Reports/OK Dept of Health,.pdf,1,pdf_parsed,47.5,3/18/26,3/18/26,2.16908E+12,No
LOC_027429.pdf,Doe et al. v. Liberty Healthcare et al/00_All Cases/External Surveys and Reports/OK Dept of Health/LOC_027429.pdf,Doe et al. v. Liberty Healthcare et al/00_All Cases/External Surveys and Reports/OK Dept of Health,.pdf,1,pdf_parsed,75,3/18/26,3/18/26,2.16907E+12,No
LOC_027430.pdf,Doe et al. v. Liberty Healthcare et al/00_All Cases/External Surveys and Reports/OK Dept of Health/LOC_027430.pdf,Doe et al. v. Liberty Healthcare et al/00_All Cases/External Surveys and Reports/OK Dept of Health,.pdf,1,pdf_parsed,200.6,3/18/26,3/18/26,2.16907E+12,No
LOC_027431.pdf,Doe et al. v. Liberty Healthcare et al/00_All Cases/External Surveys and Reports/OK Dept of Health/LOC_027431.pdf,Doe et al. v. Liberty Healthcare et al/00_All Cases/External Surveys and Reports/OK Dept of Health,.pdf,1,pdf_parsed,201.7,3/18/26,3/18/26,2.16908E+12,No
LOC_027432.pdf,Doe et al. v. Liberty Healthcare et al/00_All Cases/External Surveys and Reports/OK Dept of Health/LOC_027432.pdf,Doe et al. v. Liberty Healthcare et al/00_All Cases/External Surveys and Reports/OK Dept of Health,.pdf,1,pdf_parsed,198.8,3/18/26,3/18/26,2.16907E+12,No
LOC_027433.pdf,Doe et al. v. Liberty Healthcare et al/00_All Cases/External Surveys and Reports/OK Dept of Health/LOC_027433.pdf,Doe et al. v. Liberty Healthcare et al/00_All Cases/External Surveys and Reports/OK Dept of Health,.pdf,1,pdf_parsed,74.1,3/18/26,3/18/26,2.16908E+12,No
LOC_027434.pdf,Doe et al. v. Liberty Healthcare et al/00_All Cases/External Surveys and Reports/OK Dept of Health/LOC_027434.pdf,Doe et al. v. Liberty Healthcare et al/00_All Cases/External Surveys and Reports/OK Dept of Health,.pdf,1,pdf_parsed,74.6,3/18/26,3/18/26,2.16908E+12,No
LOC_027435.pdf,Doe et al. v. Liberty Healthcare et al/00_All Cases/External Surveys and Reports/OK Dept of Health/LOC_027435.pdf,Doe et al. v. Liberty Healthcare et al/00_All Cases/External Surveys and Reports/OK Dept of Health,.pdf,1,pdf_parsed,115.1,3/18/26,3/18/26,2.16908E+12,No
LOC_027436.pdf,Doe et al. v. Liberty Healthcare et al/00_All Cases/External Surveys and Reports/OK Dept of Health/LOC_027436.pdf,Doe et al. v. Liberty Healthcare et al/00_All Cases/External Surveys and Reports/OK Dept of Health,.pdf,1,pdf_parsed,85.6,3/18/26,3/18/26,2.16908E+12,No
LOC_027437.pdf,Doe et al. v. Liberty Healthcare et al/00_All Cases/External Surveys and Reports/OK Dept of Health/LOC_027437.pdf,Doe et al. v. Liberty Healthcare et al/00_All Cases/External Surveys and Reports/OK Dept of Health,.pdf,4,pdf_parsed,168.5,3/18/26,3/18/26,2.16908E+12,No
LOC_027441.pdf,Doe et al. v. Liberty Healthcare et al/00_All Cases/External Surveys and Reports/OK Dept of Health/LOC_027441.pdf,Doe et al. v. Liberty Healthcare et al/00_All Cases/External Surveys and Reports/OK Dept of Health,.pdf,1,pdf_parsed,2001.7,3/18/26,3/18/26,2.16907E+12,No
LOC_027442.pdf,Doe et al. v. Liberty Healthcare et al/00_All Cases/External Surveys and Reports/State of Oklahoma/System Secruity Plan AOO/LOC_027442.pdf,Doe et al. v. Liberty Healthcare et al/00_All Cases/External Surveys and Reports/State of Oklahoma/System Secruity Plan AOO,.pdf,1,pdf_parsed,110.2,3/18/26,3/18/26,2.1691E+12,No
LOC_109042.pdf,Doe et al. v. Liberty Healthcare et al/09b_Robert Alba (John Doe 9B)/LOC_109042.pdf,Doe et al. v. Liberty Healthcare et al/09b_Robert Alba (John Doe 9B),.pdf,142,pdf_parsed,14669.8,3/18/26,3/18/26,2.16906E+12,No
LOC_109424.pdf,Doe et al. v. Liberty Healthcare et al/12b_Waylon Cauthon (John Doe 12B)/LOC_109424.pdf,Doe et al. v. Liberty Healthcare et al/12b_Waylon Cauthon (John Doe 12B),.pdf,74,pdf_parsed,10393.5,3/18/26,3/18/26,2.16908E+12,No
LOC_109498.pdf,Doe et al. v. Liberty Healthcare et al/12b_Waylon Cauthon (John Doe 12B)/LOC_109498.pdf,Doe et al. v. Liberty Healthcare et al/12b_Waylon Cauthon (John Doe 12B),.pdf,34,pdf_parsed,4947.8,3/18/26,3/18/26,2.16908E+12,No
LOC_111754.pdf,Doe et al. v. Liberty Healthcare et al/12b_Waylon Cauthon (John Doe 12B)/LOC_111754.pdf,Doe et al. v. Liberty Healthcare et al/12b_Waylon Cauthon (John Doe 12B),.pdf,30,pdf_parsed,13401.1,3/18/26,3/18/26,2.16908E+12,No
LOC_112167.pdf,Doe et al. v. Liberty Healthcare et al/01_Cody Richardson (JD1)/LOC_112167.pdf,Doe et al. v. Liberty Healthcare et al/01_Cody Richardson (JD1),.pdf,36,pdf_parsed,6457.7,3/18/26,3/18/26,2.16909E+12,No
LOC_112904.pdf,Doe et al. v. Liberty Healthcare et al/09b_Robert Alba (John Doe 9B)/LOC_112904.pdf,Doe et al. v. Liberty Healthcare et al/09b_Robert Alba (John Doe 9B),.pdf,192,pdf_parsed,44682,3/18/26,3/18/26,2.16905E+12,No
LOC_113373.pdf,Doe et al. v. Liberty Healthcare et al/10b_Bailey Call (John Doe 10B)/LOC_113373.pdf,Doe et al. v. Liberty Healthcare et al/10b_Bailey Call (John Doe 10B),.pdf,36,pdf_parsed,5147.5,3/18/26,3/18/26,2.16907E+12,No
LOC_113409.pdf,Doe et al. v. Liberty Healthcare et al/12b_Waylon Cauthon (John Doe 12B)/LOC_113409.pdf,Doe et al. v. Liberty Healthcare et al/12b_Waylon Cauthon (John Doe 12B),.pdf,53,pdf_parsed,11756.8,3/18/26,3/18/26,2.16907E+12,No
LOC_114603.pdf,Doe et al. v. Liberty Healthcare et al/12b_Waylon Cauthon (John Doe 12B)/LOC_114603.pdf,Doe et al. v. Liberty Healthcare et al/12b_Waylon Cauthon (John Doe 12B),.pdf,75,pdf_parsed,37742.2,3/18/26,3/18/26,2.16908E+12,No
LOC_114932.pdf,Doe et al. v. Liberty Healthcare et al/11_Richard Lott (John Doe 11)/LOC_114932.pdf,Doe et al. v. Liberty Healthcare et al/11_Richard Lott (John Doe 11),.pdf,8,pdf_parsed,2388.9,3/18/26,3/18/26,2.16908E+12,No
LOC_114940.pdf,Doe et al. v. Liberty Healthcare et al/05_Mickey McDade (Jane Doe 5)/LOC_114940.pdf,Doe et al. v. Liberty Healthcare et al/05_Mickey McDade (Jane Doe 5),.pdf,38,pdf_parsed,62806,3/18/26,3/18/26,2.16905E+12,No
LOC_115279.pdf,Doe et al. v. Liberty Healthcare et al/12b_Waylon Cauthon (John Doe 12B)/LOC_115279.pdf,Doe et al. v. Liberty Healthcare et al/12b_Waylon Cauthon (John Doe 12B),.pdf,21,pdf_parsed,13537.3,3/18/26,3/18/26,2.16908E+12,No
LOC_115521.pdf,Doe et al. v. Liberty Healthcare et al/00_All Cases/LOC Docs/LOC_115521.pdf,Doe et al. v. Liberty Healthcare et al/00_All Cases/LOC Docs,.pdf,931,pdf_parsed,1744838,3/18/26,3/18/26,2.16909E+12,No
LOC_118432.pdf,Doe et al. v. Liberty Healthcare et al/06b_Nathan Stinnett (John Doe 6B)/LOC_118432.pdf,Doe et al. v. Liberty Healthcare et al/06b_Nathan Stinnett (John Doe 6B),.pdf,606,pdf_parsed,1626722.4,3/18/26,3/18/26,2.1691E+12,No
LOC_119038.pdf,Doe et al. v. Liberty Healthcare et al/00_All Cases/LOC Docs/LOC_119038.pdf,Doe et al. v. Liberty Healthcare et al/00_All Cases/LOC Docs,.pdf,171,pdf_parsed,313458.9,3/18/26,3/18/26,2.16908E+12,No
LOC_119209.pdf,Doe et al. v. Liberty Healthcare et al/00_All Cases/LOC Docs/LOC_119209.pdf,Doe et al. v. Liberty Healthcare et al/00_All Cases/LOC Docs,.pdf,562,pdf_parsed,1105162.5,3/18/26,3/18/26,2.16908E+12,No
LOC_124285.PDF,Doe et al. v. Liberty Healthcare et al/02b_MacArthur Finley (JD2B)/LOC_124285.PDF,Doe et al. v. Liberty Healthcare et al/02b_MacArthur Finley (JD2B),.pdf,52,pdf_parsed,97672.2,3/18/26,3/18/26,2.1691E+12,No
LOC_124337.pdf,Doe et al. v. Liberty Healthcare et al/02b_MacArthur Finley (JD2B)/LOC_124337.pdf,Doe et al. v. Liberty Healthcare et al/02b_MacArthur Finley (JD2B),.pdf,2,pdf_parsed,1994.6,3/18/26,3/18/26,2.1691E+12,No
LOC_124449.pdf,Doe et al. v. Liberty Healthcare et al/01_Cody Richardson (JD1)/LOC_124449.pdf,Doe et al. v. Liberty Healthcare et al/01_Cody Richardson (JD1),.pdf,65,pdf_parsed,32219.6,3/18/26,3/18/26,2.16909E+12,No
LOC_155335.pdf,Doe et al. v. Liberty Healthcare et al/00_All Cases/LOC Docs/LOC_155335.pdf,Doe et al. v. Liberty Healthcare et al/00_All Cases/LOC Docs,.pdf,86,pdf_parsed,36569.9,3/18/26,3/18/26,2.16908E+12,No
LOC_155422.pdf,Doe et al. v. Liberty Healthcare et al/00_All Cases/LOC Docs/LOC_155422.pdf,Doe et al. v. Liberty Healthcare et al/00_All Cases/LOC Docs,.pdf,2,pdf_parsed,122.1,3/18/26,3/18/26,2.16907E+12,No
LOC_155424.pdf,Doe et al. v. Liberty Healthcare et al/00_All Cases/LOC Docs/LOC_155424.pdf,Doe et al. v. Liberty Healthcare et al/00_All Cases/LOC Docs,.pdf,3,pdf_parsed,30.9,3/18/26,3/18/26,2.16907E+12,No
LOC_155427.pdf,Doe et al. v. Liberty Healthcare et al/00_All Cases/LOC Docs/LOC_155427.pdf,Doe et al. v. Liberty Healthcare et al/00_All Cases/LOC Docs,.pdf,2,pdf_parsed,58.3,3/18/26,3/18/26,2.16907E+12,No
LOC_155429.pdf,Doe et al. v. Liberty Healthcare et al/00_All Cases/LOC Docs/LOC_155429.pdf,Doe et al. v. Liberty Healthcare et al/00_All Cases/LOC Docs,.pdf,18,pdf_parsed,4434.7,3/18/26,3/18/26,2.16908E+12,No
LOC_155447.pdf,Doe et al. v. Liberty Healthcare et al/00_All Cases/LOC Docs/LOC_155447.pdf,Doe et al. v. Liberty Healthcare et al/00_All Cases/LOC Docs,.pdf,22,pdf_parsed,919.2,3/18/26,3/18/26,2.16907E+12,No
LOC_155469.pdf,Doe et al. v. Liberty Healthcare et al/00_All Cases/LOC Docs/LOC_155469.pdf,Doe et al. v. Liberty Healthcare et al/00_All Cases/LOC Docs,.pdf,2,pdf_parsed,25.5,3/18/26,3/18/26,2.16908E+12,No
LOC_155471.pdf,Doe et al. v. Liberty Healthcare et al/00_All Cases/LOC Docs/LOC_155471.pdf,Doe et al. v. Liberty Healthcare et al/00_All Cases/LOC Docs,.pdf,4,pdf_parsed,118.8,3/18/26,3/18/26,2.16908E+12,No
LOC_155475.pdf,Doe et al. v. Liberty Healthcare et al/00_All Cases/LOC Docs/LOC_155475.pdf,Doe et al. v. Liberty Healthcare et al/00_All Cases/LOC Docs,.pdf,12,pdf_parsed,379.8,3/18/26,3/18/26,2.16908E+12,No
LOC_155487.pdf,Doe et al. v. Liberty Healthcare et al/00_All Cases/LOC Docs/LOC_155487.pdf,Doe et al. v. Liberty Healthcare et al/00_All Cases/LOC Docs,.pdf,2,pdf_parsed,44.9,3/18/26,3/18/26,2.16907E+12,No
LOC_155489.pdf,Doe et al. v. Liberty Healthcare et al/00_All Cases/LOC Docs/LOC_155489.pdf,Doe et al. v. Liberty Healthcare et al/00_All Cases/LOC Docs,.pdf,2,pdf_parsed,53.6,3/18/26,3/18/26,2.16907E+12,No
LOC_155491.pdf,Doe et al. v. Liberty Healthcare et al/00_All Cases/LOC Docs/LOC_155491.pdf,Doe et al. v. Liberty Healthcare et al/00_All Cases/LOC Docs,.pdf,2,pdf_parsed,53.7,3/18/26,3/18/26,2.16908E+12,No
LOC_155493.pdf,Doe et al. v. Liberty Healthcare et al/00_All Cases/LOC Docs/LOC_155493.pdf,Doe et al. v. Liberty Healthcare et al/00_All Cases/LOC Docs,.pdf,1,pdf_parsed,575.5,3/18/26,3/18/26,2.16907E+12,No
LOC_155494.pdf,Doe et al. v. Liberty Healthcare et al/00_All Cases/LOC Docs/LOC_155494.pdf,Doe et al. v. Liberty Healthcare et al/00_All Cases/LOC Docs,.pdf,1,pdf_parsed,435.2,3/18/26,3/18/26,2.16907E+12,No
LOC_155495.pdf,Doe et al. v. Liberty Healthcare et al/00_All Cases/LOC Docs/LOC_155495.pdf,Doe et al. v. Liberty Healthcare et al/00_All Cases/LOC Docs,.pdf,1,pdf_parsed,600,3/18/26,3/18/26,2.16907E+12,No
LOC_155496.pdf,Doe et al. v. Liberty Healthcare et al/00_All Cases/LOC Docs/LOC_155496.pdf,Doe et al. v. Liberty Healthcare et al/00_All Cases/LOC Docs,.pdf,3,pdf_parsed,1640.1,3/18/26,3/18/26,2.16908E+12,No
LOC_155499.pdf,Doe et al. v. Liberty Healthcare et al/00_All Cases/LOC Docs/LOC_155499.pdf,Doe et al. v. Liberty Healthcare et al/00_All Cases/LOC Docs,.pdf,1,pdf_parsed,824.6,3/18/26,3/18/26,2.16907E+12,No
LOC_155500.pdf,Doe et al. v. Liberty Healthcare et al/00_All Cases/LOC Docs/LOC_155500.pdf,Doe et al. v. Liberty Healthcare et al/00_All Cases/LOC Docs,.pdf,1,pdf_parsed,647.3,3/18/26,3/18/26,2.16908E+12,No
LOC_155501.pdf,Doe et al. v. Liberty Healthcare et al/00_All Cases/LOC Docs/LOC_155501.pdf,Doe et al. v. Liberty Healthcare et al/00_All Cases/LOC Docs,.pdf,12,pdf_parsed,421.4,3/18/26,3/18/26,2.16908E+12,No
LOC_155513.pdf,Doe et al. v. Liberty Healthcare et al/00_All Cases/LOC Docs/LOC_155513.pdf,Doe et al. v. Liberty Healthcare et al/00_All Cases/LOC Docs,.pdf,4,pdf_parsed,789.6,3/18/26,3/18/26,2.16907E+12,No
LOC_155517.pdf,Doe et al. v. Liberty Healthcare et al/00_All Cases/LOC Docs/LOC_155517.pdf,Doe et al. v. Liberty Healthcare et al/00_All Cases/LOC Docs,.pdf,4,pdf_parsed,779.2,3/18/26,3/18/26,2.16907E+12,No
LOC_155521.pdf,Doe et al. v. Liberty Healthcare et al/00_All Cases/LOC Docs/LOC_155521.pdf,Doe et al. v. Liberty Healthcare et al/00_All Cases/LOC Docs,.pdf,7,pdf_parsed,1651.4,3/18/26,3/18/26,2.16907E+12,No
LOC_155528.pdf,Doe et al. v. Liberty Healthcare et al/00_All Cases/LOC Docs/LOC_155528.pdf,Doe et al. v. Liberty Healthcare et al/00_All Cases/LOC Docs,.pdf,8,pdf_parsed,2579.8,3/18/26,3/18/26,2.16907E+12,No
LOC_155536.pdf,Doe et al. v. Liberty Healthcare et al/00_All Cases/LOC Docs/LOC_155536.pdf,Doe et al. v. Liberty Healthcare et al/00_All Cases/LOC Docs,.pdf,8,pdf_parsed,295.2,3/18/26,3/18/26,2.16907E+12,No
LOC_155544.pdf,Doe et al. v. Liberty Healthcare et al/00_All Cases/LOC Docs/LOC_155544.pdf,Doe et al. v. Liberty Healthcare et al/00_All Cases/LOC Docs,.pdf,2,pdf_parsed,69.5,3/18/26,3/18/26,2.16908E+12,No
LOC_155546.pdf,Doe et al. v. Liberty Healthcare et al/00_All Cases/LOC Docs/LOC_155546.pdf,Doe et al. v. Liberty Healthcare et al/00_All Cases/LOC Docs,.pdf,6,pdf_parsed,206.4,3/18/26,3/18/26,2.16908E+12,No
LOC_155552.pdf,Doe et al. v. Liberty Healthcare et al/00_All Cases/LOC Docs/LOC_155552.pdf,Doe et al. v. Liberty Healthcare et al/00_All Cases/LOC Docs,.pdf,4,pdf_parsed,48.4,3/18/26,3/18/26,2.16907E+12,No
LOC_155556.pdf,Doe et al. v. Liberty Healthcare et al/00_All Cases/LOC Docs/LOC_155556.pdf,Doe et al. v. Liberty Healthcare et al/00_All Cases/LOC Docs,.pdf,15,pdf_parsed,2667.2,3/18/26,3/18/26,2.16907E+12,No
LOC_155571.pdf,Doe et al. v. Liberty Healthcare et al/00_All Cases/LOC Docs/LOC_155571.pdf,Doe et al. v. Liberty Healthcare et al/00_All Cases/LOC Docs,.pdf,20,pdf_parsed,4546.5,3/18/26,3/18/26,2.16907E+12,No
LOC_155591.pdf,Doe et al. v. Liberty Healthcare et al/00_All Cases/LOC Docs/LOC_155591.pdf,Doe et al. v. Liberty Healthcare et al/00_All Cases/LOC Docs,.pdf,2,pdf_parsed,67.7,3/18/26,3/18/26,2.16907E+12,No
LOC_155593.pdf,Doe et al. v. Liberty Healthcare et al/00_All Cases/LOC Docs/LOC_155593.pdf,Doe et al. v. Liberty Healthcare et al/00_All Cases/LOC Docs,.pdf,4,pdf_parsed,124.5,3/18/26,3/18/26,2.16908E+12,No
LOC_155597.pdf,Doe et al. v. Liberty Healthcare et al/00_All Cases/LOC Docs/LOC_155597.pdf,Doe et al. v. Liberty Healthcare et al/00_All Cases/LOC Docs,.pdf,2,pdf_parsed,27.8,3/18/26,3/18/26,2.16908E+12,No
LOC_155599.pdf,Doe et al. v. Liberty Healthcare et al/00_All Cases/LOC Docs/LOC_155599.pdf,Doe et al. v. Liberty Healthcare et al/00_All Cases/LOC Docs,.pdf,4,pdf_parsed,91.5,3/18/26,3/18/26,2.16908E+12,No
LOC_155606.pdf,Doe et al. v. Liberty Healthcare et al/00_All Cases/LOC Docs/LOC_155606.pdf,Doe et al. v. Liberty Healthcare et al/00_All Cases/LOC Docs,.pdf,8,pdf_parsed,1337.3,3/18/26,3/18/26,2.16907E+12,No
LOC_155614.pdf,Doe et al. v. Liberty Healthcare et al/00_All Cases/LOC Docs/LOC_155614.pdf,Doe et al. v. Liberty Healthcare et al/00_All Cases/LOC Docs,.pdf,2,pdf_parsed,38,3/18/26,3/18/26,2.16908E+12,No
LOC_155616.pdf,Doe et al. v. Liberty Healthcare et al/00_All Cases/LOC Docs/LOC_155616.pdf,Doe et al. v. Liberty Healthcare et al/00_All Cases/LOC Docs,.pdf,6,pdf_parsed,110.7,3/18/26,3/18/26,2.16907E+12,No
LOC_155622.pdf,Doe et al. v. Liberty Healthcare et al/00_All Cases/LOC Docs/LOC_155622.pdf,Doe et al. v. Liberty Healthcare et al/00_All Cases/LOC Docs,.pdf,6,pdf_parsed,246.9,3/18/26,3/18/26,2.16907E+12,No
LOC_155628.pdf,Doe et al. v. Liberty Healthcare et al/00_All Cases/LOC Docs/LOC_155628.pdf,Doe et al. v. Liberty Healthcare et al/00_All Cases/LOC Docs,.pdf,2,pdf_parsed,29.5,3/18/26,3/18/26,2.16908E+12,No
LOC_155630.pdf,Doe et al. v. Liberty Healthcare et al/00_All Cases/LOC Docs/LOC_155630.pdf,Doe et al. v. Liberty Healthcare et al/00_All Cases/LOC Docs,.pdf,4,pdf_parsed,126.1,3/18/26,3/18/26,2.16908E+12,No
LOC_155634.pdf,Doe et al. v. Liberty Healthcare et al/00_All Cases/LOC Docs/LOC_155634.pdf,Doe et al. v. Liberty Healthcare et al/00_All Cases/LOC Docs,.pdf,2,pdf_parsed,35.5,3/18/26,3/18/26,2.16908E+12,No
LOC_155636.pdf,Doe et al. v. Liberty Healthcare et al/00_All Cases/LOC Docs/LOC_155636.pdf,Doe et al. v. Liberty Healthcare et al/00_All Cases/LOC Docs,.pdf,2,pdf_parsed,33.4,3/18/26,3/18/26,2.16907E+12,No
LOC_155638.pdf,Doe et al. v. Liberty Healthcare et al/00_All Cases/LOC Docs/LOC_155638.pdf,Doe et al. v. Liberty Healthcare et al/00_All Cases/LOC Docs,.pdf,13,pdf_parsed,991.7,3/18/26,3/18/26,2.16907E+12,No
LOC_155651.pdf,Doe et al. v. Liberty Healthcare et al/00_All Cases/LOC Docs/LOC_155651.pdf,Doe et al. v. Liberty Healthcare et al/00_All Cases/LOC Docs,.pdf,16,pdf_parsed,574.2,3/18/26,3/18/26,2.16907E+12,No
LOC_155667.pdf,Doe et al. v. Liberty Healthcare et al/00_All Cases/LOC Docs/LOC_155667.pdf,Doe et al. v. Liberty Healthcare et al/00_All Cases/LOC Docs,.pdf,20,pdf_parsed,638.8,3/18/26,3/18/26,2.16908E+12,No
LOC_155687.pdf,Doe et al. v. Liberty Healthcare et al/00_All Cases/LOC Docs/LOC_155687.pdf,Doe et al. v. Liberty Healthcare et al/00_All Cases/LOC Docs,.pdf,10,pdf_parsed,277.3,3/18/26,3/18/26,2.16908E+12,No
LOC_155697.pdf,Doe et al. v. Liberty Healthcare et al/00_All Cases/LOC Docs/LOC_155697.pdf,Doe et al. v. Liberty Healthcare et al/00_All Cases/LOC Docs,.pdf,14,pdf_parsed,472.5,3/18/26,3/18/26,2.16907E+12,No
LOC_155711.pdf,Doe et al. v. Liberty Healthcare et al/00_All Cases/LOC Docs/LOC_155711.pdf,Doe et al. v. Liberty Healthcare et al/00_All Cases/LOC Docs,.pdf,21,pdf_parsed,572.7,3/18/26,3/18/26,2.16908E+12,No
LOC_155732.pdf,Doe et al. v. Liberty Healthcare et al/00_All Cases/LOC Docs/LOC_155732.pdf,Doe et al. v. Liberty Healthcare et al/00_All Cases/LOC Docs,.pdf,2,pdf_parsed,84.3,3/18/26,3/18/26,2.16908E+12,No
LOC_155734.pdf,Doe et al. v. Liberty Healthcare et al/00_All Cases/LOC Docs/LOC_155734.pdf,Doe et al. v. Liberty Healthcare et al/00_All Cases/LOC Docs,.pdf,2,pdf_parsed,1018.6,3/18/26,3/18/26,2.16907E+12,No
LOC_155736.pdf,Doe et al. v. Liberty Healthcare et al/00_All Cases/LOC Docs/LOC_155736.pdf,Doe et al. v. Liberty Healthcare et al/00_All Cases/LOC Docs,.pdf,2,pdf_parsed,30.4,3/18/26,3/18/26,2.16908E+12,No
LOC_155738.pdf,Doe et al. v. Liberty Healthcare et al/00_All Cases/LOC Docs/LOC_155738.pdf,Doe et al. v. Liberty Healthcare et al/00_All Cases/LOC Docs,.pdf,2,pdf_parsed,63.5,3/18/26,3/18/26,2.16908E+12,No
LOC_155740.pdf,Doe et al. v. Liberty Healthcare et al/00_All Cases/LOC Docs/LOC_155740.pdf,Doe et al. v. Liberty Healthcare et al/00_All Cases/LOC Docs,.pdf,4,pdf_parsed,127.1,3/18/26,3/18/26,2.16907E+12,No
LOC_155744.pdf,Doe et al. v. Liberty Healthcare et al/00_All Cases/LOC Docs/LOC_155744.pdf,Doe et al. v. Liberty Healthcare et al/00_All Cases/LOC Docs,.pdf,2,pdf_parsed,18.5,3/18/26,3/18/26,2.16908E+12,No
LOC_155746.pdf,Doe et al. v. Liberty Healthcare et al/00_All Cases/LOC Docs/LOC_155746.pdf,Doe et al. v. Liberty Healthcare et al/00_All Cases/LOC Docs,.pdf,4,pdf_parsed,127.1,3/18/26,3/18/26,2.16907E+12,No
LOC_155750.pdf,Doe et al. v. Liberty Healthcare et al/00_All Cases/LOC Docs/LOC_155750.pdf,Doe et al. v. Liberty Healthcare et al/00_All Cases/LOC Docs,.pdf,2,pdf_parsed,18.7,3/18/26,3/18/26,2.16907E+12,No
LOC_155752.pdf,Doe et al. v. Liberty Healthcare et al/00_All Cases/LOC Docs/LOC_155752.pdf,Doe et al. v. Liberty Healthcare et al/00_All Cases/LOC Docs,.pdf,4,pdf_parsed,502.9,3/18/26,3/18/26,2.16907E+12,No
LOC_155756.pdf,Doe et al. v. Liberty Healthcare et al/00_All Cases/LOC Docs/LOC_155756.pdf,Doe et al. v. Liberty Healthcare et al/00_All Cases/LOC Docs,.pdf,13,pdf_parsed,1845.7,3/18/26,3/18/26,2.16907E+12,No
LOC_155769.pdf,Doe et al. v. Liberty Healthcare et al/00_All Cases/LOC Docs/LOC_155769.pdf,Doe et al. v. Liberty Healthcare et al/00_All Cases/LOC Docs,.pdf,6,pdf_parsed,431.1,3/18/26,3/18/26,2.16908E+12,No
LOC_155775.pdf,Doe et al. v. Liberty Healthcare et al/00_All Cases/LOC Docs/LOC_155775.pdf,Doe et al. v. Liberty Healthcare et al/00_All Cases/LOC Docs,.pdf,3,pdf_parsed,567.9,3/18/26,3/18/26,2.16908E+12,No
LOC_155778.pdf,Doe et al. v. Liberty Healthcare et al/00_All Cases/LOC Docs/LOC_155778.pdf,Doe et al. v. Liberty Healthcare et al/00_All Cases/LOC Docs,.pdf,4,pdf_parsed,112.4,3/18/26,3/18/26,2.16908E+12,No
LOC_155782.pdf,Doe et al. v. Liberty Healthcare et al/00_All Cases/LOC Docs/LOC_155782.pdf,Doe et al. v. Liberty Healthcare et al/00_All Cases/LOC Docs,.pdf,6,pdf_parsed,414.8,3/18/26,3/18/26,2.16907E+12,No
LOC_155788.pdf,Doe et al. v. Liberty Healthcare et al/00_All Cases/LOC Docs/LOC_155788.pdf,Doe et al. v. Liberty Healthcare et al/00_All Cases/LOC Docs,.pdf,2,pdf_parsed,44,3/18/26,3/18/26,2.16908E+12,No
LOC_155790.pdf,Doe et al. v. Liberty Healthcare et al/00_All Cases/LOC Docs/LOC_155790.pdf,Doe et al. v. Liberty Healthcare et al/00_All Cases/LOC Docs,.pdf,2,pdf_parsed,36.8,3/18/26,3/18/26,2.16908E+12,No
LOC_155792.pdf,Doe et al. v. Liberty Healthcare et al/00_All Cases/LOC Docs/LOC_155792.pdf,Doe et al. v. Liberty Healthcare et al/00_All Cases/LOC Docs,.pdf,11,pdf_parsed,1226.2,3/18/26,3/18/26,2.16908E+12,No
LOC_155803.pdf,Doe et al. v. Liberty Healthcare et al/00_All Cases/LOC Docs/LOC_155803.pdf,Doe et al. v. Liberty Healthcare et al/00_All Cases/LOC Docs,.pdf,2,pdf_parsed,80.4,3/18/26,3/18/26,2.16907E+12,No
LOC_155805.pdf,Doe et al. v. Liberty Healthcare et al/00_All Cases/LOC Docs/LOC_155805.pdf,Doe et al. v. Liberty Healthcare et al/00_All Cases/LOC Docs,.pdf,20,pdf_parsed,3943.3,3/18/26,3/18/26,2.16907E+12,No
LOC_155825.pdf,Doe et al. v. Liberty Healthcare et al/00_All Cases/LOC Docs/LOC_155825.pdf,Doe et al. v. Liberty Healthcare et al/00_All Cases/LOC Docs,.pdf,2,pdf_parsed,49.1,3/18/26,3/18/26,2.16907E+12,No
LOC_155827.pdf,Doe et al. v. Liberty Healthcare et al/00_All Cases/LOC Docs/LOC_155827.pdf,Doe et al. v. Liberty Healthcare et al/00_All Cases/LOC Docs,.pdf,2,pdf_parsed,43.2,3/18/26,3/18/26,2.16907E+12,No
LOC_155829.pdf,Doe et al. v. Liberty Healthcare et al/00_All Cases/LOC Docs/LOC_155829.pdf,Doe et al. v. Liberty Healthcare et al/00_All Cases/LOC Docs,.pdf,6,pdf_parsed,647.8,3/18/26,3/18/26,2.16907E+12,No
LOC_155835.pdf,Doe et al. v. Liberty Healthcare et al/00_All Cases/LOC Docs/LOC_155835.pdf,Doe et al. v. Liberty Healthcare et al/00_All Cases/LOC Docs,.pdf,14,pdf_parsed,1753.9,3/18/26,3/18/26,2.16908E+12,No
LOC_155849.pdf,Doe et al. v. Liberty Healthcare et al/00_All Cases/LOC Docs/LOC_155849.pdf,Doe et al. v. Liberty Healthcare et al/00_All Cases/LOC Docs,.pdf,26,pdf_parsed,2378.4,3/18/26,3/18/26,2.16907E+12,No
LOC_155875.pdf,Doe et al. v. Liberty Healthcare et al/00_All Cases/LOC Docs/LOC_155875.pdf,Doe et al. v. Liberty Healthcare et al/00_All Cases/LOC Docs,.pdf,9,pdf_parsed,3998.4,3/18/26,3/18/26,2.16908E+12,No
LOC_155884.pdf,Doe et al. v. Liberty Healthcare et al/00_All Cases/LOC Docs/LOC_155884.pdf,Doe et al. v. Liberty Healthcare et al/00_All Cases/LOC Docs,.pdf,2,pdf_parsed,77.4,3/18/26,3/18/26,2.16907E+12,No
LOC_155886.pdf,Doe et al. v. Liberty Healthcare et al/00_All Cases/LOC Docs/LOC_155886.pdf,Doe et al. v. Liberty Healthcare et al/00_All Cases/LOC Docs,.pdf,2,pdf_parsed,78.3,3/18/26,3/18/26,2.16907E+12,No
LOC_155888.pdf,Doe et al. v. Liberty Healthcare et al/00_All Cases/LOC Docs/LOC_155888.pdf,Doe et al. v. Liberty Healthcare et al/00_All Cases/LOC Docs,.pdf,6,pdf_parsed,144.9,3/18/26,3/18/26,2.16907E+12,No
LOC_155894.pdf,Doe et al. v. Liberty Healthcare et al/00_All Cases/LOC Docs/LOC_155894.pdf,Doe et al. v. Liberty Healthcare et al/00_All Cases/LOC Docs,.pdf,4,pdf_parsed,82.5,3/18/26,3/18/26,2.16908E+12,No
LOC_155898.pdf,Doe et al. v. Liberty Healthcare et al/00_All Cases/LOC Docs/LOC_155898.pdf,Doe et al. v. Liberty Healthcare et al/00_All Cases/LOC Docs,.pdf,4,pdf_parsed,785,3/18/26,3/18/26,2.16907E+12,No
LOC_155902.pdf,Doe et al. v. Liberty Healthcare et al/00_All Cases/LOC Docs/LOC_155902.pdf,Doe et al. v. Liberty Healthcare et al/00_All Cases/LOC Docs,.pdf,4,pdf_parsed,1359.6,3/18/26,3/18/26,2.16908E+12,No
LOC_155906.pdf,Doe et al. v. Liberty Healthcare et al/00_All Cases/LOC Docs/LOC_155906.pdf,Doe et al. v. Liberty Healthcare et al/00_All Cases/LOC Docs,.pdf,1,pdf_parsed,2.7,3/18/26,3/18/26,2.16908E+12,No
LOC_155907.pdf,Doe et al. v. Liberty Healthcare et al/00_All Cases/LOC Docs/LOC_155907.pdf,Doe et al. v. Liberty Healthcare et al/00_All Cases/LOC Docs,.pdf,2,pdf_parsed,601,3/18/26,3/18/26,2.16907E+12,No
LOC_155909.pdf,Doe et al. v. Liberty Healthcare et al/00_All Cases/LOC Docs/LOC_155909.pdf,Doe et al. v. Liberty Healthcare et al/00_All Cases/LOC Docs,.pdf,2,pdf_parsed,11.9,3/18/26,3/18/26,2.16908E+12,No
LOC_155911.pdf,Doe et al. v. Liberty Healthcare et al/00_All Cases/LOC Docs/LOC_155911.pdf,Doe et al. v. Liberty Healthcare et al/00_All Cases/LOC Docs,.pdf,24,pdf_parsed,1219,3/18/26,3/18/26,2.16907E+12,No
LOC_155935.pdf,Doe et al. v. Liberty Healthcare et al/00_All Cases/LOC Docs/LOC_155935.pdf,Doe et al. v. Liberty Healthcare et al/00_All Cases/LOC Docs,.pdf,7,pdf_parsed,1377.7,3/18/26,3/18/26,2.16908E+12,No
LOC_155942.pdf,Doe et al. v. Liberty Healthcare et al/00_All Cases/LOC Docs/LOC_155942.pdf,Doe et al. v. Liberty Healthcare et al/00_All Cases/LOC Docs,.pdf,6,pdf_parsed,183.1,3/18/26,3/18/26,2.16907E+12,No
LOC_155948.pdf,Doe et al. v. Liberty Healthcare et al/00_All Cases/LOC Docs/LOC_155948.pdf,Doe et al. v. Liberty Healthcare et al/00_All Cases/LOC Docs,.pdf,2,pdf_parsed,90.6,3/18/26,3/18/26,2.16908E+12,No
LOC_155950.pdf,Doe et al. v. Liberty Healthcare et al/00_All Cases/LOC Docs/LOC_155950.pdf,Doe et al. v. Liberty Healthcare et al/00_All Cases/LOC Docs,.pdf,4,pdf_parsed,77.7,3/18/26,3/18/26,2.16907E+12,No
LOC_155954.pdf,Doe et al. v. Liberty Healthcare et al/00_All Cases/LOC Docs/LOC_155954.pdf,Doe et al. v. Liberty Healthcare et al/00_All Cases/LOC Docs,.pdf,4,pdf_parsed,70,3/18/26,3/18/26,2.16907E+12,No
LOC_155958.pdf,Doe et al. v. Liberty Healthcare et al/00_All Cases/LOC Docs/LOC_155958.pdf,Doe et al. v. Liberty Healthcare et al/00_All Cases/LOC Docs,.pdf,6,pdf_parsed,252.8,3/18/26,3/18/26,2.16908E+12,No
LOC_155964.pdf,Doe et al. v. Liberty Healthcare et al/00_All Cases/LOC Docs/LOC_155964.pdf,Doe et al. v. Liberty Healthcare et al/00_All Cases/LOC Docs,.pdf,2,pdf_parsed,17.5,3/18/26,3/18/26,2.16907E+12,No
LOC_155966.pdf,Doe et al. v. Liberty Healthcare et al/00_All Cases/LOC Docs/LOC_155966.pdf,Doe et al. v. Liberty Healthcare et al/00_All Cases/LOC Docs,.pdf,2,pdf_parsed,86.3,3/18/26,3/18/26,2.16908E+12,No
LOC_155968.pdf,Doe et al. v. Liberty Healthcare et al/00_All Cases/LOC Docs/LOC_155968.pdf,Doe et al. v. Liberty Healthcare et al/00_All Cases/LOC Docs,.pdf,2,pdf_parsed,70.7,3/18/26,3/18/26,2.16907E+12,No
LOC_155970.pdf,Doe et al. v. Liberty Healthcare et al/00_All Cases/LOC Docs/LOC_155970.pdf,Doe et al. v. Liberty Healthcare et al/00_All Cases/LOC Docs,.pdf,4,pdf_parsed,130.2,3/18/26,3/18/26,2.16907E+12,No
LOC_155974.pdf,Doe et al. v. Liberty Healthcare et al/00_All Cases/LOC Docs/LOC_155974.pdf,Doe et al. v. Liberty Healthcare et al/00_All Cases/LOC Docs,.pdf,19,pdf_parsed,2933.7,3/18/26,3/18/26,2.16907E+12,No
LOC_155993.pdf,Doe et al. v. Liberty Healthcare et al/00_All Cases/LOC Docs/LOC_155993.pdf,Doe et al. v. Liberty Healthcare et al/00_All Cases/LOC Docs,.pdf,2,pdf_parsed,30,3/18/26,3/18/26,2.16907E+12,No
LOC_155995.pdf,Doe et al. v. Liberty Healthcare et al/00_All Cases/LOC Docs/LOC_155995.pdf,Doe et al. v. Liberty Healthcare et al/00_All Cases/LOC Docs,.pdf,4,pdf_parsed,59.3,3/18/26,3/18/26,2.16907E+12,No
LOC_155999.pdf,Doe et al. v. Liberty Healthcare et al/00_All Cases/LOC Docs/LOC_155999.pdf,Doe et al. v. Liberty Healthcare et al/00_All Cases/LOC Docs,.pdf,2,pdf_parsed,13.8,3/18/26,3/18/26,2.16907E+12,No
LOC_156001.pdf,Doe et al. v. Liberty Healthcare et al/00_All Cases/LOC Docs/LOC_156001.pdf,Doe et al. v. Liberty Healthcare et al/00_All Cases/LOC Docs,.pdf,2,pdf_parsed,35.4,3/18/26,3/18/26,2.16907E+12,No
LOC_156003.pdf,Doe et al. v. Liberty Healthcare et al/00_All Cases/LOC Docs/LOC_156003.pdf,Doe et al. v. Liberty Healthcare et al/00_All Cases/LOC Docs,.pdf,22,pdf_parsed,1026.2,3/18/26,3/18/26,2.16907E+12,No
LOC_156025.pdf,Doe et al. v. Liberty Healthcare et al/00_All Cases/LOC Docs/LOC_156025.pdf,Doe et al. v. Liberty Healthcare et al/00_All Cases/LOC Docs,.pdf,15,pdf_parsed,2613.9,3/18/26,3/18/26,2.16907E+12,No
LOC_156040.pdf,Doe et al. v. Liberty Healthcare et al/00_All Cases/LOC Docs/LOC_156040.pdf,Doe et al. v. Liberty Healthcare et al/00_All Cases/LOC Docs,.pdf,1,pdf_parsed,2.7,3/18/26,3/18/26,2.16907E+12,No
LOC_156041.pdf,Doe et al. v. Liberty Healthcare et al/00_All Cases/LOC Docs/LOC_156041.pdf,Doe et al. v. Liberty Healthcare et al/00_All Cases/LOC Docs,.pdf,1,pdf_parsed,2.7,3/18/26,3/18/26,2.16908E+12,No
LOC_156042.pdf,Doe et al. v. Liberty Healthcare et al/00_All Cases/LOC Docs/LOC_156042.pdf,Doe et al. v. Liberty Healthcare et al/00_All Cases/LOC Docs,.pdf,2,pdf_parsed,64.7,3/18/26,3/18/26,2.16907E+12,No
LOC_156044.pdf,Doe et al. v. Liberty Healthcare et al/00_All Cases/LOC Docs/LOC_156044.pdf,Doe et al. v. Liberty Healthcare et al/00_All Cases/LOC Docs,.pdf,2,pdf_parsed,47.1,3/18/26,3/18/26,2.16907E+12,No
LOC_156046.pdf,Doe et al. v. Liberty Healthcare et al/00_All Cases/LOC Docs/LOC_156046.pdf,Doe et al. v. Liberty Healthcare et al/00_All Cases/LOC Docs,.pdf,2,pdf_parsed,29.4,3/18/26,3/18/26,2.16908E+12,No
LOC_156048.pdf,Doe et al. v. Liberty Healthcare et al/00_All Cases/LOC Docs/LOC_156048.pdf,Doe et al. v. Liberty Healthcare et al/00_All Cases/LOC Docs,.pdf,4,pdf_parsed,927.1,3/18/26,3/18/26,2.16907E+12,No
LOC_156052.pdf,Doe et al. v. Liberty Healthcare et al/00_All Cases/LOC Docs/LOC_156052.pdf,Doe et al. v. Liberty Healthcare et al/00_All Cases/LOC Docs,.pdf,6,pdf_parsed,202.9,3/18/26,3/18/26,2.16907E+12,No
LOC_156058.pdf,Doe et al. v. Liberty Healthcare et al/00_All Cases/LOC Docs/LOC_156058.pdf,Doe et al. v. Liberty Healthcare et al/00_All Cases/LOC Docs,.pdf,8,pdf_parsed,888.4,3/18/26,3/18/26,2.16907E+12,No
LOC_156066.pdf,Doe et al. v. Liberty Healthcare et al/00_All Cases/LOC Docs/LOC_156066.pdf,Doe et al. v. Liberty Healthcare et al/00_All Cases/LOC Docs,.pdf,2,pdf_parsed,107.9,3/18/26,3/18/26,2.16907E+12,No
LOC_156068.pdf,Doe et al. v. Liberty Healthcare et al/00_All Cases/LOC Docs/LOC_156068.pdf,Doe et al. v. Liberty Healthcare et al/00_All Cases/LOC Docs,.pdf,28,pdf_parsed,1379.1,3/18/26,3/18/26,2.16907E+12,No
LOC_156096.pdf,Doe et al. v. Liberty Healthcare et al/00_All Cases/LOC Docs/LOC_156096.pdf,Doe et al. v. Liberty Healthcare et al/00_All Cases/LOC Docs,.pdf,2,pdf_parsed,11.4,3/18/26,3/18/26,2.16908E+12,No
LOC_156098.pdf,Doe et al. v. Liberty Healthcare et al/00_All Cases/LOC Docs/LOC_156098.pdf,Doe et al. v. Liberty Healthcare et al/00_All Cases/LOC Docs,.pdf,4,pdf_parsed,141.9,3/18/26,3/18/26,2.16908E+12,No
LOC_156102.pdf,Doe et al. v. Liberty Healthcare et al/00_All Cases/LOC Docs/LOC_156102.pdf,Doe et al. v. Liberty Healthcare et al/00_All Cases/LOC Docs,.pdf,5,pdf_parsed,216.1,3/18/26,3/18/26,2.16907E+12,No
LOC_156107.pdf,Doe et al. v. Liberty Healthcare et al/00_All Cases/LOC Docs/LOC_156107.pdf,Doe et al. v. Liberty Healthcare et al/00_All Cases/LOC Docs,.pdf,4,pdf_parsed,717.6,3/18/26,3/18/26,2.16908E+12,No
LOC_156111.pdf,Doe et al. v. Liberty Healthcare et al/00_All Cases/LOC Docs/LOC_156111.pdf,Doe et al. v. Liberty Healthcare et al/00_All Cases/LOC Docs,.pdf,12,pdf_parsed,587.1,3/18/26,3/18/26,2.16907E+12,No
LOC_156123.pdf,Doe et al. v. Liberty Healthcare et al/00_All Cases/LOC Docs/LOC_156123.pdf,Doe et al. v. Liberty Healthcare et al/00_All Cases/LOC Docs,.pdf,2,pdf_parsed,81.7,3/18/26,3/18/26,2.16907E+12,No
LOC_156125.pdf,Doe et al. v. Liberty Healthcare et al/00_All Cases/LOC Docs/LOC_156125.pdf,Doe et al. v. Liberty Healthcare et al/00_All Cases/LOC Docs,.pdf,4,pdf_parsed,199.2,3/18/26,3/18/26,2.16907E+12,No
LOC_156129.pdf,Doe et al. v. Liberty Healthcare et al/00_All Cases/LOC Docs/LOC_156129.pdf,Doe et al. v. Liberty Healthcare et al/00_All Cases/LOC Docs,.pdf,2,pdf_parsed,54.1,3/18/26,3/18/26,2.16907E+12,No
LOC_156131.pdf,Doe et al. v. Liberty Healthcare et al/00_All Cases/LOC Docs/LOC_156131.pdf,Doe et al. v. Liberty Healthcare et al/00_All Cases/LOC Docs,.pdf,2,pdf_parsed,30.4,3/18/26,3/18/26,2.16908E+12,No
LOC_156133.pdf,Doe et al. v. Liberty Healthcare et al/00_All Cases/LOC Docs/LOC_156133.pdf,Doe et al. v. Liberty Healthcare et al/00_All Cases/LOC Docs,.pdf,4,pdf_parsed,605.7,3/18/26,3/18/26,2.16907E+12,No
LOC_156137.pdf,Doe et al. v. Liberty Healthcare et al/00_All Cases/LOC Docs/LOC_156137.pdf,Doe et al. v. Liberty Healthcare et al/00_All Cases/LOC Docs,.pdf,2,pdf_parsed,30.7,3/18/26,3/18/26,2.16908E+12,No
LOC_156139.pdf,Doe et al. v. Liberty Healthcare et al/00_All Cases/LOC Docs/LOC_156139.pdf,Doe et al. v. Liberty Healthcare et al/00_All Cases/LOC Docs,.pdf,2,pdf_parsed,61.6,3/18/26,3/18/26,2.16907E+12,No
LOC_156141.pdf,Doe et al. v. Liberty Healthcare et al/00_All Cases/LOC Docs/LOC_156141.pdf,Doe et al. v. Liberty Healthcare et al/00_All Cases/LOC Docs,.pdf,2,pdf_parsed,33.3,3/18/26,3/18/26,2.16908E+12,No
LOC_156143.pdf,Doe et al. v. Liberty Healthcare et al/00_All Cases/LOC Docs/LOC_156143.pdf,Doe et al. v. Liberty Healthcare et al/00_All Cases/LOC Docs,.pdf,2,pdf_parsed,427.7,3/18/26,3/18/26,2.16907E+12,No
LOC_156145.pdf,Doe et al. v. Liberty Healthcare et al/00_All Cases/LOC Docs/LOC_156145.pdf,Doe et al. v. Liberty Healthcare et al/00_All Cases/LOC Docs,.pdf,2,pdf_parsed,40.5,3/18/26,3/18/26,2.16907E+12,No
LOC_156147.pdf,Doe et al. v. Liberty Healthcare et al/00_All Cases/LOC Docs/LOC_156147.pdf,Doe et al. v. Liberty Healthcare et al/00_All Cases/LOC Docs,.pdf,2,pdf_parsed,37.1,3/18/26,3/18/26,2.16907E+12,No
LOC_156149.pdf,Doe et al. v. Liberty Healthcare et al/00_All Cases/LOC Docs/LOC_156149.pdf,Doe et al. v. Liberty Healthcare et al/00_All Cases/LOC Docs,.pdf,2,pdf_parsed,45.7,3/18/26,3/18/26,2.16907E+12,No
LOC_156151.pdf,Doe et al. v. Liberty Healthcare et al/00_All Cases/LOC Docs/LOC_156151.pdf,Doe et al. v. Liberty Healthcare et al/00_All Cases/LOC Docs,.pdf,4,pdf_parsed,699.8,3/18/26,3/18/26,2.16908E+12,No
LOC_156155.pdf,Doe et al. v. Liberty Healthcare et al/00_All Cases/LOC Docs/LOC_156155.pdf,Doe et al. v. Liberty Healthcare et al/00_All Cases/LOC Docs,.pdf,1,pdf_parsed,860,3/18/26,3/18/26,2.16907E+12,No
LOC_156156.pdf,Doe et al. v. Liberty Healthcare et al/00_All Cases/LOC Docs/LOC_156156.pdf,Doe et al. v. Liberty Healthcare et al/00_All Cases/LOC Docs,.pdf,2,pdf_parsed,70.7,3/18/26,3/18/26,2.16907E+12,No
LOC_156158.pdf,Doe et al. v. Liberty Healthcare et al/00_All Cases/LOC Docs/LOC_156158.pdf,Doe et al. v. Liberty Healthcare et al/00_All Cases/LOC Docs,.pdf,2,pdf_parsed,60.7,3/18/26,3/18/26,2.16907E+12,No
LOC_156160.pdf,Doe et al. v. Liberty Healthcare et al/00_All Cases/LOC Docs/LOC_156160.pdf,Doe et al. v. Liberty Healthcare et al/00_All Cases/LOC Docs,.pdf,6,pdf_parsed,131.8,3/18/26,3/18/26,2.16907E+12,No
LOC_156166.pdf,Doe et al. v. Liberty Healthcare et al/00_All Cases/LOC Docs/LOC_156166.pdf,Doe et al. v. Liberty Healthcare et al/00_All Cases/LOC Docs,.pdf,4,pdf_parsed,129,3/18/26,3/18/26,2.16907E+12,No
LOC_156170.pdf,Doe et al. v. Liberty Healthcare et al/00_All Cases/LOC Docs/LOC_156170.pdf,Doe et al. v. Liberty Healthcare et al/00_All Cases/LOC Docs,.pdf,5,pdf_parsed,182.7,3/18/26,3/18/26,2.16907E+12,No
LOC_156175.pdf,Doe et al. v. Liberty Healthcare et al/00_All Cases/LOC Docs/LOC_156175.pdf,Doe et al. v. Liberty Healthcare et al/00_All Cases/LOC Docs,.pdf,9,pdf_parsed,2529.9,3/18/26,3/18/26,2.16908E+12,No
LOC_156184.pdf,Doe et al. v. Liberty Healthcare et al/00_All Cases/LOC Docs/LOC_156184.pdf,Doe et al. v. Liberty Healthcare et al/00_All Cases/LOC Docs,.pdf,2,pdf_parsed,45.4,3/18/26,3/18/26,2.16908E+12,No
LOC_156186.pdf,Doe et al. v. Liberty Healthcare et al/00_All Cases/LOC Docs/LOC_156186.pdf,Doe et al. v. Liberty Healthcare et al/00_All Cases/LOC Docs,.pdf,1,pdf_parsed,625.7,3/18/26,3/18/26,2.16907E+12,No
LOC_156187.pdf,Doe et al. v. Liberty Healthcare et al/00_All Cases/LOC Docs/LOC_156187.pdf,Doe et al. v. Liberty Healthcare et al/00_All Cases/LOC Docs,.pdf,8,pdf_parsed,1478.9,3/18/26,3/18/26,2.16908E+12,No
LOC_156195.pdf,Doe et al. v. Liberty Healthcare et al/00_All Cases/LOC Docs/LOC_156195.pdf,Doe et al. v. Liberty Healthcare et al/00_All Cases/LOC Docs,.pdf,3,pdf_parsed,53.1,3/18/26,3/18/26,2.16907E+12,No
LOC_156198.pdf,Doe et al. v. Liberty Healthcare et al/00_All Cases/LOC Docs/LOC_156198.pdf,Doe et al. v. Liberty Healthcare et al/00_All Cases/LOC Docs,.pdf,4,pdf_parsed,257.5,3/18/26,3/18/26,2.16908E+12,No
LOC_156202.pdf,Doe et al. v. Liberty Healthcare et al/00_All Cases/LOC Docs/LOC_156202.pdf,Doe et al. v. Liberty Healthcare et al/00_All Cases/LOC Docs,.pdf,2,pdf_parsed,33.3,3/18/26,3/18/26,2.16908E+12,No
LOC_156204.pdf,Doe et al. v. Liberty Healthcare et al/00_All Cases/LOC Docs/LOC_156204.pdf,Doe et al. v. Liberty Healthcare et al/00_All Cases/LOC Docs,.pdf,2,pdf_parsed,51.3,3/18/26,3/18/26,2.16908E+12,No
LOC_156206.pdf,Doe et al. v. Liberty Healthcare et al/00_All Cases/LOC Docs/LOC_156206.pdf,Doe et al. v. Liberty Healthcare et al/00_All Cases/LOC Docs,.pdf,1,pdf_parsed,21,3/18/26,3/18/26,2.16907E+12,No
LOC_156207.pdf,Doe et al. v. Liberty Healthcare et al/00_All Cases/LOC Docs/LOC_156207.pdf,Doe et al. v. Liberty Healthcare et al/00_All Cases/LOC Docs,.pdf,2,pdf_parsed,20.2,3/18/26,3/18/26,2.16907E+12,No
LOC_156209.pdf,Doe et al. v. Liberty Healthcare et al/00_All Cases/LOC Docs/LOC_156209.pdf,Doe et al. v. Liberty Healthcare et al/00_All Cases/LOC Docs,.pdf,2,pdf_parsed,24.6,3/18/26,3/18/26,2.16908E+12,No
LOC_156211.pdf,Doe et al. v. Liberty Healthcare et al/00_All Cases/LOC Docs/LOC_156211.pdf,Doe et al. v. Liberty Healthcare et al/00_All Cases/LOC Docs,.pdf,2,pdf_parsed,373.1,3/18/26,3/18/26,2.16907E+12,No
LOC_156213.pdf,Doe et al. v. Liberty Healthcare et al/00_All Cases/LOC Docs/LOC_156213.pdf,Doe et al. v. Liberty Healthcare et al/00_All Cases/LOC Docs,.pdf,2,pdf_parsed,33.8,3/18/26,3/18/26,2.16908E+12,No
LOC_156215.pdf,Doe et al. v. Liberty Healthcare et al/00_All Cases/LOC Docs/LOC_156215.pdf,Doe et al. v. Liberty Healthcare et al/00_All Cases/LOC Docs,.pdf,2,pdf_parsed,21.9,3/18/26,3/18/26,2.16907E+12,No
LOC_156217.pdf,Doe et al. v. Liberty Healthcare et al/00_All Cases/LOC Docs/LOC_156217.pdf,Doe et al. v. Liberty Healthcare et al/00_All Cases/LOC Docs,.pdf,2,pdf_parsed,68.1,3/18/26,3/18/26,2.16908E+12,No
LOC_156219.pdf,Doe et al. v. Liberty Healthcare et al/00_All Cases/LOC Docs/LOC_156219.pdf,Doe et al. v. Liberty Healthcare et al/00_All Cases/LOC Docs,.pdf,2,pdf_parsed,97.5,3/18/26,3/18/26,2.16908E+12,No
LOC_156221.pdf,Doe et al. v. Liberty Healthcare et al/00_All Cases/LOC Docs/LOC_156221.pdf,Doe et al. v. Liberty Healthcare et al/00_All Cases/LOC Docs,.pdf,4,pdf_parsed,124.1,3/18/26,3/18/26,2.16908E+12,No
LOC_156225.pdf,Doe et al. v. Liberty Healthcare et al/00_All Cases/LOC Docs/LOC_156225.pdf,Doe et al. v. Liberty Healthcare et al/00_All Cases/LOC Docs,.pdf,2,pdf_parsed,51.3,3/18/26,3/18/26,2.16907E+12,No
LOC_156227.pdf,Doe et al. v. Liberty Healthcare et al/00_All Cases/LOC Docs/LOC_156227.pdf,Doe et al. v. Liberty Healthcare et al/00_All Cases/LOC Docs,.pdf,2,pdf_parsed,18.3,3/18/26,3/18/26,2.16908E+12,No
LOC_156229.pdf,Doe et al. v. Liberty Healthcare et al/00_All Cases/LOC Docs/LOC_156229.pdf,Doe et al. v. Liberty Healthcare et al/00_All Cases/LOC Docs,.pdf,2,pdf_parsed,14.5,3/18/26,3/18/26,2.16907E+12,No
LOC_156231.pdf,Doe et al. v. Liberty Healthcare et al/00_All Cases/LOC Docs/LOC_156231.pdf,Doe et al. v. Liberty Healthcare et al/00_All Cases/LOC Docs,.pdf,2,pdf_parsed,47.9,3/18/26,3/18/26,2.16907E+12,No
LOC_156233.pdf,Doe et al. v. Liberty Healthcare et al/00_All Cases/LOC Docs/LOC_156233.pdf,Doe et al. v. Liberty Healthcare et al/00_All Cases/LOC Docs,.pdf,2,pdf_parsed,14.2,3/18/26,3/18/26,2.16907E+12,No
LOC_156235.pdf,Doe et al. v. Liberty Healthcare et al/00_All Cases/LOC Docs/LOC_156235.pdf,Doe et al. v. Liberty Healthcare et al/00_All Cases/LOC Docs,.pdf,2,pdf_parsed,690,3/18/26,3/18/26,2.16907E+12,No
LOC_156237.pdf,Doe et al. v. Liberty Healthcare et al/00_All Cases/LOC Docs/LOC_156237.pdf,Doe et al. v. Liberty Healthcare et al/00_All Cases/LOC Docs,.pdf,2,pdf_parsed,12.8,3/18/26,3/18/26,2.16908E+12,No
LOC_156239.pdf,Doe et al. v. Liberty Healthcare et al/00_All Cases/LOC Docs/LOC_156239.pdf,Doe et al. v. Liberty Healthcare et al/00_All Cases/LOC Docs,.pdf,2,pdf_parsed,30.2,3/18/26,3/18/26,2.16908E+12,No
LOC_156241.pdf,Doe et al. v. Liberty Healthcare et al/00_All Cases/LOC Docs/LOC_156241.pdf,Doe et al. v. Liberty Healthcare et al/00_All Cases/LOC Docs,.pdf,16,pdf_parsed,587.3,3/18/26,3/18/26,2.16907E+12,No
LOC_156257.pdf,Doe et al. v. Liberty Healthcare et al/00_All Cases/LOC Docs/LOC_156257.pdf,Doe et al. v. Liberty Healthcare et al/00_All Cases/LOC Docs,.pdf,2,pdf_parsed,44.2,3/18/26,3/18/26,2.16907E+12,No
LOC_156259.pdf,Doe et al. v. Liberty Healthcare et al/00_All Cases/LOC Docs/LOC_156259.pdf,Doe et al. v. Liberty Healthcare et al/00_All Cases/LOC Docs,.pdf,2,pdf_parsed,33.3,3/18/26,3/18/26,2.16908E+12,No
LOC_156261.pdf,Doe et al. v. Liberty Healthcare et al/00_All Cases/LOC Docs/LOC_156261.pdf,Doe et al. v. Liberty Healthcare et al/00_All Cases/LOC Docs,.pdf,2,pdf_parsed,32.6,3/18/26,3/18/26,2.16907E+12,No
LOC_156263.pdf,Doe et al. v. Liberty Healthcare et al/00_All Cases/LOC Docs/LOC_156263.pdf,Doe et al. v. Liberty Healthcare et al/00_All Cases/LOC Docs,.pdf,2,pdf_parsed,751.2,3/18/26,3/18/26,2.16908E+12,No
LOC_156265.pdf,Doe et al. v. Liberty Healthcare et al/00_All Cases/LOC Docs/LOC_156265.pdf,Doe et al. v. Liberty Healthcare et al/00_All Cases/LOC Docs,.pdf,2,pdf_parsed,1683.9,3/18/26,3/18/26,2.16907E+12,No
LOC_156267.pdf,Doe et al. v. Liberty Healthcare et al/00_All Cases/LOC Docs/LOC_156267.pdf,Doe et al. v. Liberty Healthcare et al/00_All Cases/LOC Docs,.pdf,5,pdf_parsed,4552,3/18/26,3/18/26,2.16908E+12,No
LOC_156272.pdf,Doe et al. v. Liberty Healthcare et al/00_All Cases/LOC Docs/LOC_156272.pdf,Doe et al. v. Liberty Healthcare et al/00_All Cases/LOC Docs,.pdf,2,pdf_parsed,1363.1,3/18/26,3/18/26,2.16908E+12,No
LOC_156274.pdf,Doe et al. v. Liberty Healthcare et al/00_All Cases/LOC Docs/LOC_156274.pdf,Doe et al. v. Liberty Healthcare et al/00_All Cases/LOC Docs,.pdf,1,pdf_parsed,1027.2,3/18/26,3/18/26,2.16908E+12,No
LOC_156275.pdf,Doe et al. v. Liberty Healthcare et al/00_All Cases/LOC Docs/LOC_156275.pdf,Doe et al. v. Liberty Healthcare et al/00_All Cases/LOC Docs,.pdf,1,pdf_parsed,996.5,3/18/26,3/18/26,2.16908E+12,No
LOC_156276.pdf,Doe et al. v. Liberty Healthcare et al/00_All Cases/LOC Docs/LOC_156276.pdf,Doe et al. v. Liberty Healthcare et al/00_All Cases/LOC Docs,.pdf,2,pdf_parsed,1707.4,3/18/26,3/18/26,2.16908E+12,No
LOC_156278.pdf,Doe et al. v. Liberty Healthcare et al/00_All Cases/LOC Docs/LOC_156278.pdf,Doe et al. v. Liberty Healthcare et al/00_All Cases/LOC Docs,.pdf,1,pdf_parsed,723,3/18/26,3/18/26,2.16908E+12,No
LOC_156279.pdf,Doe et al. v. Liberty Healthcare et al/00_All Cases/LOC Docs/LOC_156279.pdf,Doe et al. v. Liberty Healthcare et al/00_All Cases/LOC Docs,.pdf,2,pdf_parsed,1634.5,3/18/26,3/18/26,2.16907E+12,No
LOC_156281.pdf,Doe et al. v. Liberty Healthcare et al/00_All Cases/LOC Docs/LOC_156281.pdf,Doe et al. v. Liberty Healthcare et al/00_All Cases/LOC Docs,.pdf,1,pdf_parsed,787.8,3/18/26,3/18/26,2.16908E+12,No
LOC_156282.pdf,Doe et al. v. Liberty Healthcare et al/00_All Cases/LOC Docs/LOC_156282.pdf,Doe et al. v. Liberty Healthcare et al/00_All Cases/LOC Docs,.pdf,2,pdf_parsed,1762.8,3/18/26,3/18/26,2.16908E+12,No
LOC_156284.pdf,Doe et al. v. Liberty Healthcare et al/00_All Cases/LOC Docs/LOC_156284.pdf,Doe et al. v. Liberty Healthcare et al/00_All Cases/LOC Docs,.pdf,2,pdf_parsed,2177.5,3/18/26,3/18/26,2.16907E+12,No
LOC_156286.pdf,Doe et al. v. Liberty Healthcare et al/00_All Cases/LOC Docs/LOC_156286.pdf,Doe et al. v. Liberty Healthcare et al/00_All Cases/LOC Docs,.pdf,1,pdf_parsed,1029.6,3/18/26,3/18/26,2.16907E+12,No
LOC_156287.pdf,Doe et al. v. Liberty Healthcare et al/00_All Cases/LOC Docs/LOC_156287.pdf,Doe et al. v. Liberty Healthcare et al/00_All Cases/LOC Docs,.pdf,2,pdf_parsed,1407.7,3/18/26,3/18/26,2.16907E+12,No
LOC_156289.pdf,Doe et al. v. Liberty Healthcare et al/00_All Cases/LOC Docs/LOC_156289.pdf,Doe et al. v. Liberty Healthcare et al/00_All Cases/LOC Docs,.pdf,3,pdf_parsed,2481.3,3/18/26,3/18/26,2.16908E+12,No
LOC_156292.pdf,Doe et al. v. Liberty Healthcare et al/00_All Cases/LOC Docs/LOC_156292.pdf,Doe et al. v. Liberty Healthcare et al/00_All Cases/LOC Docs,.pdf,1,pdf_parsed,699.6,3/18/26,3/18/26,2.16907E+12,No
LOC_156293.pdf,Doe et al. v. Liberty Healthcare et al/00_All Cases/LOC Docs/LOC_156293.pdf,Doe et al. v. Liberty Healthcare et al/00_All Cases/LOC Docs,.pdf,2,pdf_parsed,1209.6,3/18/26,3/18/26,2.16908E+12,No
LOC_156295.pdf,Doe et al. v. Liberty Healthcare et al/00_All Cases/LOC Docs/LOC_156295.pdf,Doe et al. v. Liberty Healthcare et al/00_All Cases/LOC Docs,.pdf,2,pdf_parsed,1548.9,3/18/26,3/18/26,2.16907E+12,No
LOC_156297.pdf,Doe et al. v. Liberty Healthcare et al/00_All Cases/LOC Docs/LOC_156297.pdf,Doe et al. v. Liberty Healthcare et al/00_All Cases/LOC Docs,.pdf,3,pdf_parsed,2451.6,3/18/26,3/18/26,2.16908E+12,No
LOC_156300.pdf,Doe et al. v. Liberty Healthcare et al/00_All Cases/LOC Docs/LOC_156300.pdf,Doe et al. v. Liberty Healthcare et al/00_All Cases/LOC Docs,.pdf,4,pdf_parsed,3786.2,3/18/26,3/18/26,2.16908E+12,No
LOC_156304.pdf,Doe et al. v. Liberty Healthcare et al/00_All Cases/LOC Docs/LOC_156304.pdf,Doe et al. v. Liberty Healthcare et al/00_All Cases/LOC Docs,.pdf,2,pdf_parsed,1284.6,3/18/26,3/18/26,2.16908E+12,No
LOC_156306.pdf,Doe et al. v. Liberty Healthcare et al/00_All Cases/LOC Docs/LOC_156306.pdf,Doe et al. v. Liberty Healthcare et al/00_All Cases/LOC Docs,.pdf,1,pdf_parsed,908,3/18/26,3/18/26,2.16907E+12,No
LOC_156307.pdf,Doe et al. v. Liberty Healthcare et al/00_All Cases/LOC Docs/LOC_156307.pdf,Doe et al. v. Liberty Healthcare et al/00_All Cases/LOC Docs,.pdf,1,pdf_parsed,952.9,3/18/26,3/18/26,2.16908E+12,No
LOC_156308.pdf,Doe et al. v. Liberty Healthcare et al/00_All Cases/LOC Docs/LOC_156308.pdf,Doe et al. v. Liberty Healthcare et al/00_All Cases/LOC Docs,.pdf,2,pdf_parsed,1212.1,3/18/26,3/18/26,2.16908E+12,No
LOC_156310.pdf,Doe et al. v. Liberty Healthcare et al/00_All Cases/LOC Docs/LOC_156310.pdf,Doe et al. v. Liberty Healthcare et al/00_All Cases/LOC Docs,.pdf,1,pdf_parsed,723.7,3/18/26,3/18/26,2.16907E+12,No
LOC_156311.pdf,Doe et al. v. Liberty Healthcare et al/00_All Cases/LOC Docs/LOC_156311.pdf,Doe et al. v. Liberty Healthcare et al/00_All Cases/LOC Docs,.pdf,4,pdf_parsed,3689.8,3/18/26,3/18/26,2.16908E+12,No
LOC_156315.pdf,Doe et al. v. Liberty Healthcare et al/00_All Cases/LOC Docs/LOC_156315.pdf,Doe et al. v. Liberty Healthcare et al/00_All Cases/LOC Docs,.pdf,3,pdf_parsed,2334.3,3/18/26,3/18/26,2.16907E+12,No
LOC_156318.pdf,Doe et al. v. Liberty Healthcare et al/00_All Cases/LOC Docs/LOC_156318.pdf,Doe et al. v. Liberty Healthcare et al/00_All Cases/LOC Docs,.pdf,3,pdf_parsed,1723.6,3/18/26,3/18/26,2.16908E+12,No
LOC_156321.pdf,Doe et al. v. Liberty Healthcare et al/00_All Cases/LOC Docs/LOC_156321.pdf,Doe et al. v. Liberty Healthcare et al/00_All Cases/LOC Docs,.pdf,2,pdf_parsed,1226.3,3/18/26,3/18/26,2.16908E+12,No
LOC_156323.pdf,Doe et al. v. Liberty Healthcare et al/00_All Cases/LOC Docs/LOC_156323.pdf,Doe et al. v. Liberty Healthcare et al/00_All Cases/LOC Docs,.pdf,1,pdf_parsed,824.8,3/18/26,3/18/26,2.16907E+12,No
LOC_156324.pdf,Doe et al. v. Liberty Healthcare et al/00_All Cases/LOC Docs/LOC_156324.pdf,Doe et al. v. Liberty Healthcare et al/00_All Cases/LOC Docs,.pdf,21,pdf_parsed,7389,3/18/26,3/18/26,2.16907E+12,No
LOC_156345.pdf,Doe et al. v. Liberty Healthcare et al/00_All Cases/LOC Docs/LOC_156345.pdf,Doe et al. v. Liberty Healthcare et al/00_All Cases/LOC Docs,.pdf,5,pdf_parsed,2338.8,3/18/26,3/18/26,2.16907E+12,No
LOC_156350.pdf,Doe et al. v. Liberty Healthcare et al/00_All Cases/LOC Docs/LOC_156350.pdf,Doe et al. v. Liberty Healthcare et al/00_All Cases/LOC Docs,.pdf,4,pdf_parsed,2123.1,3/18/26,3/18/26,2.16908E+12,No
LOC_156354.pdf,Doe et al. v. Liberty Healthcare et al/00_All Cases/LOC Docs/LOC_156354.pdf,Doe et al. v. Liberty Healthcare et al/00_All Cases/LOC Docs,.pdf,3,pdf_parsed,86.8,3/18/26,3/18/26,2.16908E+12,No
LOC_156357.pdf,Doe et al. v. Liberty Healthcare et al/00_All Cases/LOC Docs/LOC_156357.pdf,Doe et al. v. Liberty Healthcare et al/00_All Cases/LOC Docs,.pdf,2,pdf_parsed,1319.3,3/18/26,3/18/26,2.16907E+12,No
LOC_156359.pdf,Doe et al. v. Liberty Healthcare et al/00_All Cases/LOC Docs/LOC_156359.pdf,Doe et al. v. Liberty Healthcare et al/00_All Cases/LOC Docs,.pdf,5,pdf_parsed,2518.8,3/18/26,3/18/26,2.16907E+12,No
LOC_156364.pdf,Doe et al. v. Liberty Healthcare et al/00_All Cases/LOC Docs/LOC_156364.pdf,Doe et al. v. Liberty Healthcare et al/00_All Cases/LOC Docs,.pdf,5,pdf_parsed,166.5,3/18/26,3/18/26,2.16907E+12,No
LOC_158994.pdf,Doe et al. v. Liberty Healthcare et al/09b_Robert Alba (John Doe 9B)/LOC_158994.pdf,Doe et al. v. Liberty Healthcare et al/09b_Robert Alba (John Doe 9B),.pdf,82,pdf_parsed,10652.4,3/18/26,3/18/26,2.16906E+12,No
LOC_159076.pdf,Doe et al. v. Liberty Healthcare et al/09b_Robert Alba (John Doe 9B)/LOC_159076.pdf,Doe et al. v. Liberty Healthcare et al/09b_Robert Alba (John Doe 9B),.pdf,142,pdf_parsed,14698.4,3/18/26,3/18/26,2.16906E+12,No
LOC_164050.pdf,Doe et al. v. Liberty Healthcare et al/10b_Bailey Call (John Doe 10B)/LOC_164050.pdf,Doe et al. v. Liberty Healthcare et al/10b_Bailey Call (John Doe 10B),.pdf,151,pdf_parsed,35850.9,3/18/26,3/18/26,2.16906E+12,No
LOC_164201.pdf,Doe et al. v. Liberty Healthcare et al/10b_Bailey Call (John Doe 10B)/LOC_164201.pdf,Doe et al. v. Liberty Healthcare et al/10b_Bailey Call (John Doe 10B),.pdf,36,pdf_parsed,5165.4,3/18/26,3/18/26,2.16906E+12,No
LOC_164237.pdf,Doe et al. v. Liberty Healthcare et al/10b_Bailey Call (John Doe 10B)/LOC_164237.pdf,Doe et al. v. Liberty Healthcare et al/10b_Bailey Call (John Doe 10B),.pdf,113,pdf_parsed,19240,3/18/26,3/18/26,2.16907E+12,No
LOC_164350.pdf,Doe et al. v. Liberty Healthcare et al/10b_Bailey Call (John Doe 10B)/LOC_164350.pdf,Doe et al. v. Liberty Healthcare et al/10b_Bailey Call (John Doe 10B),.pdf,113,pdf_parsed,19236.2,3/18/26,3/18/26,2.16907E+12,No
LOC_164463.pdf,Doe et al. v. Liberty Healthcare et al/10b_Bailey Call (John Doe 10B)/LOC_164463.pdf,Doe et al. v. Liberty Healthcare et al/10b_Bailey Call (John Doe 10B),.pdf,5,pdf_parsed,2771.1,3/18/26,3/18/26,2.16907E+12,No
LOC_164699.pdf,Doe et al. v. Liberty Healthcare et al/12b_Waylon Cauthon (John Doe 12B)/LOC_164699.pdf,Doe et al. v. Liberty Healthcare et al/12b_Waylon Cauthon (John Doe 12B),.pdf,42,pdf_parsed,6118.8,3/18/26,3/18/26,2.16908E+12,No
LOC_164741.pdf,Doe et al. v. Liberty Healthcare et al/12b_Waylon Cauthon (John Doe 12B)/LOC_164741.pdf,Doe et al. v. Liberty Healthcare et al/12b_Waylon Cauthon (John Doe 12B),.pdf,74,pdf_parsed,10413.1,3/18/26,3/18/26,2.16908E+12,No
LOC_172918.pdf,Doe et al. v. Liberty Healthcare et al/09b_Robert Alba (John Doe 9B)/LOC_172918.pdf,Doe et al. v. Liberty Healthcare et al/09b_Robert Alba (John Doe 9B),.pdf,192,pdf_parsed,44736.9,3/18/26,3/18/26,2.16905E+12,No
LOC_176160.pdf,Doe et al. v. Liberty Healthcare et al/05_Mickey McDade (Jane Doe 5)/LOC_176160.pdf,Doe et al. v. Liberty Healthcare et al/05_Mickey McDade (Jane Doe 5),.pdf,134,pdf_parsed,15526.9,3/18/26,3/18/26,2.16906E+12,No
LOC_176562.pdf,Doe et al. v. Liberty Healthcare et al/02b_MacArthur Finley (JD2B)/LOC_176562.pdf,Doe et al. v. Liberty Healthcare et al/02b_MacArthur Finley (JD2B),.pdf,47,pdf_parsed,12070,3/18/26,3/18/26,2.1691E+12,No
LOC_177347.pdf,Doe et al. v. Liberty Healthcare et al/12b_Waylon Cauthon (John Doe 12B)/LOC_177347.pdf,Doe et al. v. Liberty Healthcare et al/12b_Waylon Cauthon (John Doe 12B),.pdf,30,pdf_parsed,13426.7,3/18/26,3/18/26,2.16908E+12,No
LOC_177459.pdf,Doe et al. v. Liberty Healthcare et al/04_Dakota Norman (John Doe 4)/LOC_177459.pdf,Doe et al. v. Liberty Healthcare et al/04_Dakota Norman (John Doe 4),.pdf,130,pdf_parsed,21048.8,3/18/26,3/18/26,2.16907E+12,No
LOC_177589.pdf,Doe et al. v. Liberty Healthcare et al/04_Dakota Norman (John Doe 4)/LOC_177589.pdf,Doe et al. v. Liberty Healthcare et al/04_Dakota Norman (John Doe 4),.pdf,5,pdf_parsed,502,3/18/26,3/18/26,2.16907E+12,No
LOC_178051.pdf,Doe et al. v. Liberty Healthcare et al/07b_Richard Peters (John Doe 7B)/LOC_178051.pdf,Doe et al. v. Liberty Healthcare et al/07b_Richard Peters (John Doe 7B),.pdf,14,pdf_parsed,2323.3,3/18/26,3/18/26,2.16907E+12,No
LOC_178065.pdf,Doe et al. v. Liberty Healthcare et al/07b_Richard Peters (John Doe 7B)/LOC_178065.pdf,Doe et al. v. Liberty Healthcare et al/07b_Richard Peters (John Doe 7B),.pdf,71,pdf_parsed,12802.6,3/18/26,3/18/26,2.16906E+12,No
LOC_179267.pdf,Doe et al. v. Liberty Healthcare et al/01_Cody Richardson (JD1)/LOC_179267.pdf,Doe et al. v. Liberty Healthcare et al/01_Cody Richardson (JD1),.pdf,70,pdf_parsed,10100.1,3/18/26,3/18/26,2.16909E+12,No
LOC_179337.pdf,Doe et al. v. Liberty Healthcare et al/01_Cody Richardson (JD1)/LOC_179337.pdf,Doe et al. v. Liberty Healthcare et al/01_Cody Richardson (JD1),.pdf,36,pdf_parsed,6486.2,3/18/26,3/18/26,2.16909E+12,No
LOC_179373.pdf,Doe et al. v. Liberty Healthcare et al/07b_Launa Richardson (Jane Doe 7B)/LOC_179373.pdf,Doe et al. v. Liberty Healthcare et al/07b_Launa Richardson (Jane Doe 7B),.pdf,129,pdf_parsed,21141.7,3/18/26,3/18/26,2.16905E+12,No
LOC_182841.pdf,Doe et al. v. Liberty Healthcare et al/04b_Caitlin Spradling (Jane Doe 4B)/LOC_182841.pdf,Doe et al. v. Liberty Healthcare et al/04b_Caitlin Spradling (Jane Doe 4B),.pdf,83,pdf_parsed,15093.9,3/18/26,3/18/26,2.1691E+12,No
LOC_182924.pdf,Doe et al. v. Liberty Healthcare et al/04b_Caitlin Spradling (Jane Doe 4B)/LOC_182924.pdf,Doe et al. v. Liberty Healthcare et al/04b_Caitlin Spradling (Jane Doe 4B),.pdf,144,pdf_parsed,38006.8,3/18/26,3/18/26,2.1691E+12,No
LOC_183068.pdf,Doe et al. v. Liberty Healthcare et al/06b_Nathan Stinnett (John Doe 6B)/LOC_183068.pdf,Doe et al. v. Liberty Healthcare et al/06b_Nathan Stinnett (John Doe 6B),.pdf,82,pdf_parsed,15519,3/18/26,3/18/26,2.16909E+12,No
LOC_184952.pdf,Doe et al. v. Liberty Healthcare et al/05_Mickey McDade (Jane Doe 5)/LOC_184952.pdf,Doe et al. v. Liberty Healthcare et al/05_Mickey McDade (Jane Doe 5),.pdf,25,pdf_parsed,1403,3/18/26,3/18/26,2.16905E+12,No
LOC_184977.pdf,Doe et al. v. Liberty Healthcare et al/05_Mickey McDade (Jane Doe 5)/LOC_184977.pdf,Doe et al. v. Liberty Healthcare et al/05_Mickey McDade (Jane Doe 5),.pdf,17,pdf_parsed,1034.4,3/18/26,3/18/26,2.16905E+12,No
LOC_184994.pdf,Doe et al. v. Liberty Healthcare et al/05_Mickey McDade (Jane Doe 5)/LOC_184994.pdf,Doe et al. v. Liberty Healthcare et al/05_Mickey McDade (Jane Doe 5),.pdf,31,pdf_parsed,2068,3/18/26,3/18/26,2.16905E+12,No
LOC_185051.pdf,Doe et al. v. Liberty Healthcare et al/07b_Richard Peters (John Doe 7B)/LOC_185051.pdf,Doe et al. v. Liberty Healthcare et al/07b_Richard Peters (John Doe 7B),.pdf,14,pdf_parsed,1105.2,3/18/26,3/18/26,2.16907E+12,No
LOC_185153.pdf,Doe et al. v. Liberty Healthcare et al/00_All Cases/LOC Docs/LOC_185153.pdf,Doe et al. v. Liberty Healthcare et al/00_All Cases/LOC Docs,.pdf,119,pdf_parsed,5033.5,3/18/26,3/18/26,2.16908E+12,No
LOC_186624.pdf,Doe et al. v. Liberty Healthcare et al/02b_MacArthur Finley (JD2B)/LOC_186624.pdf,Doe et al. v. Liberty Healthcare et al/02b_MacArthur Finley (JD2B),.pdf,1,pdf_parsed,312.7,3/18/26,3/18/26,2.16912E+12,No
LOC_186625.pdf,Doe et al. v. Liberty Healthcare et al/02b_MacArthur Finley (JD2B)/LOC_186625.pdf,Doe et al. v. Liberty Healthcare et al/02b_MacArthur Finley (JD2B),.pdf,1,pdf_parsed,1114.9,3/18/26,3/18/26,2.1691E+12,No
LOC_186626.pdf,Doe et al. v. Liberty Healthcare et al/02b_MacArthur Finley (JD2B)/LOC_186626.pdf,Doe et al. v. Liberty Healthcare et al/02b_MacArthur Finley (JD2B),.pdf,4,pdf_parsed,466.5,3/18/26,3/18/26,2.1691E+12,No
LOC_186630.pdf,Doe et al. v. Liberty Healthcare et al/02b_MacArthur Finley (JD2B)/LOC_186630.pdf,Doe et al. v. Liberty Healthcare et al/02b_MacArthur Finley (JD2B),.pdf,4,pdf_parsed,466.5,3/18/26,3/18/26,2.16909E+12,No
LOC_186634.pdf,Doe et al. v. Liberty Healthcare et al/02b_MacArthur Finley (JD2B)/LOC_186634.pdf,Doe et al. v. Liberty Healthcare et al/02b_MacArthur Finley (JD2B),.pdf,1,pdf_parsed,1114.7,3/18/26,3/18/26,2.1691E+12,No
LOC_186648.pdf,Doe et al. v. Liberty Healthcare et al/02b_MacArthur Finley (JD2B)/LOC_186648.pdf,Doe et al. v. Liberty Healthcare et al/02b_MacArthur Finley (JD2B),.pdf,4,pdf_parsed,356.7,3/18/26,3/18/26,2.1691E+12,No
LOC_186652.pdf,Doe et al. v. Liberty Healthcare et al/02b_MacArthur Finley (JD2B)/LOC_186652.pdf,Doe et al. v. Liberty Healthcare et al/02b_MacArthur Finley (JD2B),.pdf,1,pdf_parsed,416.3,3/18/26,3/18/26,2.1691E+12,No
LOC_186653.pdf,Doe et al. v. Liberty Healthcare et al/02b_MacArthur Finley (JD2B)/LOC_186653.pdf,Doe et al. v. Liberty Healthcare et al/02b_MacArthur Finley (JD2B),.pdf,2,pdf_parsed,1293,3/18/26,3/18/26,2.16909E+12,No
LOC_186655.pdf,Doe et al. v. Liberty Healthcare et al/02b_MacArthur Finley (JD2B)/LOC_186655.pdf,Doe et al. v. Liberty Healthcare et al/02b_MacArthur Finley (JD2B),.pdf,4,pdf_parsed,356.7,3/18/26,3/18/26,2.1691E+12,No
LOC_186659.pdf,Doe et al. v. Liberty Healthcare et al/02b_MacArthur Finley (JD2B)/LOC_186659.pdf,Doe et al. v. Liberty Healthcare et al/02b_MacArthur Finley (JD2B),.pdf,2,pdf_parsed,848.5,3/18/26,3/18/26,2.16909E+12,No
LOC_186661.pdf,Doe et al. v. Liberty Healthcare et al/02b_MacArthur Finley (JD2B)/LOC_186661.pdf,Doe et al. v. Liberty Healthcare et al/02b_MacArthur Finley (JD2B),.pdf,2,pdf_parsed,1292.9,3/18/26,3/18/26,2.16909E+12,No
LOC_186663.pdf,Doe et al. v. Liberty Healthcare et al/02b_MacArthur Finley (JD2B)/LOC_186663.pdf,Doe et al. v. Liberty Healthcare et al/02b_MacArthur Finley (JD2B),.pdf,4,pdf_parsed,356.8,3/18/26,3/18/26,2.1691E+12,No
LOC_186667.pdf,Doe et al. v. Liberty Healthcare et al/02b_MacArthur Finley (JD2B)/LOC_186667.pdf,Doe et al. v. Liberty Healthcare et al/02b_MacArthur Finley (JD2B),.pdf,2,pdf_parsed,1293.1,3/18/26,3/18/26,2.16909E+12,No
LOC_186669.pdf,Doe et al. v. Liberty Healthcare et al/02b_MacArthur Finley (JD2B)/LOC_186669.pdf,Doe et al. v. Liberty Healthcare et al/02b_MacArthur Finley (JD2B),.pdf,1,pdf_parsed,301,3/18/26,3/18/26,2.1691E+12,No
LOC_186670.pdf,Doe et al. v. Liberty Healthcare et al/02b_MacArthur Finley (JD2B)/LOC_186670.pdf,Doe et al. v. Liberty Healthcare et al/02b_MacArthur Finley (JD2B),.pdf,2,pdf_parsed,1316,3/18/26,3/18/26,2.16909E+12,No
LOC_186672.pdf,Doe et al. v. Liberty Healthcare et al/02b_MacArthur Finley (JD2B)/LOC_186672.pdf,Doe et al. v. Liberty Healthcare et al/02b_MacArthur Finley (JD2B),.pdf,4,pdf_parsed,249.4,3/18/26,3/18/26,2.1691E+12,No
LOC_186676.pdf,Doe et al. v. Liberty Healthcare et al/02b_MacArthur Finley (JD2B)/LOC_186676.pdf,Doe et al. v. Liberty Healthcare et al/02b_MacArthur Finley (JD2B),.pdf,2,pdf_parsed,1316.1,3/18/26,3/18/26,2.1691E+12,No
LOC_186678.pdf,Doe et al. v. Liberty Healthcare et al/02b_MacArthur Finley (JD2B)/LOC_186678.pdf,Doe et al. v. Liberty Healthcare et al/02b_MacArthur Finley (JD2B),.pdf,4,pdf_parsed,249.5,3/18/26,3/18/26,2.1691E+12,No
LOC_186682.pdf,Doe et al. v. Liberty Healthcare et al/05b_Noah Zoellner (JD5B)/LOC_186682.pdf,Doe et al. v. Liberty Healthcare et al/05b_Noah Zoellner (JD5B),.pdf,4,pdf_parsed,505.8,3/18/26,3/18/26,2.16907E+12,No
LOC_186686.pdf,Doe et al. v. Liberty Healthcare et al/05b_Noah Zoellner (JD5B)/LOC_186686.pdf,Doe et al. v. Liberty Healthcare et al/05b_Noah Zoellner (JD5B),.pdf,1,pdf_parsed,418.6,3/18/26,3/18/26,2.16907E+12,No
LOC_186687.pdf,Doe et al. v. Liberty Healthcare et al/05b_Noah Zoellner (JD5B)/LOC_186687.pdf,Doe et al. v. Liberty Healthcare et al/05b_Noah Zoellner (JD5B),.pdf,2,pdf_parsed,1332,3/18/26,3/18/26,2.16906E+12,No
LOC_186689.pdf,Doe et al. v. Liberty Healthcare et al/05b_Noah Zoellner (JD5B)/LOC_186689.pdf,Doe et al. v. Liberty Healthcare et al/05b_Noah Zoellner (JD5B),.pdf,4,pdf_parsed,505.8,3/18/26,3/18/26,2.16907E+12,No
LOC_186693.pdf,Doe et al. v. Liberty Healthcare et al/05b_Noah Zoellner (JD5B)/LOC_186693.pdf,Doe et al. v. Liberty Healthcare et al/05b_Noah Zoellner (JD5B),.pdf,2,pdf_parsed,1332,3/18/26,3/18/26,2.16907E+12,No
LOC_186717.pdf,Doe et al. v. Liberty Healthcare et al/02b_MacArthur Finley (JD2B)/LOC_186717.pdf,Doe et al. v. Liberty Healthcare et al/02b_MacArthur Finley (JD2B),.pdf,1,pdf_parsed,359.9,3/18/26,3/18/26,2.1691E+12,No
LOC_186718.pdf,Doe et al. v. Liberty Healthcare et al/02b_MacArthur Finley (JD2B)/LOC_186718.pdf,Doe et al. v. Liberty Healthcare et al/02b_MacArthur Finley (JD2B),.pdf,2,pdf_parsed,1407.1,3/18/26,3/18/26,2.1691E+12,No
LOC_186720.pdf,Doe et al. v. Liberty Healthcare et al/02b_MacArthur Finley (JD2B)/LOC_186720.pdf,Doe et al. v. Liberty Healthcare et al/02b_MacArthur Finley (JD2B),.pdf,4,pdf_parsed,475.5,3/18/26,3/18/26,2.16911E+12,No
LOC_186725.pdf,Doe et al. v. Liberty Healthcare et al/09b_Robert Alba (John Doe 9B)/LOC_186725.pdf,Doe et al. v. Liberty Healthcare et al/09b_Robert Alba (John Doe 9B),.pdf,2,pdf_parsed,1739.8,3/18/26,3/18/26,2.16905E+12,No
LOC_186727.pdf,Doe et al. v. Liberty Healthcare et al/09b_Robert Alba (John Doe 9B)/LOC_186727.pdf,Doe et al. v. Liberty Healthcare et al/09b_Robert Alba (John Doe 9B),.pdf,2,pdf_parsed,1732.4,3/18/26,3/18/26,2.16906E+12,No
LOC_186729.pdf,Doe et al. v. Liberty Healthcare et al/09b_Robert Alba (John Doe 9B)/LOC_186729.pdf,Doe et al. v. Liberty Healthcare et al/09b_Robert Alba (John Doe 9B),.pdf,6,pdf_parsed,729.4,3/18/26,3/18/26,2.16905E+12,No
LOC_186735.pdf,Doe et al. v. Liberty Healthcare et al/09b_Robert Alba (John Doe 9B)/LOC_186735.pdf,Doe et al. v. Liberty Healthcare et al/09b_Robert Alba (John Doe 9B),.pdf,1,pdf_parsed,362.6,3/18/26,3/18/26,2.16906E+12,No
LOC_186736.pdf,Doe et al. v. Liberty Healthcare et al/09b_Robert Alba (John Doe 9B)/LOC_186736.pdf,Doe et al. v. Liberty Healthcare et al/09b_Robert Alba (John Doe 9B),.pdf,2,pdf_parsed,1732.5,3/18/26,3/18/26,2.16905E+12,No
LOC_186738.pdf,Doe et al. v. Liberty Healthcare et al/09b_Robert Alba (John Doe 9B)/LOC_186738.pdf,Doe et al. v. Liberty Healthcare et al/09b_Robert Alba (John Doe 9B),.pdf,6,pdf_parsed,729.4,3/18/26,3/18/26,2.16906E+12,No
LOC_186744.pdf,Doe et al. v. Liberty Healthcare et al/09b_Robert Alba (John Doe 9B)/LOC_186744.pdf,Doe et al. v. Liberty Healthcare et al/09b_Robert Alba (John Doe 9B),.pdf,1,pdf_parsed,604.1,3/18/26,3/18/26,2.16905E+12,No
LOC_186745.pdf,Doe et al. v. Liberty Healthcare et al/09b_Robert Alba (John Doe 9B)/LOC_186745.pdf,Doe et al. v. Liberty Healthcare et al/09b_Robert Alba (John Doe 9B),.pdf,2,pdf_parsed,1739.6,3/18/26,3/18/26,2.16905E+12,No
LOC_186747.pdf,Doe et al. v. Liberty Healthcare et al/09b_Robert Alba (John Doe 9B)/LOC_186747.pdf,Doe et al. v. Liberty Healthcare et al/09b_Robert Alba (John Doe 9B),.pdf,6,pdf_parsed,729.3,3/18/26,3/18/26,2.16906E+12,No
LOC_186753.pdf,Doe et al. v. Liberty Healthcare et al/08b_Gage Luke (John Doe 8B)/LOC_186753.pdf,Doe et al. v. Liberty Healthcare et al/08b_Gage Luke (John Doe 8B),.pdf,9,pdf_parsed,6664,3/18/26,3/18/26,2.16905E+12,No
LOC_186762.pdf,Doe et al. v. Liberty Healthcare et al/08b_Gage Luke (John Doe 8B)/LOC_186762.pdf,Doe et al. v. Liberty Healthcare et al/08b_Gage Luke (John Doe 8B),.pdf,2,pdf_parsed,82.6,3/18/26,3/18/26,2.16906E+12,No
LOC_186764.pdf,Doe et al. v. Liberty Healthcare et al/08b_Gage Luke (John Doe 8B)/LOC_186764.pdf,Doe et al. v. Liberty Healthcare et al/08b_Gage Luke (John Doe 8B),.pdf,1,pdf_parsed,486.5,3/18/26,3/18/26,2.16905E+12,No
LOC_186765.pdf,Doe et al. v. Liberty Healthcare et al/08b_Gage Luke (John Doe 8B)/LOC_186765.pdf,Doe et al. v. Liberty Healthcare et al/08b_Gage Luke (John Doe 8B),.pdf,2,pdf_parsed,1388.6,3/18/26,3/18/26,2.16905E+12,No
LOC_186767.pdf,Doe et al. v. Liberty Healthcare et al/08b_Gage Luke (John Doe 8B)/LOC_186767.pdf,Doe et al. v. Liberty Healthcare et al/08b_Gage Luke (John Doe 8B),.pdf,1,pdf_parsed,254.6,3/18/26,3/18/26,2.16906E+12,No
LOC_186768.pdf,Doe et al. v. Liberty Healthcare et al/08b_Gage Luke (John Doe 8B)/LOC_186768.pdf,Doe et al. v. Liberty Healthcare et al/08b_Gage Luke (John Doe 8B),.pdf,1,pdf_parsed,348.8,3/18/26,3/18/26,2.16905E+12,No
LOC_186769.pdf,Doe et al. v. Liberty Healthcare et al/08b_Gage Luke (John Doe 8B)/LOC_186769.pdf,Doe et al. v. Liberty Healthcare et al/08b_Gage Luke (John Doe 8B),.pdf,2,pdf_parsed,153.1,3/18/26,3/18/26,2.16906E+12,No
LOC_186771.pdf,Doe et al. v. Liberty Healthcare et al/08b_Gage Luke (John Doe 8B)/LOC_186771.pdf,Doe et al. v. Liberty Healthcare et al/08b_Gage Luke (John Doe 8B),.pdf,2,pdf_parsed,1434.4,3/18/26,3/18/26,2.16905E+12,No
LOC_186773.pdf,Doe et al. v. Liberty Healthcare et al/08b_Gage Luke (John Doe 8B)/LOC_186773.pdf,Doe et al. v. Liberty Healthcare et al/08b_Gage Luke (John Doe 8B),.pdf,2,pdf_parsed,1414.5,3/18/26,3/18/26,2.16906E+12,No
LOC_186775.pdf,Doe et al. v. Liberty Healthcare et al/08b_Gage Luke (John Doe 8B)/LOC_186775.pdf,Doe et al. v. Liberty Healthcare et al/08b_Gage Luke (John Doe 8B),.pdf,2,pdf_parsed,1117.1,3/18/26,3/18/26,2.16905E+12,No
LOC_186777.pdf,Doe et al. v. Liberty Healthcare et al/08b_Gage Luke (John Doe 8B)/LOC_186777.pdf,Doe et al. v. Liberty Healthcare et al/08b_Gage Luke (John Doe 8B),.pdf,1,pdf_parsed,366.5,3/18/26,3/18/26,2.16906E+12,No
LOC_186778.pdf,Doe et al. v. Liberty Healthcare et al/08b_Gage Luke (John Doe 8B)/LOC_186778.pdf,Doe et al. v. Liberty Healthcare et al/08b_Gage Luke (John Doe 8B),.pdf,2,pdf_parsed,1414.7,3/18/26,3/18/26,2.16906E+12,No
LOC_186780.pdf,Doe et al. v. Liberty Healthcare et al/08b_Gage Luke (John Doe 8B)/LOC_186780.pdf,Doe et al. v. Liberty Healthcare et al/08b_Gage Luke (John Doe 8B),.pdf,1,pdf_parsed,757,3/18/26,3/18/26,2.16906E+12,No
LOC_186781.pdf,Doe et al. v. Liberty Healthcare et al/08b_Gage Luke (John Doe 8B)/LOC_186781.pdf,Doe et al. v. Liberty Healthcare et al/08b_Gage Luke (John Doe 8B),.pdf,1,pdf_parsed,603.2,3/18/26,3/18/26,2.16906E+12,No
LOC_186782.pdf,Doe et al. v. Liberty Healthcare et al/08b_Gage Luke (John Doe 8B)/LOC_186782.pdf,Doe et al. v. Liberty Healthcare et al/08b_Gage Luke (John Doe 8B),.pdf,2,pdf_parsed,1415.1,3/18/26,3/18/26,2.16905E+12,No
LOC_186784.pdf,Doe et al. v. Liberty Healthcare et al/08b_Gage Luke (John Doe 8B)/LOC_186784.pdf,Doe et al. v. Liberty Healthcare et al/08b_Gage Luke (John Doe 8B),.pdf,1,pdf_parsed,756.8,3/18/26,3/18/26,2.16905E+12,No
LOC_186785.pdf,Doe et al. v. Liberty Healthcare et al/08b_Gage Luke (John Doe 8B)/LOC_186785.pdf,Doe et al. v. Liberty Healthcare et al/08b_Gage Luke (John Doe 8B),.pdf,1,pdf_parsed,46.1,3/18/26,3/18/26,2.16906E+12,No
LOC_186786.pdf,Doe et al. v. Liberty Healthcare et al/08b_Gage Luke (John Doe 8B)/LOC_186786.pdf,Doe et al. v. Liberty Healthcare et al/08b_Gage Luke (John Doe 8B),.pdf,46,pdf_parsed,24464.7,3/18/26,3/18/26,2.16906E+12,No
LOC_186833.pdf,Doe et al. v. Liberty Healthcare et al/09b_Robert Alba (John Doe 9B)/LOC_186833.pdf,Doe et al. v. Liberty Healthcare et al/09b_Robert Alba (John Doe 9B),.pdf,8,pdf_parsed,1508,3/18/26,3/18/26,2.16905E+12,No
LOC_187476.pdf,Doe et al. v. Liberty Healthcare et al/02b_MacArthur Finley (JD2B)/LOC_187476.pdf,Doe et al. v. Liberty Healthcare et al/02b_MacArthur Finley (JD2B),.pdf,25,pdf_parsed,5320.3,3/18/26,3/18/26,2.1691E+12,No
LOC_188500.pdf,Doe et al. v. Liberty Healthcare et al/08b_Gage Luke (John Doe 8B)/LOC_188500.pdf,Doe et al. v. Liberty Healthcare et al/08b_Gage Luke (John Doe 8B),.pdf,64,pdf_parsed,17272.2,3/18/26,3/18/26,2.16906E+12,No
LOC_188757.pdf,Doe et al. v. Liberty Healthcare et al/11_Richard Lott (John Doe 11)/LOC_188757.pdf,Doe et al. v. Liberty Healthcare et al/11_Richard Lott (John Doe 11),.pdf,19,pdf_parsed,4473,3/18/26,3/18/26,2.16908E+12,No
LOC_188776.pdf,Doe et al. v. Liberty Healthcare et al/05_Mickey McDade (Jane Doe 5)/LOC_188776.pdf,Doe et al. v. Liberty Healthcare et al/05_Mickey McDade (Jane Doe 5),.pdf,423,pdf_parsed,51060,3/18/26,3/18/26,2.16906E+12,No
LOC_189703.pdf,Doe et al. v. Liberty Healthcare et al/02b_MacArthur Finley (JD2B)/LOC_189703.pdf,Doe et al. v. Liberty Healthcare et al/02b_MacArthur Finley (JD2B),.pdf,34,pdf_parsed,2601.8,3/18/26,3/18/26,2.1691E+12,Yes
LOC_189703.pdf,Doe et al. v. Liberty Healthcare et al/05b_Noah Zoellner (JD5B)/LOC_189703.pdf,Doe et al. v. Liberty Healthcare et al/05b_Noah Zoellner (JD5B),.pdf,34,pdf_parsed,2601.8,3/18/26,3/18/26,2.16906E+12,Yes
LOC_189754.pdf,Doe et al. v. Liberty Healthcare et al/03b_Theodore Clark (JD3B)/LOC_189754.pdf,Doe et al. v. Liberty Healthcare et al/03b_Theodore Clark (JD3B),.pdf,3,pdf_parsed,1655.5,3/18/26,3/18/26,2.16906E+12,No
LOC_189757.pdf,Doe et al. v. Liberty Healthcare et al/07b_Richard Peters (John Doe 7B)/LOC_189757.pdf,Doe et al. v. Liberty Healthcare et al/07b_Richard Peters (John Doe 7B),.pdf,89,pdf_parsed,41969.6,3/18/26,3/18/26,2.16906E+12,No
LOC_189846.pdf,Doe et al. v. Liberty Healthcare et al/07b_Richard Peters (John Doe 7B)/LOC_189846.pdf,Doe et al. v. Liberty Healthcare et al/07b_Richard Peters (John Doe 7B),.pdf,37,pdf_parsed,9790.7,3/18/26,3/18/26,2.16907E+12,No
LOC_191101.pdf,Doe et al. v. Liberty Healthcare et al/12b_Waylon Cauthon (John Doe 12B)/LOC_191101.pdf,Doe et al. v. Liberty Healthcare et al/12b_Waylon Cauthon (John Doe 12B),.pdf,299,pdf_parsed,57883.7,3/18/26,3/18/26,2.16909E+12,No
LOC_192479.pdf,Doe et al. v. Liberty Healthcare et al/06b_Nathan Stinnett (John Doe 6B)/LOC_192479.pdf,Doe et al. v. Liberty Healthcare et al/06b_Nathan Stinnett (John Doe 6B),.pdf,72,pdf_parsed,8801.3,3/18/26,3/18/26,2.16909E+12,No
LOC_193509.pdf,Doe et al. v. Liberty Healthcare et al/07b_Richard Peters (John Doe 7B)/LOC_193509.pdf,Doe et al. v. Liberty Healthcare et al/07b_Richard Peters (John Doe 7B),.pdf,13,pdf_parsed,3248.7,3/18/26,3/18/26,2.16907E+12,No
LOC_193526.pdf,Doe et al. v. Liberty Healthcare et al/00_All Cases/LOC Docs/LOC_193526.pdf,Doe et al. v. Liberty Healthcare et al/00_All Cases/LOC Docs,.pdf,141,pdf_parsed,39992.9,3/18/26,3/18/26,2.16907E+12,No
LOC_193833.pdf,Doe et al. v. Liberty Healthcare et al/05_Mickey McDade (Jane Doe 5)/LOC_193833.pdf,Doe et al. v. Liberty Healthcare et al/05_Mickey McDade (Jane Doe 5),.pdf,75,pdf_parsed,21858.7,3/18/26,3/18/26,2.16906E+12,No
LOC_193908.pdf,Doe et al. v. Liberty Healthcare et al/07b_Richard Peters (John Doe 7B)/LOC_193908.pdf,Doe et al. v. Liberty Healthcare et al/07b_Richard Peters (John Doe 7B),.pdf,14,pdf_parsed,1286.3,3/18/26,3/18/26,2.16907E+12,No
LOC_194015.pdf,Doe et al. v. Liberty Healthcare et al/08b_Gage Luke (John Doe 8B)/LOC_194015.pdf,Doe et al. v. Liberty Healthcare et al/08b_Gage Luke (John Doe 8B),.pdf,8,pdf_parsed,893.4,3/18/26,3/18/26,2.16906E+12,No
LOC_194113.pdf,Doe et al. v. Liberty Healthcare et al/06b_Nathan Stinnett (John Doe 6B)/LOC_194113.pdf,Doe et al. v. Liberty Healthcare et al/06b_Nathan Stinnett (John Doe 6B),.pdf,829,pdf_parsed,188359.7,3/18/26,3/18/26,2.16909E+12,No
LOC_194942.pdf,Doe et al. v. Liberty Healthcare et al/02b_MacArthur Finley (JD2B)/LOC_194942.pdf,Doe et al. v. Liberty Healthcare et al/02b_MacArthur Finley (JD2B),.pdf,125,pdf_parsed,21587.2,3/18/26,3/18/26,2.1691E+12,No
LOC_195730.pdf,Doe et al. v. Liberty Healthcare et al/07b_Richard Peters (John Doe 7B)/LOC_195730.pdf,Doe et al. v. Liberty Healthcare et al/07b_Richard Peters (John Doe 7B),.pdf,46,pdf_parsed,22340.1,3/18/26,3/18/26,2.16906E+12,No
LOC_195776.pdf,Doe et al. v. Liberty Healthcare et al/07b_Richard Peters (John Doe 7B)/LOC_195776.pdf,Doe et al. v. Liberty Healthcare et al/07b_Richard Peters (John Doe 7B),.pdf,77,pdf_parsed,7794.4,3/18/26,3/18/26,2.16906E+12,No
LOC_195853.pdf,Doe et al. v. Liberty Healthcare et al/07b_Richard Peters (John Doe 7B)/LOC_195853.pdf,Doe et al. v. Liberty Healthcare et al/07b_Richard Peters (John Doe 7B),.pdf,412,pdf_parsed,45898.7,3/18/26,3/18/26,2.16907E+12,No
LOC_196265.pdf,Doe et al. v. Liberty Healthcare et al/07b_Richard Peters (John Doe 7B)/LOC_196265.pdf,Doe et al. v. Liberty Healthcare et al/07b_Richard Peters (John Doe 7B),.pdf,38,pdf_parsed,17817.7,3/18/26,3/18/26,2.16907E+12,No
LOC_198578.pdf,Doe et al. v. Liberty Healthcare et al/07b_Launa Richardson (Jane Doe 7B)/LOC_198578.pdf,Doe et al. v. Liberty Healthcare et al/07b_Launa Richardson (Jane Doe 7B),.pdf,42,pdf_parsed,18341.4,3/18/26,3/18/26,2.16906E+12,No
LOC_198846.pdf,Doe et al. v. Liberty Healthcare et al/09b_Robert Alba (John Doe 9B)/LOC_198846.pdf,Doe et al. v. Liberty Healthcare et al/09b_Robert Alba (John Doe 9B),.pdf,7,pdf_parsed,1621.5,3/18/26,3/18/26,2.16906E+12,No
LOC_198853.pdf,Doe et al. v. Liberty Healthcare et al/02b_MacArthur Finley (JD2B)/LOC_198853.pdf,Doe et al. v. Liberty Healthcare et al/02b_MacArthur Finley (JD2B),.pdf,7,pdf_parsed,1854.1,3/18/26,3/18/26,2.16909E+12,Yes
LOC_198853.pdf,Doe et al. v. Liberty Healthcare et al/09b_Robert Alba (John Doe 9B)/LOC_198853.pdf,Doe et al. v. Liberty Healthcare et al/09b_Robert Alba (John Doe 9B),.pdf,7,pdf_parsed,1854.1,3/18/26,3/18/26,2.16905E+12,Yes
LOC_198860.pdf,Doe et al. v. Liberty Healthcare et al/09b_Robert Alba (John Doe 9B)/LOC_198860.pdf,Doe et al. v. Liberty Healthcare et al/09b_Robert Alba (John Doe 9B),.pdf,13,pdf_parsed,2710.9,3/18/26,3/18/26,2.16906E+12,No
LOC_198874.pdf,Doe et al. v. Liberty Healthcare et al/09b_Robert Alba (John Doe 9B)/LOC_198874.pdf,Doe et al. v. Liberty Healthcare et al/09b_Robert Alba (John Doe 9B),.pdf,6,pdf_parsed,1423.5,3/18/26,3/18/26,2.16905E+12,No
LOC_198880.pdf,Doe et al. v. Liberty Healthcare et al/09b_Robert Alba (John Doe 9B)/LOC_198880.pdf,Doe et al. v. Liberty Healthcare et al/09b_Robert Alba (John Doe 9B),.pdf,7,pdf_parsed,1518.4,3/18/26,3/18/26,2.16906E+12,No
LOC_198887.pdf,Doe et al. v. Liberty Healthcare et al/09b_Robert Alba (John Doe 9B)/LOC_198887.pdf,Doe et al. v. Liberty Healthcare et al/09b_Robert Alba (John Doe 9B),.pdf,9,pdf_parsed,1562.4,3/18/26,3/18/26,2.16905E+12,No
LOC_198896.pdf,Doe et al. v. Liberty Healthcare et al/09b_Robert Alba (John Doe 9B)/LOC_198896.pdf,Doe et al. v. Liberty Healthcare et al/09b_Robert Alba (John Doe 9B),.pdf,7,pdf_parsed,1454.7,3/18/26,3/18/26,2.16905E+12,No
LOC_198903.pdf,Doe et al. v. Liberty Healthcare et al/09b_Robert Alba (John Doe 9B)/LOC_198903.pdf,Doe et al. v. Liberty Healthcare et al/09b_Robert Alba (John Doe 9B),.pdf,7,pdf_parsed,1704,3/18/26,3/18/26,2.16905E+12,No
LOC_198910.pdf,Doe et al. v. Liberty Healthcare et al/09b_Robert Alba (John Doe 9B)/LOC_198910.pdf,Doe et al. v. Liberty Healthcare et al/09b_Robert Alba (John Doe 9B),.pdf,7,pdf_parsed,1485,3/18/26,3/18/26,2.16905E+12,No
LOC_198917.pdf,Doe et al. v. Liberty Healthcare et al/09b_Robert Alba (John Doe 9B)/LOC_198917.pdf,Doe et al. v. Liberty Healthcare et al/09b_Robert Alba (John Doe 9B),.pdf,7,pdf_parsed,1638.2,3/18/26,3/18/26,2.16906E+12,No
LOC_198924.pdf,Doe et al. v. Liberty Healthcare et al/09b_Robert Alba (John Doe 9B)/LOC_198924.pdf,Doe et al. v. Liberty Healthcare et al/09b_Robert Alba (John Doe 9B),.pdf,6,pdf_parsed,2587.7,3/18/26,3/18/26,2.16905E+12,No
LOC_200666.pdf,Doe et al. v. Liberty Healthcare et al/05_Mickey McDade (Jane Doe 5)/LOC_200666.pdf,Doe et al. v. Liberty Healthcare et al/05_Mickey McDade (Jane Doe 5),.pdf,7,pdf_parsed,2364.9,3/18/26,3/18/26,2.16905E+12,No
LOC_200673.pdf,Doe et al. v. Liberty Healthcare et al/05_Mickey McDade (Jane Doe 5)/LOC_200673.pdf,Doe et al. v. Liberty Healthcare et al/05_Mickey McDade (Jane Doe 5),.pdf,7,pdf_parsed,1638.8,3/18/26,3/18/26,2.16905E+12,No
LOC_200782.pdf,Doe et al. v. Liberty Healthcare et al/09b_Robert Alba (John Doe 9B)/LOC_200782.pdf,Doe et al. v. Liberty Healthcare et al/09b_Robert Alba (John Doe 9B),.pdf,7,pdf_parsed,1688.5,3/18/26,3/18/26,2.16906E+12,No
LOC_200789.pdf,Doe et al. v. Liberty Healthcare et al/02b_MacArthur Finley (JD2B)/LOC_200789.pdf,Doe et al. v. Liberty Healthcare et al/02b_MacArthur Finley (JD2B),.pdf,12,pdf_parsed,2955.5,3/18/26,3/18/26,2.16912E+12,No
LOC_200855.pdf,Doe et al. v. Liberty Healthcare et al/00_All Cases/LOC Docs/LOC_200855.pdf,Doe et al. v. Liberty Healthcare et al/00_All Cases/LOC Docs,.pdf,25,pdf_parsed,14516.9,3/18/26,3/18/26,2.16908E+12,No
LOC_200923.pdf,Doe et al. v. Liberty Healthcare et al/02b_MacArthur Finley (JD2B)/LOC_200923.pdf,Doe et al. v. Liberty Healthcare et al/02b_MacArthur Finley (JD2B),.pdf,6,pdf_parsed,1518.7,3/18/26,3/18/26,2.1691E+12,No
LOC_201114.pdf,Doe et al. v. Liberty Healthcare et al/02b_MacArthur Finley (JD2B)/LOC_201114.pdf,Doe et al. v. Liberty Healthcare et al/02b_MacArthur Finley (JD2B),.pdf,7,pdf_parsed,1610.2,3/18/26,3/18/26,2.1691E+12,Yes
LOC_201114.pdf,Doe et al. v. Liberty Healthcare et al/09b_Robert Alba (John Doe 9B)/LOC_201114.pdf,Doe et al. v. Liberty Healthcare et al/09b_Robert Alba (John Doe 9B),.pdf,7,pdf_parsed,1610.2,3/18/26,3/18/26,2.16906E+12,Yes
LOC_201121.pdf,Doe et al. v. Liberty Healthcare et al/02b_MacArthur Finley (JD2B)/LOC_201121.pdf,Doe et al. v. Liberty Healthcare et al/02b_MacArthur Finley (JD2B),.pdf,7,pdf_parsed,1454.4,3/18/26,3/18/26,2.16909E+12,No
LOC_201128.pdf,Doe et al. v. Liberty Healthcare et al/05_Mickey McDade (Jane Doe 5)/LOC_201128.pdf,Doe et al. v. Liberty Healthcare et al/05_Mickey McDade (Jane Doe 5),.pdf,7,pdf_parsed,1379.1,3/18/26,3/18/26,2.16906E+12,No
LOC_201135.pdf,Doe et al. v. Liberty Healthcare et al/05_Mickey McDade (Jane Doe 5)/LOC_201135.pdf,Doe et al. v. Liberty Healthcare et al/05_Mickey McDade (Jane Doe 5),.pdf,18,pdf_parsed,14864.9,3/18/26,3/18/26,2.16906E+12,No
LOC_201153.pdf,Doe et al. v. Liberty Healthcare et al/05_Mickey McDade (Jane Doe 5)/LOC_201153.pdf,Doe et al. v. Liberty Healthcare et al/05_Mickey McDade (Jane Doe 5),.pdf,12,pdf_parsed,9417,3/18/26,3/18/26,2.16906E+12,No
LOC_201165.pdf,Doe et al. v. Liberty Healthcare et al/05_Mickey McDade (Jane Doe 5)/LOC_201165.pdf,Doe et al. v. Liberty Healthcare et al/05_Mickey McDade (Jane Doe 5),.pdf,5,pdf_parsed,1542.1,3/18/26,3/18/26,2.16905E+12,No
LOC_201271.pdf,Doe et al. v. Liberty Healthcare et al/07b_Richard Peters (John Doe 7B)/LOC_201271.pdf,Doe et al. v. Liberty Healthcare et al/07b_Richard Peters (John Doe 7B),.pdf,6,pdf_parsed,3758.5,3/18/26,3/18/26,2.16907E+12,Yes
LOC_201271.pdf,Doe et al. v. Liberty Healthcare et al/12b_Waylon Cauthon (John Doe 12B)/LOC_201271.pdf,Doe et al. v. Liberty Healthcare et al/12b_Waylon Cauthon (John Doe 12B),.pdf,6,pdf_parsed,3758.5,3/18/26,3/18/26,2.16908E+12,Yes
LOC_201277.pdf,Doe et al. v. Liberty Healthcare et al/07b_Richard Peters (John Doe 7B)/LOC_201277.pdf,Doe et al. v. Liberty Healthcare et al/07b_Richard Peters (John Doe 7B),.pdf,5,pdf_parsed,2872,3/18/26,3/18/26,2.16906E+12,Yes
LOC_201277.pdf,Doe et al. v. Liberty Healthcare et al/12b_Waylon Cauthon (John Doe 12B)/LOC_201277.pdf,Doe et al. v. Liberty Healthcare et al/12b_Waylon Cauthon (John Doe 12B),.pdf,5,pdf_parsed,2872,3/18/26,3/18/26,2.16908E+12,Yes
LOC_201282.pdf,Doe et al. v. Liberty Healthcare et al/07b_Richard Peters (John Doe 7B)/LOC_201282.pdf,Doe et al. v. Liberty Healthcare et al/07b_Richard Peters (John Doe 7B),.pdf,4,pdf_parsed,2076.6,3/18/26,3/18/26,2.16907E+12,No
LOC_201286.pdf,Doe et al. v. Liberty Healthcare et al/07b_Richard Peters (John Doe 7B)/LOC_201286.pdf,Doe et al. v. Liberty Healthcare et al/07b_Richard Peters (John Doe 7B),.pdf,17,pdf_parsed,4213.7,3/18/26,3/18/26,2.16907E+12,No
LOC_201418.pdf,Doe et al. v. Liberty Healthcare et al/07b_Richard Peters (John Doe 7B)/LOC_201418.pdf,Doe et al. v. Liberty Healthcare et al/07b_Richard Peters (John Doe 7B),.pdf,10,pdf_parsed,1793.6,3/18/26,3/18/26,2.16907E+12,No
LOC_201479.pdf,Doe et al. v. Liberty Healthcare et al/01_Cody Richardson (JD1)/LOC_201479.pdf,Doe et al. v. Liberty Healthcare et al/01_Cody Richardson (JD1),.pdf,245,pdf_parsed,18671.1,3/18/26,3/18/26,2.16909E+12,No
LOC_201989.pdf,Doe et al. v. Liberty Healthcare et al/06b_Nathan Stinnett (John Doe 6B)/LOC_201989.pdf,Doe et al. v. Liberty Healthcare et al/06b_Nathan Stinnett (John Doe 6B),.pdf,35,pdf_parsed,11997.1,3/18/26,3/18/26,2.16909E+12,No
LOC_202024.pdf,Doe et al. v. Liberty Healthcare et al/06b_Nathan Stinnett (John Doe 6B)/LOC_202024.pdf,Doe et al. v. Liberty Healthcare et al/06b_Nathan Stinnett (John Doe 6B),.pdf,42,pdf_parsed,11366.2,3/18/26,3/18/26,2.16909E+12,No
LOC_202066.pdf,Doe et al. v. Liberty Healthcare et al/06b_Nathan Stinnett (John Doe 6B)/LOC_202066.pdf,Doe et al. v. Liberty Healthcare et al/06b_Nathan Stinnett (John Doe 6B),.pdf,8,pdf_parsed,2710.8,3/18/26,3/18/26,2.16909E+12,No
LOC_202074.pdf,Doe et al. v. Liberty Healthcare et al/06b_Nathan Stinnett (John Doe 6B)/LOC_202074.pdf,Doe et al. v. Liberty Healthcare et al/06b_Nathan Stinnett (John Doe 6B),.pdf,7,pdf_parsed,2139.1,3/18/26,3/18/26,2.16909E+12,No
LOC_202081.pdf,Doe et al. v. Liberty Healthcare et al/06b_Nathan Stinnett (John Doe 6B)/LOC_202081.pdf,Doe et al. v. Liberty Healthcare et al/06b_Nathan Stinnett (John Doe 6B),.pdf,20,pdf_parsed,9151.4,3/18/26,3/18/26,2.16909E+12,No
LOC_202101.pdf,Doe et al. v. Liberty Healthcare et al/09b_Robert Alba (John Doe 9B)/LOC_202101.pdf,Doe et al. v. Liberty Healthcare et al/09b_Robert Alba (John Doe 9B),.pdf,8,pdf_parsed,1937.8,3/18/26,3/18/26,2.16906E+12,No
LOC_202167.pdf,Doe et al. v. Liberty Healthcare et al/09b_Robert Alba (John Doe 9B)/LOC_202167.pdf,Doe et al. v. Liberty Healthcare et al/09b_Robert Alba (John Doe 9B),.pdf,7,pdf_parsed,1277,3/18/26,3/18/26,2.16906E+12,No
LOC_202174.pdf,Doe et al. v. Liberty Healthcare et al/09b_Robert Alba (John Doe 9B)/LOC_202174.pdf,Doe et al. v. Liberty Healthcare et al/09b_Robert Alba (John Doe 9B),.pdf,7,pdf_parsed,1482,3/18/26,3/18/26,2.16906E+12,No
LOC_202181.pdf,Doe et al. v. Liberty Healthcare et al/09b_Robert Alba (John Doe 9B)/LOC_202181.pdf,Doe et al. v. Liberty Healthcare et al/09b_Robert Alba (John Doe 9B),.pdf,9,pdf_parsed,1738.5,3/18/26,3/18/26,2.16905E+12,No
LOC_202190.pdf,Doe et al. v. Liberty Healthcare et al/09b_Robert Alba (John Doe 9B)/LOC_202190.pdf,Doe et al. v. Liberty Healthcare et al/09b_Robert Alba (John Doe 9B),.pdf,7,pdf_parsed,2061.8,3/18/26,3/18/26,2.16905E+12,No
LOC_202197.pdf,Doe et al. v. Liberty Healthcare et al/09b_Robert Alba (John Doe 9B)/LOC_202197.pdf,Doe et al. v. Liberty Healthcare et al/09b_Robert Alba (John Doe 9B),.pdf,7,pdf_parsed,1491.7,3/18/26,3/18/26,2.16906E+12,No
LOC_202279.pdf,Doe et al. v. Liberty Healthcare et al/08b_Gage Luke (John Doe 8B)/LOC_202279.pdf,Doe et al. v. Liberty Healthcare et al/08b_Gage Luke (John Doe 8B),.pdf,9,pdf_parsed,7216.2,3/18/26,3/18/26,2.16906E+12,No
LOC_214517.pdf,Doe et al. v. Liberty Healthcare et al/05_Mickey McDade (Jane Doe 5)/LOC_214517.pdf,Doe et al. v. Liberty Healthcare et al/05_Mickey McDade (Jane Doe 5),.pdf,2,pdf_parsed,1327.2,3/18/26,3/18/26,2.16906E+12,No
LOC_214519.pdf,Doe et al. v. Liberty Healthcare et al/05_Mickey McDade (Jane Doe 5)/LOC_214519.pdf,Doe et al. v. Liberty Healthcare et al/05_Mickey McDade (Jane Doe 5),.pdf,4,pdf_parsed,458.1,3/18/26,3/18/26,2.16906E+12,No
LOC_214523.pdf,Doe et al. v. Liberty Healthcare et al/05_Mickey McDade (Jane Doe 5)/LOC_214523.pdf,Doe et al. v. Liberty Healthcare et al/05_Mickey McDade (Jane Doe 5),.pdf,2,pdf_parsed,1328,3/18/26,3/18/26,2.16906E+12,No
LOC_214525.pdf,Doe et al. v. Liberty Healthcare et al/05_Mickey McDade (Jane Doe 5)/LOC_214525.pdf,Doe et al. v. Liberty Healthcare et al/05_Mickey McDade (Jane Doe 5),.pdf,4,pdf_parsed,458.1,3/18/26,3/18/26,2.16906E+12,No
LOC_214973.pdf,Doe et al. v. Liberty Healthcare et al/05b_Noah Zoellner (JD5B)/LOC_214973.pdf,Doe et al. v. Liberty Healthcare et al/05b_Noah Zoellner (JD5B),.pdf,1,pdf_parsed,418.5,3/18/26,3/18/26,2.16907E+12,No
LOC_214974.pdf,Doe et al. v. Liberty Healthcare et al/05b_Noah Zoellner (JD5B)/LOC_214974.pdf,Doe et al. v. Liberty Healthcare et al/05b_Noah Zoellner (JD5B),.pdf,2,pdf_parsed,1289.4,3/18/26,3/18/26,2.16907E+12,No
LOC_214976.pdf,Doe et al. v. Liberty Healthcare et al/05b_Noah Zoellner (JD5B)/LOC_214976.pdf,Doe et al. v. Liberty Healthcare et al/05b_Noah Zoellner (JD5B),.pdf,2,pdf_parsed,99.1,3/18/26,3/18/26,2.16907E+12,No
LOC_214978.pdf,Doe et al. v. Liberty Healthcare et al/05b_Noah Zoellner (JD5B)/LOC_214978.pdf,Doe et al. v. Liberty Healthcare et al/05b_Noah Zoellner (JD5B),.pdf,2,pdf_parsed,100.8,3/18/26,3/18/26,2.16907E+12,No
LOC_214980.pdf,Doe et al. v. Liberty Healthcare et al/05b_Noah Zoellner (JD5B)/LOC_214980.pdf,Doe et al. v. Liberty Healthcare et al/05b_Noah Zoellner (JD5B),.pdf,2,pdf_parsed,1289.7,3/18/26,3/18/26,2.16907E+12,No
LOC_214982.pdf,Doe et al. v. Liberty Healthcare et al/05b_Noah Zoellner (JD5B)/LOC_214982.pdf,Doe et al. v. Liberty Healthcare et al/05b_Noah Zoellner (JD5B),.pdf,2,pdf_parsed,99.2,3/18/26,3/18/26,2.16906E+12,No
LOC_214984.pdf,Doe et al. v. Liberty Healthcare et al/05b_Noah Zoellner (JD5B)/LOC_214984.pdf,Doe et al. v. Liberty Healthcare et al/05b_Noah Zoellner (JD5B),.pdf,2,pdf_parsed,100.8,3/18/26,3/18/26,2.16907E+12,No
LOC_215182.pdf,Doe et al. v. Liberty Healthcare et al/02b_MacArthur Finley (JD2B)/LOC_215182.pdf,Doe et al. v. Liberty Healthcare et al/02b_MacArthur Finley (JD2B),.pdf,45,pdf_parsed,18088.8,3/18/26,3/18/26,2.1691E+12,No
LOC_215227.pdf,Doe et al. v. Liberty Healthcare et al/02b_MacArthur Finley (JD2B)/LOC_215227.pdf,Doe et al. v. Liberty Healthcare et al/02b_MacArthur Finley (JD2B),.pdf,2,pdf_parsed,734.8,3/18/26,3/18/26,2.1691E+12,No
LOC_215229.pdf,Doe et al. v. Liberty Healthcare et al/02b_MacArthur Finley (JD2B)/LOC_215229.pdf,Doe et al. v. Liberty Healthcare et al/02b_MacArthur Finley (JD2B),.pdf,2,pdf_parsed,1050.8,3/18/26,3/18/26,2.1691E+12,No
LOC_215231.pdf,Doe et al. v. Liberty Healthcare et al/02b_MacArthur Finley (JD2B)/LOC_215231.pdf,Doe et al. v. Liberty Healthcare et al/02b_MacArthur Finley (JD2B),.pdf,2,pdf_parsed,74.1,3/18/26,3/18/26,2.1691E+12,No
LOC_215233.pdf,Doe et al. v. Liberty Healthcare et al/02b_MacArthur Finley (JD2B)/LOC_215233.pdf,Doe et al. v. Liberty Healthcare et al/02b_MacArthur Finley (JD2B),.pdf,2,pdf_parsed,74.1,3/18/26,3/18/26,2.1691E+12,No
LOC_215235.pdf,Doe et al. v. Liberty Healthcare et al/02b_MacArthur Finley (JD2B)/LOC_215235.pdf,Doe et al. v. Liberty Healthcare et al/02b_MacArthur Finley (JD2B),.pdf,1,pdf_parsed,499.8,3/18/26,3/18/26,2.16912E+12,No
LOC_215236.pdf,Doe et al. v. Liberty Healthcare et al/02b_MacArthur Finley (JD2B)/LOC_215236.pdf,Doe et al. v. Liberty Healthcare et al/02b_MacArthur Finley (JD2B),.pdf,1,pdf_parsed,508.9,3/18/26,3/18/26,2.16912E+12,No
LOC_215237.pdf,Doe et al. v. Liberty Healthcare et al/02b_MacArthur Finley (JD2B)/LOC_215237.pdf,Doe et al. v. Liberty Healthcare et al/02b_MacArthur Finley (JD2B),.pdf,2,pdf_parsed,149.9,3/18/26,3/18/26,2.16909E+12,No
LOC_215239.pdf,Doe et al. v. Liberty Healthcare et al/02b_MacArthur Finley (JD2B)/LOC_215239.pdf,Doe et al. v. Liberty Healthcare et al/02b_MacArthur Finley (JD2B),.pdf,30,pdf_parsed,2891.7,3/18/26,3/18/26,2.16911E+12,No
LOC_215269.pdf,Doe et al. v. Liberty Healthcare et al/02b_MacArthur Finley (JD2B)/LOC_215269.pdf,Doe et al. v. Liberty Healthcare et al/02b_MacArthur Finley (JD2B),.pdf,3,pdf_parsed,1889.7,3/18/26,3/18/26,2.1691E+12,No
LOC_215272.pdf,Doe et al. v. Liberty Healthcare et al/02b_MacArthur Finley (JD2B)/LOC_215272.pdf,Doe et al. v. Liberty Healthcare et al/02b_MacArthur Finley (JD2B),.pdf,2,pdf_parsed,2240.8,3/18/26,3/18/26,2.16909E+12,No
LOC_215274.pdf,Doe et al. v. Liberty Healthcare et al/02b_MacArthur Finley (JD2B)/LOC_215274.pdf,Doe et al. v. Liberty Healthcare et al/02b_MacArthur Finley (JD2B),.pdf,3,pdf_parsed,1719.3,3/18/26,3/18/26,2.1691E+12,No
LOC_215277.pdf,Doe et al. v. Liberty Healthcare et al/02b_MacArthur Finley (JD2B)/LOC_215277.pdf,Doe et al. v. Liberty Healthcare et al/02b_MacArthur Finley (JD2B),.pdf,4,pdf_parsed,2334.9,3/18/26,3/18/26,2.1691E+12,No
LOC_215281.pdf,Doe et al. v. Liberty Healthcare et al/02b_MacArthur Finley (JD2B)/LOC_215281.pdf,Doe et al. v. Liberty Healthcare et al/02b_MacArthur Finley (JD2B),.pdf,2,pdf_parsed,108,3/18/26,3/18/26,2.1691E+12,No
LOC_215283.pdf,Doe et al. v. Liberty Healthcare et al/02b_MacArthur Finley (JD2B)/LOC_215283.pdf,Doe et al. v. Liberty Healthcare et al/02b_MacArthur Finley (JD2B),.pdf,2,pdf_parsed,1528.3,3/18/26,3/18/26,2.1691E+12,No
LOC_215285.pdf,Doe et al. v. Liberty Healthcare et al/02b_MacArthur Finley (JD2B)/LOC_215285.pdf,Doe et al. v. Liberty Healthcare et al/02b_MacArthur Finley (JD2B),.pdf,2,pdf_parsed,1395.3,3/18/26,3/18/26,2.1691E+12,No
LOC_215287.pdf,Doe et al. v. Liberty Healthcare et al/02b_MacArthur Finley (JD2B)/LOC_215287.pdf,Doe et al. v. Liberty Healthcare et al/02b_MacArthur Finley (JD2B),.pdf,1,pdf_parsed,354.4,3/18/26,3/18/26,2.1691E+12,No
LOC_215288.pdf,Doe et al. v. Liberty Healthcare et al/02b_MacArthur Finley (JD2B)/LOC_215288.pdf,Doe et al. v. Liberty Healthcare et al/02b_MacArthur Finley (JD2B),.pdf,2,pdf_parsed,108,3/18/26,3/18/26,2.1691E+12,No
LOC_215290.pdf,Doe et al. v. Liberty Healthcare et al/02b_MacArthur Finley (JD2B)/LOC_215290.pdf,Doe et al. v. Liberty Healthcare et al/02b_MacArthur Finley (JD2B),.pdf,2,pdf_parsed,1394.9,3/18/26,3/18/26,2.16912E+12,No
LOC_215292.pdf,Doe et al. v. Liberty Healthcare et al/02b_MacArthur Finley (JD2B)/LOC_215292.pdf,Doe et al. v. Liberty Healthcare et al/02b_MacArthur Finley (JD2B),.pdf,1,pdf_parsed,530.3,3/18/26,3/18/26,2.1691E+12,No
LOC_215293.pdf,Doe et al. v. Liberty Healthcare et al/02b_MacArthur Finley (JD2B)/LOC_215293.pdf,Doe et al. v. Liberty Healthcare et al/02b_MacArthur Finley (JD2B),.pdf,2,pdf_parsed,1528.3,3/18/26,3/18/26,2.16909E+12,No
LOC_215295.pdf,Doe et al. v. Liberty Healthcare et al/02b_MacArthur Finley (JD2B)/LOC_215295.pdf,Doe et al. v. Liberty Healthcare et al/02b_MacArthur Finley (JD2B),.pdf,2,pdf_parsed,108,3/18/26,3/18/26,2.1691E+12,No
LOC_215297.pdf,Doe et al. v. Liberty Healthcare et al/02b_MacArthur Finley (JD2B)/LOC_215297.pdf,Doe et al. v. Liberty Healthcare et al/02b_MacArthur Finley (JD2B),.pdf,2,pdf_parsed,239.3,3/18/26,3/18/26,2.1691E+12,No
LOC_215299.pdf,Doe et al. v. Liberty Healthcare et al/02b_MacArthur Finley (JD2B)/LOC_215299.pdf,Doe et al. v. Liberty Healthcare et al/02b_MacArthur Finley (JD2B),.pdf,2,pdf_parsed,219.8,3/18/26,3/18/26,2.1691E+12,No
LOC_215301.pdf,Doe et al. v. Liberty Healthcare et al/02b_MacArthur Finley (JD2B)/LOC_215301.pdf,Doe et al. v. Liberty Healthcare et al/02b_MacArthur Finley (JD2B),.pdf,2,pdf_parsed,1342.7,3/18/26,3/18/26,2.1691E+12,No
LOC_215303.pdf,Doe et al. v. Liberty Healthcare et al/02b_MacArthur Finley (JD2B)/LOC_215303.pdf,Doe et al. v. Liberty Healthcare et al/02b_MacArthur Finley (JD2B),.pdf,4,pdf_parsed,352.3,3/18/26,3/18/26,2.1691E+12,No
LOC_215307.pdf,Doe et al. v. Liberty Healthcare et al/02b_MacArthur Finley (JD2B)/LOC_215307.pdf,Doe et al. v. Liberty Healthcare et al/02b_MacArthur Finley (JD2B),.pdf,1,pdf_parsed,460.2,3/18/26,3/18/26,2.16909E+12,No
LOC_215308.pdf,Doe et al. v. Liberty Healthcare et al/02b_MacArthur Finley (JD2B)/LOC_215308.pdf,Doe et al. v. Liberty Healthcare et al/02b_MacArthur Finley (JD2B),.pdf,4,pdf_parsed,352.3,3/18/26,3/18/26,2.1691E+12,No
LOC_215312.pdf,Doe et al. v. Liberty Healthcare et al/02b_MacArthur Finley (JD2B)/LOC_215312.pdf,Doe et al. v. Liberty Healthcare et al/02b_MacArthur Finley (JD2B),.pdf,2,pdf_parsed,1391,3/18/26,3/18/26,2.1691E+12,No
LOC_215314.pdf,Doe et al. v. Liberty Healthcare et al/02b_MacArthur Finley (JD2B)/LOC_215314.pdf,Doe et al. v. Liberty Healthcare et al/02b_MacArthur Finley (JD2B),.pdf,2,pdf_parsed,1402.2,3/18/26,3/18/26,2.16909E+12,No
LOC_215316.pdf,Doe et al. v. Liberty Healthcare et al/02b_MacArthur Finley (JD2B)/LOC_215316.pdf,Doe et al. v. Liberty Healthcare et al/02b_MacArthur Finley (JD2B),.pdf,2,pdf_parsed,1390.8,3/18/26,3/18/26,2.1691E+12,No
LOC_215318.pdf,Doe et al. v. Liberty Healthcare et al/02b_MacArthur Finley (JD2B)/LOC_215318.pdf,Doe et al. v. Liberty Healthcare et al/02b_MacArthur Finley (JD2B),.pdf,1,pdf_parsed,629.9,3/18/26,3/18/26,2.16909E+12,No
LOC_215319.pdf,Doe et al. v. Liberty Healthcare et al/02b_MacArthur Finley (JD2B)/LOC_215319.pdf,Doe et al. v. Liberty Healthcare et al/02b_MacArthur Finley (JD2B),.pdf,2,pdf_parsed,1402.7,3/18/26,3/18/26,2.1691E+12,No
LOC_215321.pdf,Doe et al. v. Liberty Healthcare et al/02b_MacArthur Finley (JD2B)/LOC_215321.pdf,Doe et al. v. Liberty Healthcare et al/02b_MacArthur Finley (JD2B),.pdf,4,pdf_parsed,378.5,3/18/26,3/18/26,2.1691E+12,No
LOC_215325.pdf,Doe et al. v. Liberty Healthcare et al/05_Mickey McDade (Jane Doe 5)/LOC_215325.pdf,Doe et al. v. Liberty Healthcare et al/05_Mickey McDade (Jane Doe 5),.pdf,2,pdf_parsed,1265.5,3/18/26,3/18/26,2.16906E+12,No
LOC_215327.pdf,Doe et al. v. Liberty Healthcare et al/05_Mickey McDade (Jane Doe 5)/LOC_215327.pdf,Doe et al. v. Liberty Healthcare et al/05_Mickey McDade (Jane Doe 5),.pdf,1,pdf_parsed,730.5,3/18/26,3/18/26,2.16906E+12,No
LOC_215328.pdf,Doe et al. v. Liberty Healthcare et al/05_Mickey McDade (Jane Doe 5)/LOC_215328.pdf,Doe et al. v. Liberty Healthcare et al/05_Mickey McDade (Jane Doe 5),.pdf,2,pdf_parsed,1265.6,3/18/26,3/18/26,2.16905E+12,No
LOC_215330.pdf,Doe et al. v. Liberty Healthcare et al/05_Mickey McDade (Jane Doe 5)/LOC_215330.pdf,Doe et al. v. Liberty Healthcare et al/05_Mickey McDade (Jane Doe 5),.pdf,1,pdf_parsed,972.6,3/18/26,3/18/26,2.16905E+12,No
LOC_215331.pdf,Doe et al. v. Liberty Healthcare et al/05_Mickey McDade (Jane Doe 5)/LOC_215331.pdf,Doe et al. v. Liberty Healthcare et al/05_Mickey McDade (Jane Doe 5),.pdf,2,pdf_parsed,213.9,3/18/26,3/18/26,2.16906E+12,No
LOC_215333.pdf,Doe et al. v. Liberty Healthcare et al/05_Mickey McDade (Jane Doe 5)/LOC_215333.pdf,Doe et al. v. Liberty Healthcare et al/05_Mickey McDade (Jane Doe 5),.pdf,1,pdf_parsed,301,3/18/26,3/18/26,2.16906E+12,No
LOC_215334.pdf,Doe et al. v. Liberty Healthcare et al/05_Mickey McDade (Jane Doe 5)/LOC_215334.pdf,Doe et al. v. Liberty Healthcare et al/05_Mickey McDade (Jane Doe 5),.pdf,1,pdf_parsed,972.4,3/18/26,3/18/26,2.16906E+12,No
LOC_215335.pdf,Doe et al. v. Liberty Healthcare et al/05_Mickey McDade (Jane Doe 5)/LOC_215335.pdf,Doe et al. v. Liberty Healthcare et al/05_Mickey McDade (Jane Doe 5),.pdf,2,pdf_parsed,213.9,3/18/26,3/18/26,2.16906E+12,No
LOC_215337.pdf,Doe et al. v. Liberty Healthcare et al/05_Mickey McDade (Jane Doe 5)/LOC_215337.pdf,Doe et al. v. Liberty Healthcare et al/05_Mickey McDade (Jane Doe 5),.pdf,3,pdf_parsed,965.6,3/18/26,3/18/26,2.16905E+12,No
LOC_215340.pdf,Doe et al. v. Liberty Healthcare et al/05_Mickey McDade (Jane Doe 5)/LOC_215340.pdf,Doe et al. v. Liberty Healthcare et al/05_Mickey McDade (Jane Doe 5),.pdf,2,pdf_parsed,1324.8,3/18/26,3/18/26,2.16906E+12,No
LOC_215342.pdf,Doe et al. v. Liberty Healthcare et al/05_Mickey McDade (Jane Doe 5)/LOC_215342.pdf,Doe et al. v. Liberty Healthcare et al/05_Mickey McDade (Jane Doe 5),.pdf,1,pdf_parsed,510.3,3/18/26,3/18/26,2.16905E+12,No
LOC_215343.pdf,Doe et al. v. Liberty Healthcare et al/05_Mickey McDade (Jane Doe 5)/LOC_215343.pdf,Doe et al. v. Liberty Healthcare et al/05_Mickey McDade (Jane Doe 5),.pdf,2,pdf_parsed,1324.9,3/18/26,3/18/26,2.16905E+12,No
LOC_215345.pdf,Doe et al. v. Liberty Healthcare et al/05_Mickey McDade (Jane Doe 5)/LOC_215345.pdf,Doe et al. v. Liberty Healthcare et al/05_Mickey McDade (Jane Doe 5),.pdf,3,pdf_parsed,965.4,3/18/26,3/18/26,2.16906E+12,No
LOC_215348.pdf,Doe et al. v. Liberty Healthcare et al/05_Mickey McDade (Jane Doe 5)/LOC_215348.pdf,Doe et al. v. Liberty Healthcare et al/05_Mickey McDade (Jane Doe 5),.pdf,2,pdf_parsed,184,3/18/26,3/18/26,2.16905E+12,No
LOC_215350.pdf,Doe et al. v. Liberty Healthcare et al/05_Mickey McDade (Jane Doe 5)/LOC_215350.pdf,Doe et al. v. Liberty Healthcare et al/05_Mickey McDade (Jane Doe 5),.pdf,2,pdf_parsed,160.6,3/18/26,3/18/26,2.16906E+12,No
LOC_215352.pdf,Doe et al. v. Liberty Healthcare et al/05_Mickey McDade (Jane Doe 5)/LOC_215352.pdf,Doe et al. v. Liberty Healthcare et al/05_Mickey McDade (Jane Doe 5),.pdf,1,pdf_parsed,470.2,3/18/26,3/18/26,2.16905E+12,No
LOC_215353.pdf,Doe et al. v. Liberty Healthcare et al/05_Mickey McDade (Jane Doe 5)/LOC_215353.pdf,Doe et al. v. Liberty Healthcare et al/05_Mickey McDade (Jane Doe 5),.pdf,2,pdf_parsed,184,3/18/26,3/18/26,2.16905E+12,No
LOC_215355.pdf,Doe et al. v. Liberty Healthcare et al/05_Mickey McDade (Jane Doe 5)/LOC_215355.pdf,Doe et al. v. Liberty Healthcare et al/05_Mickey McDade (Jane Doe 5),.pdf,2,pdf_parsed,160.6,3/18/26,3/18/26,2.16905E+12,No
LOC_215357.pdf,Doe et al. v. Liberty Healthcare et al/05_Mickey McDade (Jane Doe 5)/LOC_215357.pdf,Doe et al. v. Liberty Healthcare et al/05_Mickey McDade (Jane Doe 5),.pdf,2,pdf_parsed,1395.5,3/18/26,3/18/26,2.16905E+12,No
LOC_215942.pdf,Doe et al. v. Liberty Healthcare et al/05_Mickey McDade (Jane Doe 5)/LOC_215942.pdf,Doe et al. v. Liberty Healthcare et al/05_Mickey McDade (Jane Doe 5),.pdf,1,pdf_parsed,820.9,3/18/26,3/18/26,2.16906E+12,No
LOC_215943.pdf,Doe et al. v. Liberty Healthcare et al/05_Mickey McDade (Jane Doe 5)/LOC_215943.pdf,Doe et al. v. Liberty Healthcare et al/05_Mickey McDade (Jane Doe 5),.pdf,1,pdf_parsed,2.7,3/18/26,3/18/26,2.16905E+12,No
LOC_BaCa_MR_SMH_000001.pdf,Doe et al. v. Liberty Healthcare et al/10b_Bailey Call (John Doe 10B)/LOC_BaCa_MR_SMH_000001.pdf,Doe et al. v. Liberty Healthcare et al/10b_Bailey Call (John Doe 10B),.pdf,696,pdf_parsed,43669.8,3/18/26,3/18/26,2.16907E+12,No
LOC_BaCa_MR_YV_000001.pdf,Doe et al. v. Liberty Healthcare et al/10b_Bailey Call (John Doe 10B)/LOC_BaCa_MR_YV_000001.pdf,Doe et al. v. Liberty Healthcare et al/10b_Bailey Call (John Doe 10B),.pdf,2372,pdf_parsed,1166425.5,3/18/26,3/18/26,2.16908E+12,No
LOC-EPD-000118.pdf,Doe et al. v. Liberty Healthcare et al/00_All Cases/LOC-EPD-000001 - 0000708/LOC-EPD-000118.pdf,Doe et al. v. Liberty Healthcare et al/00_All Cases/LOC-EPD-000001 - 0000708,.pdf,4,pdf_parsed,1057.5,3/18/26,3/18/26,2.16906E+12,No
LOC-EPD-000122.pdf,Doe et al. v. Liberty Healthcare et al/00_All Cases/LOC-EPD-000001 - 0000708/LOC-EPD-000122.pdf,Doe et al. v. Liberty Healthcare et al/00_All Cases/LOC-EPD-000001 - 0000708,.pdf,9,pdf_parsed,1352.9,3/18/26,3/18/26,2.16906E+12,No
LOC-EPD-000131.pdf,Doe et al. v. Liberty Healthcare et al/00_All Cases/LOC-EPD-000001 - 0000708/LOC-EPD-000131.pdf,Doe et al. v. Liberty Healthcare et al/00_All Cases/LOC-EPD-000001 - 0000708,.pdf,4,pdf_parsed,1037,3/18/26,3/18/26,2.16905E+12,No
LOC-EPD-000135.pdf,Doe et al. v. Liberty Healthcare et al/00_All Cases/LOC-EPD-000001 - 0000708/LOC-EPD-000135.pdf,Doe et al. v. Liberty Healthcare et al/00_All Cases/LOC-EPD-000001 - 0000708,.pdf,10,pdf_parsed,1525.8,3/18/26,3/18/26,2.16906E+12,No
LOC-EPD-000145.pdf,Doe et al. v. Liberty Healthcare et al/00_All Cases/LOC-EPD-000001 - 0000708/LOC-EPD-000145.pdf,Doe et al. v. Liberty Healthcare et al/00_All Cases/LOC-EPD-000001 - 0000708,.pdf,4,pdf_parsed,1076.6,3/18/26,3/18/26,2.16906E+12,No
LOC-EPD-000149.pdf,Doe et al. v. Liberty Healthcare et al/00_All Cases/LOC-EPD-000001 - 0000708/LOC-EPD-000149.pdf,Doe et al. v. Liberty Healthcare et al/00_All Cases/LOC-EPD-000001 - 0000708,.pdf,8,pdf_parsed,1292.2,3/18/26,3/18/26,2.16906E+12,No
LOC-EPD-000157.pdf,Doe et al. v. Liberty Healthcare et al/00_All Cases/LOC-EPD-000001 - 0000708/LOC-EPD-000157.pdf,Doe et al. v. Liberty Healthcare et al/00_All Cases/LOC-EPD-000001 - 0000708,.pdf,7,pdf_parsed,1247.2,3/18/26,3/18/26,2.16906E+12,No
LOC-EPD-000164.pdf,Doe et al. v. Liberty Healthcare et al/00_All Cases/LOC-EPD-000001 - 0000708/LOC-EPD-000164.pdf,Doe et al. v. Liberty Healthcare et al/00_All Cases/LOC-EPD-000001 - 0000708,.pdf,10,pdf_parsed,753.4,3/18/26,3/18/26,2.16906E+12,No
LOC-EPD-000174.pdf,Doe et al. v. Liberty Healthcare et al/00_All Cases/LOC-EPD-000001 - 0000708/LOC-EPD-000174.pdf,Doe et al. v. Liberty Healthcare et al/00_All Cases/LOC-EPD-000001 - 0000708,.pdf,6,pdf_parsed,1169.8,3/18/26,3/18/26,2.16906E+12,No
LOC-EPD-000180.pdf,Doe et al. v. Liberty Healthcare et al/00_All Cases/LOC-EPD-000001 - 0000708/LOC-EPD-000180.pdf,Doe et al. v. Liberty Healthcare et al/00_All Cases/LOC-EPD-000001 - 0000708,.pdf,9,pdf_parsed,394.9,3/18/26,3/18/26,2.16906E+12,No
LOC-EPD-000189.pdf,Doe et al. v. Liberty Healthcare et al/00_All Cases/LOC-EPD-000001 - 0000708/LOC-EPD-000189.pdf,Doe et al. v. Liberty Healthcare et al/00_All Cases/LOC-EPD-000001 - 0000708,.pdf,6,pdf_parsed,1181,3/18/26,3/18/26,2.16906E+12,No
LOC-EPD-000195.pdf,Doe et al. v. Liberty Healthcare et al/00_All Cases/LOC-EPD-000001 - 0000708/LOC-EPD-000195.pdf,Doe et al. v. Liberty Healthcare et al/00_All Cases/LOC-EPD-000001 - 0000708,.pdf,3,pdf_parsed,1052.1,3/18/26,3/18/26,2.16905E+12,No
LOC-EPD-000198.pdf,Doe et al. v. Liberty Healthcare et al/00_All Cases/LOC-EPD-000001 - 0000708/LOC-EPD-000198.pdf,Doe et al. v. Liberty Healthcare et al/00_All Cases/LOC-EPD-000001 - 0000708,.pdf,20,pdf_parsed,2911.5,3/18/26,3/18/26,2.16906E+12,No
LOC-EPD-000218.pdf,Doe et al. v. Liberty Healthcare et al/00_All Cases/LOC-EPD-000001 - 0000708/LOC-EPD-000218.pdf,Doe et al. v. Liberty Healthcare et al/00_All Cases/LOC-EPD-000001 - 0000708,.pdf,5,pdf_parsed,1164.5,3/18/26,3/18/26,2.16906E+12,No
LOC-EPD-000223.pdf,Doe et al. v. Liberty Healthcare et al/00_All Cases/LOC-EPD-000001 - 0000708/LOC-EPD-000223.pdf,Doe et al. v. Liberty Healthcare et al/00_All Cases/LOC-EPD-000001 - 0000708,.pdf,5,pdf_parsed,1125.1,3/18/26,3/18/26,2.16906E+12,No
LOC-EPD-000228.pdf,Doe et al. v. Liberty Healthcare et al/00_All Cases/LOC-EPD-000001 - 0000708/LOC-EPD-000228.pdf,Doe et al. v. Liberty Healthcare et al/00_All Cases/LOC-EPD-000001 - 0000708,.pdf,2,pdf_parsed,61.6,3/18/26,3/18/26,2.16905E+12,No
LOC-EPD-000230.pdf,Doe et al. v. Liberty Healthcare et al/00_All Cases/LOC-EPD-000001 - 0000708/LOC-EPD-000230.pdf,Doe et al. v. Liberty Healthcare et al/00_All Cases/LOC-EPD-000001 - 0000708,.pdf,8,pdf_parsed,1484.1,3/18/26,3/18/26,2.16905E+12,No
LOC-EPD-000238.pdf,Doe et al. v. Liberty Healthcare et al/00_All Cases/LOC-EPD-000001 - 0000708/LOC-EPD-000238.pdf,Doe et al. v. Liberty Healthcare et al/00_All Cases/LOC-EPD-000001 - 0000708,.pdf,8,pdf_parsed,1486.6,3/18/26,3/18/26,2.16906E+12,No
LOC-EPD-000246.pdf,Doe et al. v. Liberty Healthcare et al/00_All Cases/LOC-EPD-000001 - 0000708/LOC-EPD-000246.pdf,Doe et al. v. Liberty Healthcare et al/00_All Cases/LOC-EPD-000001 - 0000708,.pdf,9,pdf_parsed,1240.3,3/18/26,3/18/26,2.16906E+12,No
LOC-EPD-000255.pdf,Doe et al. v. Liberty Healthcare et al/00_All Cases/LOC-EPD-000001 - 0000708/LOC-EPD-000255.pdf,Doe et al. v. Liberty Healthcare et al/00_All Cases/LOC-EPD-000001 - 0000708,.pdf,1,pdf_parsed,670.9,3/18/26,3/18/26,2.16906E+12,No
LOC-EPD-000256.pdf,Doe et al. v. Liberty Healthcare et al/00_All Cases/LOC-EPD-000001 - 0000708/LOC-EPD-000256.pdf,Doe et al. v. Liberty Healthcare et al/00_All Cases/LOC-EPD-000001 - 0000708,.pdf,1,pdf_parsed,561.8,3/18/26,3/18/26,2.16906E+12,No
LOC-EPD-000257.pdf,Doe et al. v. Liberty Healthcare et al/00_All Cases/LOC-EPD-000001 - 0000708/LOC-EPD-000257.pdf,Doe et al. v. Liberty Healthcare et al/00_All Cases/LOC-EPD-000001 - 0000708,.pdf,1,pdf_parsed,653.4,3/18/26,3/18/26,2.16905E+12,No
LOC-EPD-000258.pdf,Doe et al. v. Liberty Healthcare et al/00_All Cases/LOC-EPD-000001 - 0000708/LOC-EPD-000258.pdf,Doe et al. v. Liberty Healthcare et al/00_All Cases/LOC-EPD-000001 - 0000708,.pdf,1,pdf_parsed,492.9,3/18/26,3/18/26,2.16905E+12,No
LOC-EPD-000259.pdf,Doe et al. v. Liberty Healthcare et al/00_All Cases/LOC-EPD-000001 - 0000708/LOC-EPD-000259.pdf,Doe et al. v. Liberty Healthcare et al/00_All Cases/LOC-EPD-000001 - 0000708,.pdf,1,pdf_parsed,698.7,3/18/26,3/18/26,2.16906E+12,No
LOC-EPD-000260.pdf,Doe et al. v. Liberty Healthcare et al/00_All Cases/LOC-EPD-000001 - 0000708/LOC-EPD-000260.pdf,Doe et al. v. Liberty Healthcare et al/00_All Cases/LOC-EPD-000001 - 0000708,.pdf,1,pdf_parsed,737.4,3/18/26,3/18/26,2.16906E+12,No
LOC-EPD-000261.pdf,Doe et al. v. Liberty Healthcare et al/00_All Cases/LOC-EPD-000001 - 0000708/LOC-EPD-000261.pdf,Doe et al. v. Liberty Healthcare et al/00_All Cases/LOC-EPD-000001 - 0000708,.pdf,1,pdf_parsed,390.2,3/18/26,3/18/26,2.16906E+12,No
LOC-EPD-000262.pdf,Doe et al. v. Liberty Healthcare et al/00_All Cases/LOC-EPD-000001 - 0000708/LOC-EPD-000262.pdf,Doe et al. v. Liberty Healthcare et al/00_All Cases/LOC-EPD-000001 - 0000708,.pdf,1,pdf_parsed,726.4,3/18/26,3/18/26,2.16905E+12,No
LOC-EPD-000263.pdf,Doe et al. v. Liberty Healthcare et al/00_All Cases/LOC-EPD-000001 - 0000708/LOC-EPD-000263.pdf,Doe et al. v. Liberty Healthcare et al/00_All Cases/LOC-EPD-000001 - 0000708,.pdf,1,pdf_parsed,526.8,3/18/26,3/18/26,2.16906E+12,No
LOC-EPD-000264.pdf,Doe et al. v. Liberty Healthcare et al/00_All Cases/LOC-EPD-000001 - 0000708/LOC-EPD-000264.pdf,Doe et al. v. Liberty Healthcare et al/00_All Cases/LOC-EPD-000001 - 0000708,.pdf,1,pdf_parsed,718.2,3/18/26,3/18/26,2.16906E+12,No
LOC-EPD-000265.pdf,Doe et al. v. Liberty Healthcare et al/00_All Cases/LOC-EPD-000001 - 0000708/LOC-EPD-000265.pdf,Doe et al. v. Liberty Healthcare et al/00_All Cases/LOC-EPD-000001 - 0000708,.pdf,1,pdf_parsed,526.3,3/18/26,3/18/26,2.16906E+12,No
LOC-EPD-000266.pdf,Doe et al. v. Liberty Healthcare et al/00_All Cases/LOC-EPD-000001 - 0000708/LOC-EPD-000266.pdf,Doe et al. v. Liberty Healthcare et al/00_All Cases/LOC-EPD-000001 - 0000708,.pdf,1,pdf_parsed,674.4,3/18/26,3/18/26,2.16906E+12,No
LOC-EPD-000267.pdf,Doe et al. v. Liberty Healthcare et al/00_All Cases/LOC-EPD-000001 - 0000708/LOC-EPD-000267.pdf,Doe et al. v. Liberty Healthcare et al/00_All Cases/LOC-EPD-000001 - 0000708,.pdf,1,pdf_parsed,548.2,3/18/26,3/18/26,2.16906E+12,No
LOC-EPD-000268.pdf,Doe et al. v. Liberty Healthcare et al/00_All Cases/LOC-EPD-000001 - 0000708/LOC-EPD-000268.pdf,Doe et al. v. Liberty Healthcare et al/00_All Cases/LOC-EPD-000001 - 0000708,.pdf,1,pdf_parsed,942.3,3/18/26,3/18/26,2.16906E+12,No
LOC-EPD-000269.pdf,Doe et al. v. Liberty Healthcare et al/00_All Cases/LOC-EPD-000001 - 0000708/LOC-EPD-000269.pdf,Doe et al. v. Liberty Healthcare et al/00_All Cases/LOC-EPD-000001 - 0000708,.pdf,1,pdf_parsed,831.4,3/18/26,3/18/26,2.16906E+12,No
LOC-EPD-000270.pdf,Doe et al. v. Liberty Healthcare et al/00_All Cases/LOC-EPD-000001 - 0000708/LOC-EPD-000270.pdf,Doe et al. v. Liberty Healthcare et al/00_All Cases/LOC-EPD-000001 - 0000708,.pdf,1,pdf_parsed,994.2,3/18/26,3/18/26,2.16906E+12,No
LOC-EPD-000271.pdf,Doe et al. v. Liberty Healthcare et al/00_All Cases/LOC-EPD-000001 - 0000708/LOC-EPD-000271.pdf,Doe et al. v. Liberty Healthcare et al/00_All Cases/LOC-EPD-000001 - 0000708,.pdf,1,pdf_parsed,2320.8,3/18/26,3/18/26,2.16906E+12,No
LOC-EPD-000272.pdf,Doe et al. v. Liberty Healthcare et al/00_All Cases/LOC-EPD-000001 - 0000708/LOC-EPD-000272.pdf,Doe et al. v. Liberty Healthcare et al/00_All Cases/LOC-EPD-000001 - 0000708,.pdf,1,pdf_parsed,1340.6,3/18/26,3/18/26,2.16906E+12,No
LOC-EPD-000273.pdf,Doe et al. v. Liberty Healthcare et al/00_All Cases/LOC-EPD-000001 - 0000708/LOC-EPD-000273.pdf,Doe et al. v. Liberty Healthcare et al/00_All Cases/LOC-EPD-000001 - 0000708,.pdf,1,pdf_parsed,580.7,3/18/26,3/18/26,2.16905E+12,No
LOC-EPD-000274.pdf,Doe et al. v. Liberty Healthcare et al/00_All Cases/LOC-EPD-000001 - 0000708/LOC-EPD-000274.pdf,Doe et al. v. Liberty Healthcare et al/00_All Cases/LOC-EPD-000001 - 0000708,.pdf,1,pdf_parsed,315.6,3/18/26,3/18/26,2.16906E+12,No
LOC-EPD-000275.pdf,Doe et al. v. Liberty Healthcare et al/00_All Cases/LOC-EPD-000001 - 0000708/LOC-EPD-000275.pdf,Doe et al. v. Liberty Healthcare et al/00_All Cases/LOC-EPD-000001 - 0000708,.pdf,4,pdf_parsed,1061,3/18/26,3/18/26,2.16905E+12,No
LOC-EPD-000279.pdf,Doe et al. v. Liberty Healthcare et al/00_All Cases/LOC-EPD-000001 - 0000708/LOC-EPD-000279.pdf,Doe et al. v. Liberty Healthcare et al/00_All Cases/LOC-EPD-000001 - 0000708,.pdf,3,pdf_parsed,169.9,3/18/26,3/18/26,2.16906E+12,No
LOC-EPD-000282.pdf,Doe et al. v. Liberty Healthcare et al/00_All Cases/LOC-EPD-000001 - 0000708/LOC-EPD-000282.pdf,Doe et al. v. Liberty Healthcare et al/00_All Cases/LOC-EPD-000001 - 0000708,.pdf,4,pdf_parsed,1183.5,3/18/26,3/18/26,2.16906E+12,No
LOC-EPD-000286.pdf,Doe et al. v. Liberty Healthcare et al/00_All Cases/LOC-EPD-000001 - 0000708/LOC-EPD-000286.pdf,Doe et al. v. Liberty Healthcare et al/00_All Cases/LOC-EPD-000001 - 0000708,.pdf,2,pdf_parsed,71.9,3/18/26,3/18/26,2.16906E+12,No
LOC-EPD-000288.pdf,Doe et al. v. Liberty Healthcare et al/00_All Cases/LOC-EPD-000001 - 0000708/LOC-EPD-000288.pdf,Doe et al. v. Liberty Healthcare et al/00_All Cases/LOC-EPD-000001 - 0000708,.pdf,4,pdf_parsed,1199.3,3/18/26,3/18/26,2.16905E+12,No
LOC-EPD-000292.pdf,Doe et al. v. Liberty Healthcare et al/00_All Cases/LOC-EPD-000001 - 0000708/LOC-EPD-000292.pdf,Doe et al. v. Liberty Healthcare et al/00_All Cases/LOC-EPD-000001 - 0000708,.pdf,1,pdf_parsed,32.4,3/18/26,3/18/26,2.16906E+12,No
LOC-EPD-000293.pdf,Doe et al. v. Liberty Healthcare et al/00_All Cases/LOC-EPD-000001 - 0000708/LOC-EPD-000293.pdf,Doe et al. v. Liberty Healthcare et al/00_All Cases/LOC-EPD-000001 - 0000708,.pdf,4,pdf_parsed,1160.2,3/18/26,3/18/26,2.16906E+12,No
LOC-EPD-000297.pdf,Doe et al. v. Liberty Healthcare et al/00_All Cases/LOC-EPD-000001 - 0000708/LOC-EPD-000297.pdf,Doe et al. v. Liberty Healthcare et al/00_All Cases/LOC-EPD-000001 - 0000708,.pdf,8,pdf_parsed,1431.2,3/18/26,3/18/26,2.16906E+12,No
LOC-EPD-000305.pdf,Doe et al. v. Liberty Healthcare et al/00_All Cases/LOC-EPD-000001 - 0000708/LOC-EPD-000305.pdf,Doe et al. v. Liberty Healthcare et al/00_All Cases/LOC-EPD-000001 - 0000708,.pdf,5,pdf_parsed,1102,3/18/26,3/18/26,2.16906E+12,No
LOC-EPD-000310.pdf,Doe et al. v. Liberty Healthcare et al/00_All Cases/LOC-EPD-000001 - 0000708/LOC-EPD-000310.pdf,Doe et al. v. Liberty Healthcare et al/00_All Cases/LOC-EPD-000001 - 0000708,.pdf,10,pdf_parsed,2247.7,3/18/26,3/18/26,2.16906E+12,No
LOC-EPD-000320.pdf,Doe et al. v. Liberty Healthcare et al/00_All Cases/LOC-EPD-000001 - 0000708/LOC-EPD-000320.pdf,Doe et al. v. Liberty Healthcare et al/00_All Cases/LOC-EPD-000001 - 0000708,.pdf,7,pdf_parsed,958.5,3/18/26,3/18/26,2.16905E+12,No
LOC-EPD-000327.pdf,Doe et al. v. Liberty Healthcare et al/00_All Cases/LOC-EPD-000001 - 0000708/LOC-EPD-000327.pdf,Doe et al. v. Liberty Healthcare et al/00_All Cases/LOC-EPD-000001 - 0000708,.pdf,1,pdf_parsed,14,3/18/26,3/18/26,2.16906E+12,No
LOC-EPD-000328.pdf,Doe et al. v. Liberty Healthcare et al/00_All Cases/LOC-EPD-000001 - 0000708/LOC-EPD-000328.pdf,Doe et al. v. Liberty Healthcare et al/00_All Cases/LOC-EPD-000001 - 0000708,.pdf,1,pdf_parsed,12.9,3/18/26,3/18/26,2.16905E+12,No
LOC-EPD-000329.pdf,Doe et al. v. Liberty Healthcare et al/00_All Cases/LOC-EPD-000001 - 0000708/LOC-EPD-000329.pdf,Doe et al. v. Liberty Healthcare et al/00_All Cases/LOC-EPD-000001 - 0000708,.pdf,5,pdf_parsed,1190.1,3/18/26,3/18/26,2.16906E+12,No
LOC-EPD-000334.pdf,Doe et al. v. Liberty Healthcare et al/00_All Cases/LOC-EPD-000001 - 0000708/LOC-EPD-000334.pdf,Doe et al. v. Liberty Healthcare et al/00_All Cases/LOC-EPD-000001 - 0000708,.pdf,4,pdf_parsed,1031.3,3/18/26,3/18/26,2.16906E+12,No
LOC-EPD-000338.pdf,Doe et al. v. Liberty Healthcare et al/00_All Cases/LOC-EPD-000001 - 0000708/LOC-EPD-000338.pdf,Doe et al. v. Liberty Healthcare et al/00_All Cases/LOC-EPD-000001 - 0000708,.pdf,3,pdf_parsed,231.1,3/18/26,3/18/26,2.16906E+12,No
LOC-EPD-000341.pdf,Doe et al. v. Liberty Healthcare et al/00_All Cases/LOC-EPD-000001 - 0000708/LOC-EPD-000341.pdf,Doe et al. v. Liberty Healthcare et al/00_All Cases/LOC-EPD-000001 - 0000708,.pdf,5,pdf_parsed,1095.5,3/18/26,3/18/26,2.16906E+12,No
LOC-EPD-000346.pdf,Doe et al. v. Liberty Healthcare et al/00_All Cases/LOC-EPD-000001 - 0000708/LOC-EPD-000346.pdf,Doe et al. v. Liberty Healthcare et al/00_All Cases/LOC-EPD-000001 - 0000708,.pdf,6,pdf_parsed,317.1,3/18/26,3/18/26,2.16906E+12,No
LOC-EPD-000352.pdf,Doe et al. v. Liberty Healthcare et al/00_All Cases/LOC-EPD-000001 - 0000708/LOC-EPD-000352.pdf,Doe et al. v. Liberty Healthcare et al/00_All Cases/LOC-EPD-000001 - 0000708,.pdf,6,pdf_parsed,1222.7,3/18/26,3/18/26,2.16905E+12,No
LOC-EPD-000358.pdf,Doe et al. v. Liberty Healthcare et al/00_All Cases/LOC-EPD-000001 - 0000708/LOC-EPD-000358.pdf,Doe et al. v. Liberty Healthcare et al/00_All Cases/LOC-EPD-000001 - 0000708,.pdf,5,pdf_parsed,1102.8,3/18/26,3/18/26,2.16906E+12,No
LOC-EPD-000363.pdf,Doe et al. v. Liberty Healthcare et al/00_All Cases/LOC-EPD-000001 - 0000708/LOC-EPD-000363.pdf,Doe et al. v. Liberty Healthcare et al/00_All Cases/LOC-EPD-000001 - 0000708,.pdf,5,pdf_parsed,1120.2,3/18/26,3/18/26,2.16905E+12,No
LOC-EPD-000368.pdf,Doe et al. v. Liberty Healthcare et al/00_All Cases/LOC-EPD-000001 - 0000708/LOC-EPD-000368.pdf,Doe et al. v. Liberty Healthcare et al/00_All Cases/LOC-EPD-000001 - 0000708,.pdf,5,pdf_parsed,1179.7,3/18/26,3/18/26,2.16906E+12,No
LOC-EPD-000373.pdf,Doe et al. v. Liberty Healthcare et al/00_All Cases/LOC-EPD-000001 - 0000708/LOC-EPD-000373.pdf,Doe et al. v. Liberty Healthcare et al/00_All Cases/LOC-EPD-000001 - 0000708,.pdf,1,pdf_parsed,283.5,3/18/26,3/18/26,2.16906E+12,No
LOC-EPD-000374.pdf,Doe et al. v. Liberty Healthcare et al/00_All Cases/LOC-EPD-000001 - 0000708/LOC-EPD-000374.pdf,Doe et al. v. Liberty Healthcare et al/00_All Cases/LOC-EPD-000001 - 0000708,.pdf,10,pdf_parsed,480.7,3/18/26,3/18/26,2.16906E+12,No
LOC-EPD-000384.MP4,Doe et al. v. Liberty Healthcare et al/00_All Cases/LOC-EPD-000001 - 0000708/LOC-EPD-000384.MP4,Doe et al. v. Liberty Healthcare et al/00_All Cases/LOC-EPD-000001 - 0000708,.mp4,N/A,N/A,1000276,3/18/26,3/18/26,2.16906E+12,No
LOC-EPD-000384.pdf,Doe et al. v. Liberty Healthcare et al/00_All Cases/LOC-EPD-000001 - 0000708/LOC-EPD-000384.pdf,Doe et al. v. Liberty Healthcare et al/00_All Cases/LOC-EPD-000001 - 0000708,.pdf,1,pdf_parsed,2.6,3/18/26,3/18/26,2.16905E+12,No
LOC-EPD-000385.MP4,Doe et al. v. Liberty Healthcare et al/00_All Cases/LOC-EPD-000001 - 0000708/LOC-EPD-000385.MP4,Doe et al. v. Liberty Healthcare et al/00_All Cases/LOC-EPD-000001 - 0000708,.mp4,N/A,N/A,240832.7,3/18/26,3/18/26,2.16906E+12,No
LOC-EPD-000385.pdf,Doe et al. v. Liberty Healthcare et al/00_All Cases/LOC-EPD-000001 - 0000708/LOC-EPD-000385.pdf,Doe et al. v. Liberty Healthcare et al/00_All Cases/LOC-EPD-000001 - 0000708,.pdf,1,pdf_parsed,2.6,3/18/26,3/18/26,2.16906E+12,No
LOC-EPD-000386.MP4,Doe et al. v. Liberty Healthcare et al/00_All Cases/LOC-EPD-000001 - 0000708/LOC-EPD-000386.MP4,Doe et al. v. Liberty Healthcare et al/00_All Cases/LOC-EPD-000001 - 0000708,.mp4,N/A,N/A,397450.5,3/18/26,3/18/26,2.16906E+12,No
LOC-EPD-000386.pdf,Doe et al. v. Liberty Healthcare et al/00_All Cases/LOC-EPD-000001 - 0000708/LOC-EPD-000386.pdf,Doe et al. v. Liberty Healthcare et al/00_All Cases/LOC-EPD-000001 - 0000708,.pdf,1,pdf_parsed,2.6,3/18/26,3/18/26,2.16905E+12,No
LOC-EPD-000387.MP4,Doe et al. v. Liberty Healthcare et al/00_All Cases/LOC-EPD-000001 - 0000708/LOC-EPD-000387.MP4,Doe et al. v. Liberty Healthcare et al/00_All Cases/LOC-EPD-000001 - 0000708,.mp4,N/A,N/A,178355.1,3/18/26,3/18/26,2.16906E+12,No
LOC-EPD-000387.pdf,Doe et al. v. Liberty Healthcare et al/00_All Cases/LOC-EPD-000001 - 0000708/LOC-EPD-000387.pdf,Doe et al. v. Liberty Healthcare et al/00_All Cases/LOC-EPD-000001 - 0000708,.pdf,1,pdf_parsed,2.6,3/18/26,3/18/26,2.16906E+12,No
LOC-EPD-000388.MP4,Doe et al. v. Liberty Healthcare et al/00_All Cases/LOC-EPD-000001 - 0000708/LOC-EPD-000388.MP4,Doe et al. v. Liberty Healthcare et al/00_All Cases/LOC-EPD-000001 - 0000708,.mp4,N/A,N/A,74444.1,3/18/26,3/18/26,2.16906E+12,No
LOC-EPD-000388.pdf,Doe et al. v. Liberty Healthcare et al/00_All Cases/LOC-EPD-000001 - 0000708/LOC-EPD-000388.pdf,Doe et al. v. Liberty Healthcare et al/00_All Cases/LOC-EPD-000001 - 0000708,.pdf,1,pdf_parsed,2.6,3/18/26,3/18/26,2.16906E+12,No
LOC-EPD-000389.MP4,Doe et al. v. Liberty Healthcare et al/00_All Cases/LOC-EPD-000001 - 0000708/LOC-EPD-000389.MP4,Doe et al. v. Liberty Healthcare et al/00_All Cases/LOC-EPD-000001 - 0000708,.mp4,N/A,N/A,63966.4,3/18/26,3/18/26,2.16906E+12,No
LOC-EPD-000389.pdf,Doe et al. v. Liberty Healthcare et al/00_All Cases/LOC-EPD-000001 - 0000708/LOC-EPD-000389.pdf,Doe et al. v. Liberty Healthcare et al/00_All Cases/LOC-EPD-000001 - 0000708,.pdf,1,pdf_parsed,2.6,3/18/26,3/18/26,2.16906E+12,No
LOC-EPD-000390.pdf,Doe et al. v. Liberty Healthcare et al/00_All Cases/LOC-EPD-000001 - 0000708/LOC-EPD-000390.pdf,Doe et al. v. Liberty Healthcare et al/00_All Cases/LOC-EPD-000001 - 0000708,.pdf,4,pdf_parsed,1085.1,3/18/26,3/18/26,2.16906E+12,No
LOC-EPD-000394.pdf,Doe et al. v. Liberty Healthcare et al/00_All Cases/LOC-EPD-000001 - 0000708/LOC-EPD-000394.pdf,Doe et al. v. Liberty Healthcare et al/00_All Cases/LOC-EPD-000001 - 0000708,.pdf,1,pdf_parsed,466.3,3/18/26,3/18/26,2.16906E+12,No
LOC-EPD-000395.pdf,Doe et al. v. Liberty Healthcare et al/00_All Cases/LOC-EPD-000001 - 0000708/LOC-EPD-000395.pdf,Doe et al. v. Liberty Healthcare et al/00_All Cases/LOC-EPD-000001 - 0000708,.pdf,6,pdf_parsed,1139.7,3/18/26,3/18/26,2.16906E+12,No
LOC-EPD-000401.pdf,Doe et al. v. Liberty Healthcare et al/00_All Cases/LOC-EPD-000001 - 0000708/LOC-EPD-000401.pdf,Doe et al. v. Liberty Healthcare et al/00_All Cases/LOC-EPD-000001 - 0000708,.pdf,71,pdf_parsed,6536.6,3/18/26,3/18/26,2.16907E+12,No
LOC-EPD-000472.pdf,Doe et al. v. Liberty Healthcare et al/00_All Cases/LOC-EPD-000001 - 0000708/LOC-EPD-000472.pdf,Doe et al. v. Liberty Healthcare et al/00_All Cases/LOC-EPD-000001 - 0000708,.pdf,4,pdf_parsed,994.2,3/18/26,3/18/26,2.16906E+12,No
LOC-EPD-000476.pdf,Doe et al. v. Liberty Healthcare et al/00_All Cases/LOC-EPD-000001 - 0000708/LOC-EPD-000476.pdf,Doe et al. v. Liberty Healthcare et al/00_All Cases/LOC-EPD-000001 - 0000708,.pdf,4,pdf_parsed,994.8,3/18/26,3/18/26,2.16906E+12,No
LOC-EPD-000480.pdf,Doe et al. v. Liberty Healthcare et al/00_All Cases/LOC-EPD-000001 - 0000708/LOC-EPD-000480.pdf,Doe et al. v. Liberty Healthcare et al/00_All Cases/LOC-EPD-000001 - 0000708,.pdf,4,pdf_parsed,1037.3,3/18/26,3/18/26,2.16906E+12,No
LOC-EPD-000484.pdf,Doe et al. v. Liberty Healthcare et al/00_All Cases/LOC-EPD-000001 - 0000708/LOC-EPD-000484.pdf,Doe et al. v. Liberty Healthcare et al/00_All Cases/LOC-EPD-000001 - 0000708,.pdf,4,pdf_parsed,959.1,3/18/26,3/18/26,2.16906E+12,No
LOC-EPD-000488.pdf,Doe et al. v. Liberty Healthcare et al/00_All Cases/LOC-EPD-000001 - 0000708/LOC-EPD-000488.pdf,Doe et al. v. Liberty Healthcare et al/00_All Cases/LOC-EPD-000001 - 0000708,.pdf,7,pdf_parsed,1145,3/18/26,3/18/26,2.16906E+12,No
LOC-EPD-000495.pdf,Doe et al. v. Liberty Healthcare et al/00_All Cases/LOC-EPD-000001 - 0000708/LOC-EPD-000495.pdf,Doe et al. v. Liberty Healthcare et al/00_All Cases/LOC-EPD-000001 - 0000708,.pdf,2,pdf_parsed,647.5,3/18/26,3/18/26,2.16907E+12,No
LOC-EPD-000497.pdf,Doe et al. v. Liberty Healthcare et al/00_All Cases/LOC-EPD-000001 - 0000708/LOC-EPD-000497.pdf,Doe et al. v. Liberty Healthcare et al/00_All Cases/LOC-EPD-000001 - 0000708,.pdf,2,pdf_parsed,1300.4,3/18/26,3/18/26,2.16906E+12,No
LOC-EPD-000499.pdf,Doe et al. v. Liberty Healthcare et al/00_All Cases/LOC-EPD-000001 - 0000708/LOC-EPD-000499.pdf,Doe et al. v. Liberty Healthcare et al/00_All Cases/LOC-EPD-000001 - 0000708,.pdf,4,pdf_parsed,1070.4,3/18/26,3/18/26,2.16907E+12,No
LOC-EPD-000503.pdf,Doe et al. v. Liberty Healthcare et al/00_All Cases/LOC-EPD-000001 - 0000708/LOC-EPD-000503.pdf,Doe et al. v. Liberty Healthcare et al/00_All Cases/LOC-EPD-000001 - 0000708,.pdf,1,pdf_parsed,363.7,3/18/26,3/18/26,2.16906E+12,No
LOC-EPD-000504.pdf,Doe et al. v. Liberty Healthcare et al/00_All Cases/LOC-EPD-000001 - 0000708/LOC-EPD-000504.pdf,Doe et al. v. Liberty Healthcare et al/00_All Cases/LOC-EPD-000001 - 0000708,.pdf,1,pdf_parsed,174.5,3/18/26,3/18/26,2.16906E+12,No
LOC-EPD-000505.pdf,Doe et al. v. Liberty Healthcare et al/00_All Cases/LOC-EPD-000001 - 0000708/LOC-EPD-000505.pdf,Doe et al. v. Liberty Healthcare et al/00_All Cases/LOC-EPD-000001 - 0000708,.pdf,4,pdf_parsed,1032,3/18/26,3/18/26,2.16906E+12,No
LOC-EPD-000509.pdf,Doe et al. v. Liberty Healthcare et al/00_All Cases/LOC-EPD-000001 - 0000708/LOC-EPD-000509.pdf,Doe et al. v. Liberty Healthcare et al/00_All Cases/LOC-EPD-000001 - 0000708,.pdf,4,pdf_parsed,1050.6,3/18/26,3/18/26,2.16906E+12,No
LOC-EPD-000513.pdf,Doe et al. v. Liberty Healthcare et al/00_All Cases/LOC-EPD-000001 - 0000708/LOC-EPD-000513.pdf,Doe et al. v. Liberty Healthcare et al/00_All Cases/LOC-EPD-000001 - 0000708,.pdf,6,pdf_parsed,1943,3/18/26,3/18/26,2.16906E+12,No
LOC-EPD-000519.pdf,Doe et al. v. Liberty Healthcare et al/00_All Cases/LOC-EPD-000001 - 0000708/LOC-EPD-000519.pdf,Doe et al. v. Liberty Healthcare et al/00_All Cases/LOC-EPD-000001 - 0000708,.pdf,7,pdf_parsed,1266.5,3/18/26,3/18/26,2.16906E+12,No
LOC-EPD-000526.MP4,Doe et al. v. Liberty Healthcare et al/00_All Cases/LOC-EPD-000001 - 0000708/LOC-EPD-000526.MP4,Doe et al. v. Liberty Healthcare et al/00_All Cases/LOC-EPD-000001 - 0000708,.mp4,N/A,N/A,11180.7,3/18/26,3/18/26,2.16907E+12,No
LOC-EPD-000526.pdf,Doe et al. v. Liberty Healthcare et al/00_All Cases/LOC-EPD-000001 - 0000708/LOC-EPD-000526.pdf,Doe et al. v. Liberty Healthcare et al/00_All Cases/LOC-EPD-000001 - 0000708,.pdf,1,pdf_parsed,2.6,3/18/26,3/18/26,2.16906E+12,No
LOC-EPD-000527.pdf,Doe et al. v. Liberty Healthcare et al/00_All Cases/LOC-EPD-000001 - 0000708/LOC-EPD-000527.pdf,Doe et al. v. Liberty Healthcare et al/00_All Cases/LOC-EPD-000001 - 0000708,.pdf,9,pdf_parsed,1577,3/18/26,3/18/26,2.16906E+12,No
LOC-EPD-000536.pdf,Doe et al. v. Liberty Healthcare et al/00_All Cases/LOC-EPD-000001 - 0000708/LOC-EPD-000536.pdf,Doe et al. v. Liberty Healthcare et al/00_All Cases/LOC-EPD-000001 - 0000708,.pdf,1,pdf_parsed,341,3/18/26,3/18/26,2.16906E+12,No
LOC-EPD-000537.pdf,Doe et al. v. Liberty Healthcare et al/00_All Cases/LOC-EPD-000001 - 0000708/LOC-EPD-000537.pdf,Doe et al. v. Liberty Healthcare et al/00_All Cases/LOC-EPD-000001 - 0000708,.pdf,1,pdf_parsed,411.7,3/18/26,3/18/26,2.16905E+12,No
LOC-EPD-000538.pdf,Doe et al. v. Liberty Healthcare et al/00_All Cases/LOC-EPD-000001 - 0000708/LOC-EPD-000538.pdf,Doe et al. v. Liberty Healthcare et al/00_All Cases/LOC-EPD-000001 - 0000708,.pdf,1,pdf_parsed,384,3/18/26,3/18/26,2.16906E+12,No
LOC-EPD-000539.pdf,Doe et al. v. Liberty Healthcare et al/00_All Cases/LOC-EPD-000001 - 0000708/LOC-EPD-000539.pdf,Doe et al. v. Liberty Healthcare et al/00_All Cases/LOC-EPD-000001 - 0000708,.pdf,1,pdf_parsed,311.8,3/18/26,3/18/26,2.16906E+12,No
LOC-EPD-000540.pdf,Doe et al. v. Liberty Healthcare et al/00_All Cases/LOC-EPD-000001 - 0000708/LOC-EPD-000540.pdf,Doe et al. v. Liberty Healthcare et al/00_All Cases/LOC-EPD-000001 - 0000708,.pdf,1,pdf_parsed,369.6,3/18/26,3/18/26,2.16907E+12,No
LOC-EPD-000541.pdf,Doe et al. v. Liberty Healthcare et al/00_All Cases/LOC-EPD-000001 - 0000708/LOC-EPD-000541.pdf,Doe et al. v. Liberty Healthcare et al/00_All Cases/LOC-EPD-000001 - 0000708,.pdf,1,pdf_parsed,1171.5,3/18/26,3/18/26,2.16906E+12,No
LOC-EPD-000542.pdf,Doe et al. v. Liberty Healthcare et al/00_All Cases/LOC-EPD-000001 - 0000708/LOC-EPD-000542.pdf,Doe et al. v. Liberty Healthcare et al/00_All Cases/LOC-EPD-000001 - 0000708,.pdf,1,pdf_parsed,1208.9,3/18/26,3/18/26,2.16906E+12,No
LOC-EPD-000543.pdf,Doe et al. v. Liberty Healthcare et al/00_All Cases/LOC-EPD-000001 - 0000708/LOC-EPD-000543.pdf,Doe et al. v. Liberty Healthcare et al/00_All Cases/LOC-EPD-000001 - 0000708,.pdf,1,pdf_parsed,724.6,3/18/26,3/18/26,2.16905E+12,No
LOC-EPD-000544.pdf,Doe et al. v. Liberty Healthcare et al/00_All Cases/LOC-EPD-000001 - 0000708/LOC-EPD-000544.pdf,Doe et al. v. Liberty Healthcare et al/00_All Cases/LOC-EPD-000001 - 0000708,.pdf,1,pdf_parsed,658.3,3/18/26,3/18/26,2.16906E+12,No
LOC-EPD-000545.pdf,Doe et al. v. Liberty Healthcare et al/00_All Cases/LOC-EPD-000001 - 0000708/LOC-EPD-000545.pdf,Doe et al. v. Liberty Healthcare et al/00_All Cases/LOC-EPD-000001 - 0000708,.pdf,1,pdf_parsed,508.4,3/18/26,3/18/26,2.16906E+12,No
LOC-EPD-000546.pdf,Doe et al. v. Liberty Healthcare et al/00_All Cases/LOC-EPD-000001 - 0000708/LOC-EPD-000546.pdf,Doe et al. v. Liberty Healthcare et al/00_All Cases/LOC-EPD-000001 - 0000708,.pdf,1,pdf_parsed,701.5,3/18/26,3/18/26,2.16906E+12,No
LOC-EPD-000547.pdf,Doe et al. v. Liberty Healthcare et al/00_All Cases/LOC-EPD-000001 - 0000708/LOC-EPD-000547.pdf,Doe et al. v. Liberty Healthcare et al/00_All Cases/LOC-EPD-000001 - 0000708,.pdf,1,pdf_parsed,633.6,3/18/26,3/18/26,2.16907E+12,No
LOC-EPD-000548.pdf,Doe et al. v. Liberty Healthcare et al/00_All Cases/LOC-EPD-000001 - 0000708/LOC-EPD-000548.pdf,Doe et al. v. Liberty Healthcare et al/00_All Cases/LOC-EPD-000001 - 0000708,.pdf,1,pdf_parsed,545.2,3/18/26,3/18/26,2.16907E+12,No
LOC-EPD-000549.pdf,Doe et al. v. Liberty Healthcare et al/00_All Cases/LOC-EPD-000001 - 0000708/LOC-EPD-000549.pdf,Doe et al. v. Liberty Healthcare et al/00_All Cases/LOC-EPD-000001 - 0000708,.pdf,1,pdf_parsed,545.2,3/18/26,3/18/26,2.16907E+12,No
LOC-EPD-000550.pdf,Doe et al. v. Liberty Healthcare et al/00_All Cases/LOC-EPD-000001 - 0000708/LOC-EPD-000550.pdf,Doe et al. v. Liberty Healthcare et al/00_All Cases/LOC-EPD-000001 - 0000708,.pdf,1,pdf_parsed,887.2,3/18/26,3/18/26,2.16906E+12,No
LOC-EPD-000551.pdf,Doe et al. v. Liberty Healthcare et al/00_All Cases/LOC-EPD-000001 - 0000708/LOC-EPD-000551.pdf,Doe et al. v. Liberty Healthcare et al/00_All Cases/LOC-EPD-000001 - 0000708,.pdf,1,pdf_parsed,810.5,3/18/26,3/18/26,2.16906E+12,No
LOC-EPD-000552.pdf,Doe et al. v. Liberty Healthcare et al/00_All Cases/LOC-EPD-000001 - 0000708/LOC-EPD-000552.pdf,Doe et al. v. Liberty Healthcare et al/00_All Cases/LOC-EPD-000001 - 0000708,.pdf,1,pdf_parsed,543.2,3/18/26,3/18/26,2.16906E+12,No
LOC-EPD-000553.pdf,Doe et al. v. Liberty Healthcare et al/00_All Cases/LOC-EPD-000001 - 0000708/LOC-EPD-000553.pdf,Doe et al. v. Liberty Healthcare et al/00_All Cases/LOC-EPD-000001 - 0000708,.pdf,1,pdf_parsed,1171.9,3/18/26,3/18/26,2.16907E+12,No
LOC-EPD-000554.pdf,Doe et al. v. Liberty Healthcare et al/00_All Cases/LOC-EPD-000001 - 0000708/LOC-EPD-000554.pdf,Doe et al. v. Liberty Healthcare et al/00_All Cases/LOC-EPD-000001 - 0000708,.pdf,1,pdf_parsed,1209,3/18/26,3/18/26,2.16905E+12,No
LOC-EPD-000555.pdf,Doe et al. v. Liberty Healthcare et al/00_All Cases/LOC-EPD-000001 - 0000708/LOC-EPD-000555.pdf,Doe et al. v. Liberty Healthcare et al/00_All Cases/LOC-EPD-000001 - 0000708,.pdf,1,pdf_parsed,724.7,3/18/26,3/18/26,2.16906E+12,No
LOC-EPD-000556.pdf,Doe et al. v. Liberty Healthcare et al/00_All Cases/LOC-EPD-000001 - 0000708/LOC-EPD-000556.pdf,Doe et al. v. Liberty Healthcare et al/00_All Cases/LOC-EPD-000001 - 0000708,.pdf,1,pdf_parsed,658.6,3/18/26,3/18/26,2.16906E+12,No
LOC-EPD-000557.pdf,Doe et al. v. Liberty Healthcare et al/00_All Cases/LOC-EPD-000001 - 0000708/LOC-EPD-000557.pdf,Doe et al. v. Liberty Healthcare et al/00_All Cases/LOC-EPD-000001 - 0000708,.pdf,6,pdf_parsed,1187.9,3/18/26,3/18/26,2.16906E+12,No
LOC-EPD-000563.pdf,Doe et al. v. Liberty Healthcare et al/00_All Cases/LOC-EPD-000001 - 0000708/LOC-EPD-000563.pdf,Doe et al. v. Liberty Healthcare et al/00_All Cases/LOC-EPD-000001 - 0000708,.pdf,7,pdf_parsed,1747.5,3/18/26,3/18/26,2.16906E+12,No
LOC-EPD-000570.pdf,Doe et al. v. Liberty Healthcare et al/00_All Cases/LOC-EPD-000001 - 0000708/LOC-EPD-000570.pdf,Doe et al. v. Liberty Healthcare et al/00_All Cases/LOC-EPD-000001 - 0000708,.pdf,1,pdf_parsed,793.1,3/18/26,3/18/26,2.16906E+12,No
LOC-EPD-000571.pdf,Doe et al. v. Liberty Healthcare et al/00_All Cases/LOC-EPD-000001 - 0000708/LOC-EPD-000571.pdf,Doe et al. v. Liberty Healthcare et al/00_All Cases/LOC-EPD-000001 - 0000708,.pdf,1,pdf_parsed,839.3,3/18/26,3/18/26,2.16906E+12,No
LOC-EPD-000572.pdf,Doe et al. v. Liberty Healthcare et al/00_All Cases/LOC-EPD-000001 - 0000708/LOC-EPD-000572.pdf,Doe et al. v. Liberty Healthcare et al/00_All Cases/LOC-EPD-000001 - 0000708,.pdf,12,pdf_parsed,2938.7,3/18/26,3/18/26,2.16906E+12,No
LOC-EPD-000584.pdf,Doe et al. v. Liberty Healthcare et al/00_All Cases/LOC-EPD-000001 - 0000708/LOC-EPD-000584.pdf,Doe et al. v. Liberty Healthcare et al/00_All Cases/LOC-EPD-000001 - 0000708,.pdf,94,pdf_parsed,59665.2,3/18/26,3/18/26,2.16906E+12,No
LOC-EPD-000678.MP4,Doe et al. v. Liberty Healthcare et al/00_All Cases/LOC-EPD-000001 - 0000708/LOC-EPD-000678.MP4,Doe et al. v. Liberty Healthcare et al/00_All Cases/LOC-EPD-000001 - 0000708,.mp4,N/A,N/A,15031.4,3/18/26,3/18/26,2.16907E+12,No
LOC-EPD-000678.pdf,Doe et al. v. Liberty Healthcare et al/00_All Cases/LOC-EPD-000001 - 0000708/LOC-EPD-000678.pdf,Doe et al. v. Liberty Healthcare et al/00_All Cases/LOC-EPD-000001 - 0000708,.pdf,1,pdf_parsed,2.6,3/18/26,3/18/26,2.16906E+12,No
LOC-EPD-000679.MP4,Doe et al. v. Liberty Healthcare et al/00_All Cases/LOC-EPD-000001 - 0000708/LOC-EPD-000679.MP4,Doe et al. v. Liberty Healthcare et al/00_All Cases/LOC-EPD-000001 - 0000708,.mp4,N/A,N/A,16508.6,3/18/26,3/18/26,2.16906E+12,No
LOC-EPD-000679.pdf,Doe et al. v. Liberty Healthcare et al/00_All Cases/LOC-EPD-000001 - 0000708/LOC-EPD-000679.pdf,Doe et al. v. Liberty Healthcare et al/00_All Cases/LOC-EPD-000001 - 0000708,.pdf,1,pdf_parsed,2.6,3/18/26,3/18/26,2.16906E+12,No
LOC-EPD-000680.pdf,Doe et al. v. Liberty Healthcare et al/00_All Cases/LOC-EPD-000001 - 0000708/LOC-EPD-000680.pdf,Doe et al. v. Liberty Healthcare et al/00_All Cases/LOC-EPD-000001 - 0000708,.pdf,5,pdf_parsed,1226.7,3/18/26,3/18/26,2.16906E+12,No
LOC-EPD-000685.pdf,Doe et al. v. Liberty Healthcare et al/00_All Cases/LOC-EPD-000001 - 0000708/LOC-EPD-000685.pdf,Doe et al. v. Liberty Healthcare et al/00_All Cases/LOC-EPD-000001 - 0000708,.pdf,5,pdf_parsed,1064.5,3/18/26,3/18/26,2.16906E+12,No
LOC-EPD-000690.pdf,Doe et al. v. Liberty Healthcare et al/00_All Cases/LOC-EPD-000001 - 0000708/LOC-EPD-000690.pdf,Doe et al. v. Liberty Healthcare et al/00_All Cases/LOC-EPD-000001 - 0000708,.pdf,1,pdf_parsed,2.6,3/18/26,3/18/26,2.16906E+12,No
LOC-EPD-000690.WAV,Doe et al. v. Liberty Healthcare et al/00_All Cases/LOC-EPD-000001 - 0000708/LOC-EPD-000690.WAV,Doe et al. v. Liberty Healthcare et al/00_All Cases/LOC-EPD-000001 - 0000708,.wav,N/A,N/A,14234.4,3/18/26,3/18/26,2.16906E+12,No
LOC-EPD-000691.pdf,Doe et al. v. Liberty Healthcare et al/00_All Cases/LOC-EPD-000001 - 0000708/LOC-EPD-000691.pdf,Doe et al. v. Liberty Healthcare et al/00_All Cases/LOC-EPD-000001 - 0000708,.pdf,1,pdf_parsed,2.6,3/18/26,3/18/26,2.16906E+12,No
LOC-EPD-000691.WAV,Doe et al. v. Liberty Healthcare et al/00_All Cases/LOC-EPD-000001 - 0000708/LOC-EPD-000691.WAV,Doe et al. v. Liberty Healthcare et al/00_All Cases/LOC-EPD-000001 - 0000708,.wav,N/A,N/A,11484.4,3/18/26,3/18/26,2.16906E+12,No
LOC-EPD-000692.pdf,Doe et al. v. Liberty Healthcare et al/00_All Cases/LOC-EPD-000001 - 0000708/LOC-EPD-000692.pdf,Doe et al. v. Liberty Healthcare et al/00_All Cases/LOC-EPD-000001 - 0000708,.pdf,1,pdf_parsed,2.6,3/18/26,3/18/26,2.16906E+12,No
LOC-EPD-000692.WAV,Doe et al. v. Liberty Healthcare et al/00_All Cases/LOC-EPD-000001 - 0000708/LOC-EPD-000692.WAV,Doe et al. v. Liberty Healthcare et al/00_All Cases/LOC-EPD-000001 - 0000708,.wav,N/A,N/A,4421.9,3/18/26,3/18/26,2.16906E+12,No
LOC-EPD-000693.pdf,Doe et al. v. Liberty Healthcare et al/00_All Cases/LOC-EPD-000001 - 0000708/LOC-EPD-000693.pdf,Doe et al. v. Liberty Healthcare et al/00_All Cases/LOC-EPD-000001 - 0000708,.pdf,1,pdf_parsed,2.6,3/18/26,3/18/26,2.16906E+12,No
LOC-EPD-000693.WAV,Doe et al. v. Liberty Healthcare et al/00_All Cases/LOC-EPD-000001 - 0000708/LOC-EPD-000693.WAV,Doe et al. v. Liberty Healthcare et al/00_All Cases/LOC-EPD-000001 - 0000708,.wav,N/A,N/A,3796.9,3/18/26,3/18/26,2.16906E+12,No
LOC-EPD-000694.pdf,Doe et al. v. Liberty Healthcare et al/00_All Cases/LOC-EPD-000001 - 0000708/LOC-EPD-000694.pdf,Doe et al. v. Liberty Healthcare et al/00_All Cases/LOC-EPD-000001 - 0000708,.pdf,1,pdf_parsed,2.6,3/18/26,3/18/26,2.16906E+12,No
LOC-EPD-000694.WAV,Doe et al. v. Liberty Healthcare et al/00_All Cases/LOC-EPD-000001 - 0000708/LOC-EPD-000694.WAV,Doe et al. v. Liberty Healthcare et al/00_All Cases/LOC-EPD-000001 - 0000708,.wav,N/A,N/A,1515.7,3/18/26,3/18/26,2.16907E+12,No
LOC-EPD-000695.pdf,Doe et al. v. Liberty Healthcare et al/00_All Cases/LOC-EPD-000001 - 0000708/LOC-EPD-000695.pdf,Doe et al. v. Liberty Healthcare et al/00_All Cases/LOC-EPD-000001 - 0000708,.pdf,1,pdf_parsed,2.6,3/18/26,3/18/26,2.16906E+12,No
LOC-EPD-000695.WAV,Doe et al. v. Liberty Healthcare et al/00_All Cases/LOC-EPD-000001 - 0000708/LOC-EPD-000695.WAV,Doe et al. v. Liberty Healthcare et al/00_All Cases/LOC-EPD-000001 - 0000708,.wav,N/A,N/A,5968.8,3/18/26,3/18/26,2.16907E+12,No
LOC-EPD-000696.pdf,Doe et al. v. Liberty Healthcare et al/00_All Cases/LOC-EPD-000001 - 0000708/LOC-EPD-000696.pdf,Doe et al. v. Liberty Healthcare et al/00_All Cases/LOC-EPD-000001 - 0000708,.pdf,1,pdf_parsed,2.6,3/18/26,3/18/26,2.16906E+12,No
LOC-EPD-000696.WAV,Doe et al. v. Liberty Healthcare et al/00_All Cases/LOC-EPD-000001 - 0000708/LOC-EPD-000696.WAV,Doe et al. v. Liberty Healthcare et al/00_All Cases/LOC-EPD-000001 - 0000708,.wav,N/A,N/A,7625,3/18/26,3/18/26,2.16907E+12,No
LOC-EPD-000697.pdf,Doe et al. v. Liberty Healthcare et al/00_All Cases/LOC-EPD-000001 - 0000708/LOC-EPD-000697.pdf,Doe et al. v. Liberty Healthcare et al/00_All Cases/LOC-EPD-000001 - 0000708,.pdf,1,pdf_parsed,2.6,3/18/26,3/18/26,2.16906E+12,No
LOC-EPD-000697.WAV,Doe et al. v. Liberty Healthcare et al/00_All Cases/LOC-EPD-000001 - 0000708/LOC-EPD-000697.WAV,Doe et al. v. Liberty Healthcare et al/00_All Cases/LOC-EPD-000001 - 0000708,.wav,N/A,N/A,8453.2,3/18/26,3/18/26,2.16907E+12,No
LOC-EPD-000698.pdf,Doe et al. v. Liberty Healthcare et al/00_All Cases/LOC-EPD-000001 - 0000708/LOC-EPD-000698.pdf,Doe et al. v. Liberty Healthcare et al/00_All Cases/LOC-EPD-000001 - 0000708,.pdf,1,pdf_parsed,2.6,3/18/26,3/18/26,2.16906E+12,No
LOC-EPD-000698.WAV,Doe et al. v. Liberty Healthcare et al/00_All Cases/LOC-EPD-000001 - 0000708/LOC-EPD-000698.WAV,Doe et al. v. Liberty Healthcare et al/00_All Cases/LOC-EPD-000001 - 0000708,.wav,N/A,N/A,4015.7,3/18/26,3/18/26,2.16906E+12,No
LOC-EPD-000699.pdf,Doe et al. v. Liberty Healthcare et al/00_All Cases/LOC-EPD-000001 - 0000708/LOC-EPD-000699.pdf,Doe et al. v. Liberty Healthcare et al/00_All Cases/LOC-EPD-000001 - 0000708,.pdf,1,pdf_parsed,2.6,3/18/26,3/18/26,2.16906E+12,No
LOC-EPD-000699.WAV,Doe et al. v. Liberty Healthcare et al/00_All Cases/LOC-EPD-000001 - 0000708/LOC-EPD-000699.WAV,Doe et al. v. Liberty Healthcare et al/00_All Cases/LOC-EPD-000001 - 0000708,.wav,N/A,N/A,12328.2,3/18/26,3/18/26,2.16907E+12,No
LOC-EPD-000700.pdf,Doe et al. v. Liberty Healthcare et al/00_All Cases/LOC-EPD-000001 - 0000708/LOC-EPD-000700.pdf,Doe et al. v. Liberty Healthcare et al/00_All Cases/LOC-EPD-000001 - 0000708,.pdf,1,pdf_parsed,2.5,3/18/26,3/18/26,2.16906E+12,No
LOC-EPD-000700.WAV,Doe et al. v. Liberty Healthcare et al/00_All Cases/LOC-EPD-000001 - 0000708/LOC-EPD-000700.WAV,Doe et al. v. Liberty Healthcare et al/00_All Cases/LOC-EPD-000001 - 0000708,.wav,N/A,N/A,4796.9,3/18/26,3/18/26,2.16906E+12,No
LOC-EPD-000701.pdf,Doe et al. v. Liberty Healthcare et al/00_All Cases/LOC-EPD-000001 - 0000708/LOC-EPD-000701.pdf,Doe et al. v. Liberty Healthcare et al/00_All Cases/LOC-EPD-000001 - 0000708,.pdf,1,pdf_parsed,2.5,3/18/26,3/18/26,2.16906E+12,No
LOC-EPD-000701.WAV,Doe et al. v. Liberty Healthcare et al/00_All Cases/LOC-EPD-000001 - 0000708/LOC-EPD-000701.WAV,Doe et al. v. Liberty Healthcare et al/00_All Cases/LOC-EPD-000001 - 0000708,.wav,N/A,N/A,5468.8,3/18/26,3/18/26,2.16907E+12,No
LOC-EPD-000702.pdf,Doe et al. v. Liberty Healthcare et al/00_All Cases/LOC-EPD-000001 - 0000708/LOC-EPD-000702.pdf,Doe et al. v. Liberty Healthcare et al/00_All Cases/LOC-EPD-000001 - 0000708,.pdf,1,pdf_parsed,2.5,3/18/26,3/18/26,2.16906E+12,No
LOC-EPD-000702.WAV,Doe et al. v. Liberty Healthcare et al/00_All Cases/LOC-EPD-000001 - 0000708/LOC-EPD-000702.WAV,Doe et al. v. Liberty Healthcare et al/00_All Cases/LOC-EPD-000001 - 0000708,.wav,N/A,N/A,2171.9,3/18/26,3/18/26,2.16906E+12,No
LOC-EPD-000703.pdf,Doe et al. v. Liberty Healthcare et al/00_All Cases/LOC-EPD-000001 - 0000708/LOC-EPD-000703.pdf,Doe et al. v. Liberty Healthcare et al/00_All Cases/LOC-EPD-000001 - 0000708,.pdf,1,pdf_parsed,2.6,3/18/26,3/18/26,2.16906E+12,No
LOC-EPD-000703.WAV,Doe et al. v. Liberty Healthcare et al/00_All Cases/LOC-EPD-000001 - 0000708/LOC-EPD-000703.WAV,Doe et al. v. Liberty Healthcare et al/00_All Cases/LOC-EPD-000001 - 0000708,.wav,N/A,N/A,2062.5,3/18/26,3/18/26,2.16907E+12,No
LOC-EPD-000704.pdf,Doe et al. v. Liberty Healthcare et al/00_All Cases/LOC-EPD-000001 - 0000708/LOC-EPD-000704.pdf,Doe et al. v. Liberty Healthcare et al/00_All Cases/LOC-EPD-000001 - 0000708,.pdf,1,pdf_parsed,2.5,3/18/26,3/18/26,2.16906E+12,No
LOC-EPD-000704.WAV,Doe et al. v. Liberty Healthcare et al/00_All Cases/LOC-EPD-000001 - 0000708/LOC-EPD-000704.WAV,Doe et al. v. Liberty Healthcare et al/00_All Cases/LOC-EPD-000001 - 0000708,.wav,N/A,N/A,6890.7,3/18/26,3/18/26,2.16906E+12,No
LOC-EPD-000705.pdf,Doe et al. v. Liberty Healthcare et al/00_All Cases/LOC-EPD-000001 - 0000708/LOC-EPD-000705.pdf,Doe et al. v. Liberty Healthcare et al/00_All Cases/LOC-EPD-000001 - 0000708,.pdf,1,pdf_parsed,2.5,3/18/26,3/18/26,2.16906E+12,No
LOC-EPD-000705.WAV,Doe et al. v. Liberty Healthcare et al/00_All Cases/LOC-EPD-000001 - 0000708/LOC-EPD-000705.WAV,Doe et al. v. Liberty Healthcare et al/00_All Cases/LOC-EPD-000001 - 0000708,.wav,N/A,N/A,8125,3/18/26,3/18/26,2.16906E+12,No
LOC-EPD-000706.pdf,Doe et al. v. Liberty Healthcare et al/00_All Cases/LOC-EPD-000001 - 0000708/LOC-EPD-000706.pdf,Doe et al. v. Liberty Healthcare et al/00_All Cases/LOC-EPD-000001 - 0000708,.pdf,1,pdf_parsed,2.6,3/18/26,3/18/26,2.16906E+12,No
LOC-EPD-000706.WAV,Doe et al. v. Liberty Healthcare et al/00_All Cases/LOC-EPD-000001 - 0000708/LOC-EPD-000706.WAV,Doe et al. v. Liberty Healthcare et al/00_All Cases/LOC-EPD-000001 - 0000708,.wav,N/A,N/A,6937.5,3/18/26,3/18/26,2.16906E+12,No
LOC-EPD-000707.pdf,Doe et al. v. Liberty Healthcare et al/00_All Cases/LOC-EPD-000001 - 0000708/LOC-EPD-000707.pdf,Doe et al. v. Liberty Healthcare et al/00_All Cases/LOC-EPD-000001 - 0000708,.pdf,1,pdf_parsed,5.7,3/18/26,3/18/26,2.16906E+12,No
LOC-EPD-000708.MP4,Doe et al. v. Liberty Healthcare et al/00_All Cases/LOC-EPD-000001 - 0000708/LOC-EPD-000708.MP4,Doe et al. v. Liberty Healthcare et al/00_All Cases/LOC-EPD-000001 - 0000708,.mp4,N/A,N/A,1021968.6,3/18/26,3/18/26,2.16907E+12,No
LOC-EPD-000708.pdf,Doe et al. v. Liberty Healthcare et al/00_All Cases/LOC-EPD-000001 - 0000708/LOC-EPD-000708.pdf,Doe et al. v. Liberty Healthcare et al/00_All Cases/LOC-EPD-000001 - 0000708,.pdf,1,pdf_parsed,2.6,3/18/26,3/18/26,2.16907E+12,No
OCA-CJ-23-6934_00010.pdf,Doe et al. v. Liberty Healthcare et al/09b_Robert Alba (John Doe 9B)/OCA-CJ-23-6934_00010.pdf,Doe et al. v. Liberty Healthcare et al/09b_Robert Alba (John Doe 9B),.pdf,11,pdf_parsed,704,3/18/26,3/18/26,2.16906E+12,No
OCA-CJ-23-6934_00021.pdf,Doe et al. v. Liberty Healthcare et al/09b_Robert Alba (John Doe 9B)/OCA-CJ-23-6934_00021.pdf,Doe et al. v. Liberty Healthcare et al/09b_Robert Alba (John Doe 9B),.pdf,1,pdf_parsed,2.2,3/18/26,3/18/26,2.16906E+12,No
OCA-CJ-23-6934_00022.pdf,Doe et al. v. Liberty Healthcare et al/09b_Robert Alba (John Doe 9B)/OCA-CJ-23-6934_00022.pdf,Doe et al. v. Liberty Healthcare et al/09b_Robert Alba (John Doe 9B),.pdf,11,pdf_parsed,704.2,3/18/26,3/18/26,2.16905E+12,No
OCA-CJ-23-6934_00033.pdf,Doe et al. v. Liberty Healthcare et al/09b_Robert Alba (John Doe 9B)/OCA-CJ-23-6934_00033.pdf,Doe et al. v. Liberty Healthcare et al/09b_Robert Alba (John Doe 9B),.pdf,1,pdf_parsed,722.5,3/18/26,3/18/26,2.16906E+12,No
OCA-CJ-23-6934_00034.pdf,Doe et al. v. Liberty Healthcare et al/09b_Robert Alba (John Doe 9B)/OCA-CJ-23-6934_00034.pdf,Doe et al. v. Liberty Healthcare et al/09b_Robert Alba (John Doe 9B),.pdf,2,pdf_parsed,784.7,3/18/26,3/18/26,2.16905E+12,No
OCA-CJ-23-6934_00036.pdf,Doe et al. v. Liberty Healthcare et al/09b_Robert Alba (John Doe 9B)/OCA-CJ-23-6934_00036.pdf,Doe et al. v. Liberty Healthcare et al/09b_Robert Alba (John Doe 9B),.pdf,1,pdf_parsed,153.4,3/18/26,3/18/26,2.16906E+12,No
OCA-CJ-23-6934_00037.pdf,Doe et al. v. Liberty Healthcare et al/09b_Robert Alba (John Doe 9B)/OCA-CJ-23-6934_00037.pdf,Doe et al. v. Liberty Healthcare et al/09b_Robert Alba (John Doe 9B),.pdf,1,pdf_parsed,153.4,3/18/26,3/18/26,2.16906E+12,No
OCA-CJ-23-6934_00038.pdf,Doe et al. v. Liberty Healthcare et al/09b_Robert Alba (John Doe 9B)/OCA-CJ-23-6934_00038.pdf,Doe et al. v. Liberty Healthcare et al/09b_Robert Alba (John Doe 9B),.pdf,1,pdf_parsed,153.3,3/18/26,3/18/26,2.16906E+12,No
OCA-CJ-23-6934_00039.pdf,Doe et al. v. Liberty Healthcare et al/09b_Robert Alba (John Doe 9B)/OCA-CJ-23-6934_00039.pdf,Doe et al. v. Liberty Healthcare et al/09b_Robert Alba (John Doe 9B),.pdf,1,pdf_parsed,154.1,3/18/26,3/18/26,2.16905E+12,No
OCA-CJ-23-6934_00040.pdf,Doe et al. v. Liberty Healthcare et al/09b_Robert Alba (John Doe 9B)/OCA-CJ-23-6934_00040.pdf,Doe et al. v. Liberty Healthcare et al/09b_Robert Alba (John Doe 9B),.pdf,11,pdf_parsed,704.1,3/18/26,3/18/26,2.16906E+12,No
OCA-CJ-23-6934_00051.pdf,Doe et al. v. Liberty Healthcare et al/09b_Robert Alba (John Doe 9B)/OCA-CJ-23-6934_00051.pdf,Doe et al. v. Liberty Healthcare et al/09b_Robert Alba (John Doe 9B),.pdf,1,pdf_parsed,2.2,3/18/26,3/18/26,2.16906E+12,No
OCA-CJ-23-6934_00052.pdf,Doe et al. v. Liberty Healthcare et al/09b_Robert Alba (John Doe 9B)/OCA-CJ-23-6934_00052.pdf,Doe et al. v. Liberty Healthcare et al/09b_Robert Alba (John Doe 9B),.pdf,11,pdf_parsed,704.2,3/18/26,3/18/26,2.16906E+12,No
OCA-CJ-23-6934_00063.pdf,Doe et al. v. Liberty Healthcare et al/09b_Robert Alba (John Doe 9B)/OCA-CJ-23-6934_00063.pdf,Doe et al. v. Liberty Healthcare et al/09b_Robert Alba (John Doe 9B),.pdf,3,pdf_parsed,86.2,3/18/26,3/18/26,2.16906E+12,No
OCA-CJ-23-6934_00066.pdf,Doe et al. v. Liberty Healthcare et al/09b_Robert Alba (John Doe 9B)/OCA-CJ-23-6934_00066.pdf,Doe et al. v. Liberty Healthcare et al/09b_Robert Alba (John Doe 9B),.pdf,3,pdf_parsed,86.8,3/18/26,3/18/26,2.16905E+12,No
OCA-CJ-23-6934_00069.pdf,Doe et al. v. Liberty Healthcare et al/09b_Robert Alba (John Doe 9B)/OCA-CJ-23-6934_00069.pdf,Doe et al. v. Liberty Healthcare et al/09b_Robert Alba (John Doe 9B),.pdf,33,pdf_parsed,6780.1,3/18/26,3/18/26,2.16905E+12,No
OCA-CJ-23-6934_00102.pdf,Doe et al. v. Liberty Healthcare et al/09b_Robert Alba (John Doe 9B)/OCA-CJ-23-6934_00102.pdf,Doe et al. v. Liberty Healthcare et al/09b_Robert Alba (John Doe 9B),.pdf,4,pdf_parsed,166.1,3/18/26,3/18/26,2.16906E+12,No
OCA-CJ-23-6934_00106.pdf,Doe et al. v. Liberty Healthcare et al/09b_Robert Alba (John Doe 9B)/OCA-CJ-23-6934_00106.pdf,Doe et al. v. Liberty Healthcare et al/09b_Robert Alba (John Doe 9B),.pdf,3,pdf_parsed,154.9,3/18/26,3/18/26,2.16906E+12,No
OCA-CJ-23-6934_00109.pdf,Doe et al. v. Liberty Healthcare et al/09b_Robert Alba (John Doe 9B)/OCA-CJ-23-6934_00109.pdf,Doe et al. v. Liberty Healthcare et al/09b_Robert Alba (John Doe 9B),.pdf,4,pdf_parsed,176.7,3/18/26,3/18/26,2.16905E+12,No
OCA-CJ-23-6934_00113.pdf,Doe et al. v. Liberty Healthcare et al/09b_Robert Alba (John Doe 9B)/OCA-CJ-23-6934_00113.pdf,Doe et al. v. Liberty Healthcare et al/09b_Robert Alba (John Doe 9B),.pdf,3,pdf_parsed,84.3,3/18/26,3/18/26,2.16905E+12,No
OCA-CJ-23-6934_00116.pdf,Doe et al. v. Liberty Healthcare et al/09b_Robert Alba (John Doe 9B)/OCA-CJ-23-6934_00116.pdf,Doe et al. v. Liberty Healthcare et al/09b_Robert Alba (John Doe 9B),.pdf,2,pdf_parsed,82.9,3/18/26,3/18/26,2.16906E+12,No
OCA-CJ-23-6934_00118.pdf,Doe et al. v. Liberty Healthcare et al/09b_Robert Alba (John Doe 9B)/OCA-CJ-23-6934_00118.pdf,Doe et al. v. Liberty Healthcare et al/09b_Robert Alba (John Doe 9B),.pdf,34,pdf_parsed,12010.8,3/18/26,3/18/26,2.16906E+12,No
OCA-CJ-23-6934_00152.pdf,Doe et al. v. Liberty Healthcare et al/09b_Robert Alba (John Doe 9B)/OCA-CJ-23-6934_00152.pdf,Doe et al. v. Liberty Healthcare et al/09b_Robert Alba (John Doe 9B),.pdf,2,pdf_parsed,78.8,3/18/26,3/18/26,2.16905E+12,No
OCA-CJ-23-6934_00154.pdf,Doe et al. v. Liberty Healthcare et al/09b_Robert Alba (John Doe 9B)/OCA-CJ-23-6934_00154.pdf,Doe et al. v. Liberty Healthcare et al/09b_Robert Alba (John Doe 9B),.pdf,2,pdf_parsed,79.1,3/18/26,3/18/26,2.16906E+12,No
OCA-CJ-23-6934_00156.pdf,Doe et al. v. Liberty Healthcare et al/09b_Robert Alba (John Doe 9B)/OCA-CJ-23-6934_00156.pdf,Doe et al. v. Liberty Healthcare et al/09b_Robert Alba (John Doe 9B),.pdf,2,pdf_parsed,85.6,3/18/26,3/18/26,2.16906E+12,No
OCA-CJ-23-6934_00158.pdf,Doe et al. v. Liberty Healthcare et al/09b_Robert Alba (John Doe 9B)/OCA-CJ-23-6934_00158.pdf,Doe et al. v. Liberty Healthcare et al/09b_Robert Alba (John Doe 9B),.pdf,29,pdf_parsed,7198.9,3/18/26,3/18/26,2.16906E+12,No
OCA-CJ-23-6934_00187.pdf,Doe et al. v. Liberty Healthcare et al/09b_Robert Alba (John Doe 9B)/OCA-CJ-23-6934_00187.pdf,Doe et al. v. Liberty Healthcare et al/09b_Robert Alba (John Doe 9B),.pdf,99,pdf_parsed,105557.4,3/18/26,3/18/26,2.16906E+12,No
OCA-CJ-23-6934_00286.pdf,Doe et al. v. Liberty Healthcare et al/09b_Robert Alba (John Doe 9B)/OCA-CJ-23-6934_00286.pdf,Doe et al. v. Liberty Healthcare et al/09b_Robert Alba (John Doe 9B),.pdf,4,pdf_parsed,175.1,3/18/26,3/18/26,2.16906E+12,No
OCA-CJ-23-6934_00290.pdf,Doe et al. v. Liberty Healthcare et al/09b_Robert Alba (John Doe 9B)/OCA-CJ-23-6934_00290.pdf,Doe et al. v. Liberty Healthcare et al/09b_Robert Alba (John Doe 9B),.pdf,3,pdf_parsed,82,3/18/26,3/18/26,2.16906E+12,No
OCA-CJ-23-6934_00293.pdf,Doe et al. v. Liberty Healthcare et al/09b_Robert Alba (John Doe 9B)/OCA-CJ-23-6934_00293.pdf,Doe et al. v. Liberty Healthcare et al/09b_Robert Alba (John Doe 9B),.pdf,3,pdf_parsed,82.1,3/18/26,3/18/26,2.16905E+12,No
OCA-CJ-23-6934_00296.pdf,Doe et al. v. Liberty Healthcare et al/09b_Robert Alba (John Doe 9B)/OCA-CJ-23-6934_00296.pdf,Doe et al. v. Liberty Healthcare et al/09b_Robert Alba (John Doe 9B),.pdf,4,pdf_parsed,176.5,3/18/26,3/18/26,2.16905E+12,No
OCA-CJ-23-6934_00300.pdf,Doe et al. v. Liberty Healthcare et al/09b_Robert Alba (John Doe 9B)/OCA-CJ-23-6934_00300.pdf,Doe et al. v. Liberty Healthcare et al/09b_Robert Alba (John Doe 9B),.pdf,3,pdf_parsed,81.7,3/18/26,3/18/26,2.16906E+12,No
OCA-CJ-23-6934_00303.pdf,Doe et al. v. Liberty Healthcare et al/09b_Robert Alba (John Doe 9B)/OCA-CJ-23-6934_00303.pdf,Doe et al. v. Liberty Healthcare et al/09b_Robert Alba (John Doe 9B),.pdf,3,pdf_parsed,138,3/18/26,3/18/26,2.16905E+12,No
OCA-CJ-23-6934_00306.pdf,Doe et al. v. Liberty Healthcare et al/09b_Robert Alba (John Doe 9B)/OCA-CJ-23-6934_00306.pdf,Doe et al. v. Liberty Healthcare et al/09b_Robert Alba (John Doe 9B),.pdf,4,pdf_parsed,176.4,3/18/26,3/18/26,2.16906E+12,No
OCA-CJ-23-6934_00310.pdf,Doe et al. v. Liberty Healthcare et al/09b_Robert Alba (John Doe 9B)/OCA-CJ-23-6934_00310.pdf,Doe et al. v. Liberty Healthcare et al/09b_Robert Alba (John Doe 9B),.pdf,3,pdf_parsed,87.3,3/18/26,3/18/26,2.16905E+12,No
OCA-CJ-23-6934_00313.pdf,Doe et al. v. Liberty Healthcare et al/09b_Robert Alba (John Doe 9B)/OCA-CJ-23-6934_00313.pdf,Doe et al. v. Liberty Healthcare et al/09b_Robert Alba (John Doe 9B),.pdf,3,pdf_parsed,87.9,3/18/26,3/18/26,2.16906E+12,No
OCA-CJ-23-6934_00316.pdf,Doe et al. v. Liberty Healthcare et al/09b_Robert Alba (John Doe 9B)/OCA-CJ-23-6934_00316.pdf,Doe et al. v. Liberty Healthcare et al/09b_Robert Alba (John Doe 9B),.pdf,33,pdf_parsed,4639.7,3/18/26,3/18/26,2.16906E+12,No
OCA-CJ-23-6934_00349.pdf,Doe et al. v. Liberty Healthcare et al/09b_Robert Alba (John Doe 9B)/OCA-CJ-23-6934_00349.pdf,Doe et al. v. Liberty Healthcare et al/09b_Robert Alba (John Doe 9B),.pdf,4,pdf_parsed,165.8,3/18/26,3/18/26,2.16906E+12,No
OCA-CJ-23-6934_00353.pdf,Doe et al. v. Liberty Healthcare et al/09b_Robert Alba (John Doe 9B)/OCA-CJ-23-6934_00353.pdf,Doe et al. v. Liberty Healthcare et al/09b_Robert Alba (John Doe 9B),.pdf,3,pdf_parsed,154.6,3/18/26,3/18/26,2.16906E+12,No
OCA-CJ-23-6934_00356.pdf,Doe et al. v. Liberty Healthcare et al/09b_Robert Alba (John Doe 9B)/OCA-CJ-23-6934_00356.pdf,Doe et al. v. Liberty Healthcare et al/09b_Robert Alba (John Doe 9B),.pdf,4,pdf_parsed,176.4,3/18/26,3/18/26,2.16906E+12,No
OCA-CJ-23-6934_00360.pdf,Doe et al. v. Liberty Healthcare et al/09b_Robert Alba (John Doe 9B)/OCA-CJ-23-6934_00360.pdf,Doe et al. v. Liberty Healthcare et al/09b_Robert Alba (John Doe 9B),.pdf,3,pdf_parsed,84.4,3/18/26,3/18/26,2.16906E+12,No
OCA-CJ-23-6934_00363.pdf,Doe et al. v. Liberty Healthcare et al/09b_Robert Alba (John Doe 9B)/OCA-CJ-23-6934_00363.pdf,Doe et al. v. Liberty Healthcare et al/09b_Robert Alba (John Doe 9B),.pdf,2,pdf_parsed,83,3/18/26,3/18/26,2.16906E+12,No
OCA-CJ-23-6934_00365.pdf,Doe et al. v. Liberty Healthcare et al/09b_Robert Alba (John Doe 9B)/OCA-CJ-23-6934_00365.pdf,Doe et al. v. Liberty Healthcare et al/09b_Robert Alba (John Doe 9B),.pdf,34,pdf_parsed,6509.9,3/18/26,3/18/26,2.16905E+12,No
OCA-CJ-23-6934_00399.pdf,Doe et al. v. Liberty Healthcare et al/09b_Robert Alba (John Doe 9B)/OCA-CJ-23-6934_00399.pdf,Doe et al. v. Liberty Healthcare et al/09b_Robert Alba (John Doe 9B),.pdf,2,pdf_parsed,78.8,3/18/26,3/18/26,2.16906E+12,No
OCA-CJ-23-6934_00401.pdf,Doe et al. v. Liberty Healthcare et al/09b_Robert Alba (John Doe 9B)/OCA-CJ-23-6934_00401.pdf,Doe et al. v. Liberty Healthcare et al/09b_Robert Alba (John Doe 9B),.pdf,2,pdf_parsed,79.1,3/18/26,3/18/26,2.16906E+12,No
OCA-CJ-23-6934_00403.pdf,Doe et al. v. Liberty Healthcare et al/09b_Robert Alba (John Doe 9B)/OCA-CJ-23-6934_00403.pdf,Doe et al. v. Liberty Healthcare et al/09b_Robert Alba (John Doe 9B),.pdf,2,pdf_parsed,85.6,3/18/26,3/18/26,2.16905E+12,No
OCA-CJ-23-6934_00405.pdf,Doe et al. v. Liberty Healthcare et al/09b_Robert Alba (John Doe 9B)/OCA-CJ-23-6934_00405.pdf,Doe et al. v. Liberty Healthcare et al/09b_Robert Alba (John Doe 9B),.pdf,29,pdf_parsed,5476.7,3/18/26,3/18/26,2.16905E+12,No
OCA-CJ-23-6934_00434.pdf,Doe et al. v. Liberty Healthcare et al/09b_Robert Alba (John Doe 9B)/OCA-CJ-23-6934_00434.pdf,Doe et al. v. Liberty Healthcare et al/09b_Robert Alba (John Doe 9B),.pdf,99,pdf_parsed,119899.4,3/18/26,3/18/26,2.16906E+12,No
OCA-CJ-23-6934_00533.pdf,Doe et al. v. Liberty Healthcare et al/09b_Robert Alba (John Doe 9B)/OCA-CJ-23-6934_00533.pdf,Doe et al. v. Liberty Healthcare et al/09b_Robert Alba (John Doe 9B),.pdf,4,pdf_parsed,174.7,3/18/26,3/18/26,2.16905E+12,No
OCA-CJ-23-6934_00537.pdf,Doe et al. v. Liberty Healthcare et al/09b_Robert Alba (John Doe 9B)/OCA-CJ-23-6934_00537.pdf,Doe et al. v. Liberty Healthcare et al/09b_Robert Alba (John Doe 9B),.pdf,3,pdf_parsed,82,3/18/26,3/18/26,2.16906E+12,No
OCA-CJ-23-6934_00540.pdf,Doe et al. v. Liberty Healthcare et al/09b_Robert Alba (John Doe 9B)/OCA-CJ-23-6934_00540.pdf,Doe et al. v. Liberty Healthcare et al/09b_Robert Alba (John Doe 9B),.pdf,3,pdf_parsed,82,3/18/26,3/18/26,2.16905E+12,No
OCA-CJ-23-6934_00543.pdf,Doe et al. v. Liberty Healthcare et al/09b_Robert Alba (John Doe 9B)/OCA-CJ-23-6934_00543.pdf,Doe et al. v. Liberty Healthcare et al/09b_Robert Alba (John Doe 9B),.pdf,4,pdf_parsed,176,3/18/26,3/18/26,2.16905E+12,No
OCA-CJ-23-6934_00547.pdf,Doe et al. v. Liberty Healthcare et al/09b_Robert Alba (John Doe 9B)/OCA-CJ-23-6934_00547.pdf,Doe et al. v. Liberty Healthcare et al/09b_Robert Alba (John Doe 9B),.pdf,3,pdf_parsed,81.6,3/18/26,3/18/26,2.16906E+12,No
OCA-CJ-23-6934_00550.pdf,Doe et al. v. Liberty Healthcare et al/09b_Robert Alba (John Doe 9B)/OCA-CJ-23-6934_00550.pdf,Doe et al. v. Liberty Healthcare et al/09b_Robert Alba (John Doe 9B),.pdf,3,pdf_parsed,137.8,3/18/26,3/18/26,2.16906E+12,No
OCA-CJ-23-6934_00553.pdf,Doe et al. v. Liberty Healthcare et al/09b_Robert Alba (John Doe 9B)/OCA-CJ-23-6934_00553.pdf,Doe et al. v. Liberty Healthcare et al/09b_Robert Alba (John Doe 9B),.pdf,4,pdf_parsed,176,3/18/26,3/18/26,2.16906E+12,No
OCA-CJ-23-6934_00557.pdf.PDF,Doe et al. v. Liberty Healthcare et al/03b_Theodore Clark (JD3B)/OCA-CJ-23-6934_00557.pdf.PDF,Doe et al. v. Liberty Healthcare et al/03b_Theodore Clark (JD3B),.pdf,2,pdf_parsed,75.9,3/18/26,3/18/26,2.16906E+12,No
PLTFS JOINT PROD 000292.PDF,Doe et al. v. Liberty Healthcare et al/00_All Cases/PLTFS JOINT PROD/PLTFS JOINT PROD 000292.PDF,Doe et al. v. Liberty Healthcare et al/00_All Cases/PLTFS JOINT PROD,.pdf,556,pdf_parsed,93439.3,3/18/26,3/18/26,2.16906E+12,Yes
PLTFS JOINT PROD 000292.PDF,Doe et al. v. Liberty Healthcare et al/04b_Caitlin Spradling (Jane Doe 4B)/PLTFS JOINT PROD 000292.PDF,Doe et al. v. Liberty Healthcare et al/04b_Caitlin Spradling (Jane Doe 4B),.pdf,556,pdf_parsed,93439.3,3/18/26,3/18/26,2.1691E+12,Yes
PLTFS JOINT PROD 000848.PDF,Doe et al. v. Liberty Healthcare et al/00_All Cases/PLTFS JOINT PROD/PLTFS JOINT PROD 000848.PDF,Doe et al. v. Liberty Healthcare et al/00_All Cases/PLTFS JOINT PROD,.pdf,639,pdf_parsed,39766,3/18/26,3/18/26,2.16906E+12,No
PLTFS JOINT PROD 001487.PDF,Doe et al. v. Liberty Healthcare et al/00_All Cases/PLTFS JOINT PROD/PLTFS JOINT PROD 001487.PDF,Doe et al. v. Liberty Healthcare et al/00_All Cases/PLTFS JOINT PROD,.pdf,671,pdf_parsed,75208.2,3/18/26,3/18/26,2.16907E+12,No
PLTFS JOINT PROD 002158.PDF,Doe et al. v. Liberty Healthcare et al/00_All Cases/PLTFS JOINT PROD/PLTFS JOINT PROD 002158.PDF,Doe et al. v. Liberty Healthcare et al/00_All Cases/PLTFS JOINT PROD,.pdf,24,pdf_parsed,989.5,3/18/26,3/18/26,2.16906E+12,No
PLTFS JOINT PROD 002182.PDF,Doe et al. v. Liberty Healthcare et al/00_All Cases/PLTFS JOINT PROD/PLTFS JOINT PROD 002182.PDF,Doe et al. v. Liberty Healthcare et al/00_All Cases/PLTFS JOINT PROD,.pdf,89,pdf_parsed,10064.5,3/18/26,3/18/26,2.16906E+12,No
PLTFS JOINT PROD 002271.PDF,Doe et al. v. Liberty Healthcare et al/00_All Cases/PLTFS JOINT PROD/PLTFS JOINT PROD 002271.PDF,Doe et al. v. Liberty Healthcare et al/00_All Cases/PLTFS JOINT PROD,.pdf,278,pdf_parsed,32560.2,3/18/26,3/18/26,2.16906E+12,No
Thumbs.db,Doe et al. v. Liberty Healthcare et al/00_All Cases/EPD1-4489/-2023-9385/2023-9385 (Owens)/Injury Pictures/Matthew Owens Injuries/08-31/Thumbs.db,Doe et al. v. Liberty Healthcare et al/00_All Cases/EPD1-4489/-2023-9385/2023-9385 (Owens)/Injury Pictures/Matthew Owens Injuries/08-31,.db,N/A,N/A,69,3/18/26,3/18/26,2.16912E+12,No
